﻿KM,KM+M,lat,lon,H3_Res_8,H3_Res_9,H3_Res_10,H3_Res_11,location_name,marea,mcenter,memo
-3,-3,25.052639,121.6038,884ba0a49bfffff,894ba0a49b3ffff,8a4ba0a49b1ffff,8b4ba0a49b1cfff,1(高鐵南港隧道)**,行動北區營運處,台北營運中心,站體
-2,-2,25.051325,121.5939,884ba0a499fffff,894ba0a499bffff,8a4ba0a499affff,8b4ba0a499aefff,1(高鐵南港隧道)**,行動北區營運處,台北營運中心,
-1,-1,25.049738,121.5842,884ba0a4d7fffff,894ba0a4d7bffff,8a4ba0a4d797fff,8b4ba0a4d792fff,2(高鐵南港隧道)**,行動北區營運處,台北營運中心,
0,0+000.0,25.049144,121.5744,884ba0a489fffff,894ba0a4897ffff,8a4ba0a48977fff,8b4ba0a48975fff,2(高鐵南港隧道)**,行動北區營運處,台北營運中心,
1,1+000.0,25.047826,121.565,884ba0a4c7fffff,894ba0a4c73ffff,8a4ba0a4c70ffff,8b4ba0a4c708fff,3(高鐵南港隧道)**,行動北區營運處,台北營運中心,
2,2+000.0,25.044613,121.5553,884ba0a4c5fffff,894ba0a4c4bffff,8a4ba0a4c4a7fff,8b4ba0a4c4a4fff,3(高鐵南港隧道)**,行動北區營運處,台北營運中心,
3,3+000.0,25.045011,121.5454,884ba0a413fffff,894ba0a413bffff,8a4ba0a4139ffff,8b4ba0a41391fff,4(高鐵南港隧道)**,行動北區營運處,台北營運中心,
4,4+000.0,25.044776,121.5354,884ba0a415fffff,894ba0a4157ffff,8a4ba0a41567fff,8b4ba0a41565fff,4(高鐵南港隧道)**,行動北區營運處,台北營運中心,
5,5+000.0,25.045981,121.5265,884ba0a40bfffff,894ba0a40afffff,8a4ba0a40acffff,8b4ba0a40acdfff,5(高鐵台板隧道)**,行動北區營運處,台北營運中心,站體
6,6+000.0,25.047551,121.5166,884ba0a409fffff,894ba0a4087ffff,8a4ba0a40857fff,8b4ba0a40852fff,5(高鐵台板隧道)**,行動北區營運處,台北營運中心,
7,7+000.0,25.044419,121.5087,884ba0a40dfffff,894ba0a40d7ffff,8a4ba0a40d77fff,8b4ba0a40d70fff,6(高鐵台板隧道)**,行動北區營運處,台北營運中心,
8,8+000.0,25.0363,121.5067,884ba0a463fffff,894ba0a4627ffff,8a4ba0a46247fff,8b4ba0a46263fff,6(高鐵台板隧道)**,行動北區營運處,台北營運中心,
9,9+000.0,25.033619,121.4987,884ba0a461fffff,894ba0a463bffff,8a4ba0a460cffff,8b4ba0a463b2fff,7(高鐵台板隧道)**,行動北區營運處,台北營運中心,
10,10+000.0,25.028231,121.4898,884ba0a465fffff,894ba0a4643ffff,8a4ba0a4641ffff,8b4ba0a4641cfff,7(高鐵台板隧道)**,行動北區營運處,台北營運中心,
11,11+000.0,25.025552,121.4809,884ba0a733fffff,894ba0a732bffff,8a4ba0a7329ffff,8b4ba0a73299fff,8(高鐵台板隧道)**,行動北區營運處,新北營運中心,
12,12+000.0,25.019709,121.4729,884ba0a737fffff,894ba0a736bffff,8a4ba0a736b7fff,8b4ba0a736b6fff,8(高鐵台板隧道)**,行動北區營運處,新北營運中心,
13,13+000.0,25.014316,121.4655,884ba0a549fffff,894ba0a54bbffff,8a4ba0a548cffff,8b4ba0a548c9fff,9(高鐵板橋隧道)**,行動北區營運處,新北營運中心,站體
14,14+000.0,25.007568,121.458,884ba0a54dfffff,894ba0a54cfffff,8a4ba0a54cc7fff,8b4ba0a54cc2fff,9(高鐵板橋隧道)**,行動北區營運處,新北營運中心,
14,14+200.0,25.006223,121.4574,884ba0a545fffff,894ba0a5453ffff,8a4ba0a54527fff,8b4ba0a54521fff,9(高鐵板橋隧道)**,行動北區營運處,新北營運中心,
14,14+300.0,25.005517,121.4568,884ba0a545fffff,894ba0a5453ffff,8a4ba0a54527fff,8b4ba0a54522fff,9(高鐵板橋隧道)**,行動北區營運處,新北營運中心,
14,14+319.5,25.005379,121.4567,884ba0a545fffff,894ba0a5453ffff,8a4ba0a54507fff,8b4ba0a54504fff,9(高鐵板橋隧道)**,行動北區營運處,新北營運中心,
14,14+400.0,25.004821,121.4562,884ba0a545fffff,894ba0a5453ffff,8a4ba0a54537fff,8b4ba0a54533fff,9(高鐵板橋隧道)**,行動北區營運處,新北營運中心,
14,14+419.5,25.004696,121.456,884ba0a545fffff,894ba0a5453ffff,8a4ba0a54537fff,8b4ba0a54532fff,9(高鐵板橋隧道)**,行動北區營運處,新北營運中心,
14,14+500.0,25.004244,121.4554,884ba0a545fffff,894ba0a0927ffff,8a4ba0a0924ffff,8b4ba0a09248fff,9(高鐵板橋隧道)**,行動北區營運處,新北營運中心,
14,14+600.0,25.003856,121.4545,884ba0a093fffff,894ba0a0927ffff,8a4ba0a09247fff,8b4ba0a09243fff,9(高鐵板橋隧道)**,行動北區營運處,新北營運中心,
14,14+700.0,25.00368,121.4536,884ba0a093fffff,894ba0a0927ffff,8a4ba0a09257fff,8b4ba0a09255fff,9(高鐵板橋隧道)**,行動北區營運處,新北營運中心,
14,14+702.9,25.003678,121.4535,884ba0a093fffff,894ba0a0927ffff,8a4ba0a09257fff,8b4ba0a09255fff,9(高鐵板橋隧道)**,行動北區營運處,新北營運中心,
14,14+800.0,25.003698,121.4526,884ba0a093fffff,894ba0a0927ffff,8a4ba0a09277fff,8b4ba0a09272fff,9(高鐵板橋隧道)**,行動北區營運處,新北營運中心,
14,14+802.9,25.0037,121.4525,884ba0a093fffff,894ba0a0927ffff,8a4ba0a0920ffff,8b4ba0a09272fff,9(高鐵板橋隧道)**,行動北區營運處,新北營運中心,
14,14+900.0,25.003753,121.4516,884ba0a093fffff,894ba0a0923ffff,8a4ba0a0922ffff,8b4ba0a0920cfff,9(高鐵板橋隧道)**,行動北區營運處,新北營運中心,
15,15+000.0,25.003809,121.4506,884ba0a093fffff,894ba0a0923ffff,8a4ba0a09207fff,8b4ba0a09204fff,10(高鐵板橋隧道)**,行動北區營運處,新北營運中心,
15,15+100.0,25.003864,121.4496,884ba0a093fffff,894ba0a0923ffff,8a4ba0a09237fff,8b4ba0a09235fff,10(高鐵板橋隧道)**,行動北區營運處,新北營運中心,
15,15+200.0,25.00392,121.4486,884ba0a093fffff,894ba0a0933ffff,8a4ba0a093affff,8b4ba0a093adfff,10(高鐵板橋隧道)**,行動北區營運處,新北營運中心,
15,15+300.0,25.003975,121.4476,884ba0a093fffff,894ba0a093bffff,8a4ba0a09317fff,8b4ba0a09312fff,10(高鐵板橋隧道)**,行動北區營運處,新北營運中心,
15,15+400.0,25.00403,121.4466,884ba0a093fffff,894ba0a0907ffff,8a4ba0a0904ffff,8b4ba0a0904afff,10(高鐵板橋隧道)**,行動北區營運處,新北營運中心,
15,15+500.0,25.004086,121.4457,884ba0a091fffff,894ba0a0907ffff,8a4ba0a09047fff,8b4ba0a09043fff,10(高鐵板橋隧道)**,行動北區營運處,新北營運中心,
15,15+600.0,25.00414,121.4447,884ba0a091fffff,894ba0a0907ffff,8a4ba0a09057fff,8b4ba0a09055fff,10(高鐵板橋隧道)**,行動北區營運處,新北營運中心,
15,15+700.0,25.004195,121.4437,884ba0a091fffff,894ba0a0903ffff,8a4ba0a0900ffff,8b4ba0a0900dfff,10(高鐵板橋隧道)**,行動北區營運處,新北營運中心,
15,15+800.0,25.004251,121.4427,884ba0a091fffff,894ba0a0903ffff,8a4ba0a0902ffff,8b4ba0a0902afff,10(高鐵板橋隧道)**,行動北區營運處,新北營運中心,
15,15+900.0,25.004306,121.4417,884ba0a091fffff,894ba0a0903ffff,8a4ba0a09027fff,8b4ba0a09022fff,10(高鐵板橋隧道)**,行動北區營運處,新北營運中心,
16,16+000.0,25.004361,121.4407,884ba0a091fffff,894ba0a0913ffff,8a4ba0a0911ffff,8b4ba0a0911bfff,10(高鐵板橋隧道)**,行動北區營運處,新北營運中心,
16,16+100.0,25.004416,121.4397,884ba0a091fffff,894ba0a0913ffff,8a4ba0a09117fff,8b4ba0a09113fff,10(高鐵板橋隧道)**,行動北區營運處,新北營運中心,
16,16+200.0,25.004472,121.4387,884ba0a091fffff,894ba0a0913ffff,8a4ba0a09117fff,8b4ba0a09116fff,10(高鐵板橋隧道)**,行動北區營運處,新北營運中心,
16,16+261.5,25.004506,121.4381,884ba0a091fffff,894ba0a09c7ffff,8a4ba0a09c4ffff,8b4ba0a09c4afff,10(高鐵板橋隧道)**,行動北區營運處,新北營運中心,
16,16+300.0,25.004527,121.4377,884ba0a09dfffff,894ba0a09c7ffff,8a4ba0a09c4ffff,8b4ba0a09c4efff,10(高鐵板橋隧道)**,行動北區營運處,新北營運中心,
16,16+400.0,25.004577,121.4368,884ba0a09dfffff,894ba0a09c7ffff,8a4ba0a09c47fff,8b4ba0a09c42fff,10(浮洲出土段)**,行動北區營運處,新北營運中心,
16,16+500.0,25.004601,121.4358,884ba0a09dfffff,894ba0a09c7ffff,8a4ba0a09c77fff,8b4ba0a09c73fff,10(浮洲出土段)**,行動北區營運處,新北營運中心,延伸段
16,16+511.5,25.004602,121.4356,884ba0a09dfffff,894ba0a09c7ffff,8a4ba0a09c77fff,8b4ba0a09c72fff,10(浮洲出土段)**,行動北區營運處,新北營運中心,延伸段
16,16+600.0,25.004583,121.4348,884ba0a09dfffff,894ba0a09c3ffff,8a4ba0a09c2ffff,8b4ba0a09c2bfff,10(浮洲出土段)**,行動北區營運處,新北營運中心,延伸段
16,16+684.9,25.004532,121.4339,884ba0a09dfffff,894ba0a09c3ffff,8a4ba0a09c07fff,8b4ba0a09c05fff,10,行動北區營運處,新北營運中心,
16,16+700.0,25.00452,121.4338,884ba0a09dfffff,894ba0a09c3ffff,8a4ba0a09c07fff,8b4ba0a09c05fff,10,行動北區營運處,新北營運中心,
16,16+800.0,25.004411,121.4328,884ba0a09dfffff,894ba0a09c3ffff,8a4ba0a09c37fff,8b4ba0a09c35fff,10,行動北區營運處,新北營運中心,
16,16+900.0,25.00427,121.4318,884ba0a09dfffff,894ba0a09dbffff,8a4ba0a09daffff,8b4ba0a09da9fff,10,行動北區營運處,新北營運中心,
17,17+000.0,25.004112,121.4308,884ba0a09dfffff,894ba0a09dbffff,8a4ba0a09daffff,8b4ba0a09daefff,11,行動北區營運處,新北營運中心,
17,17+100.0,25.003962,121.4299,884ba0a09dfffff,894ba0a09dbffff,8a4ba0a09da7fff,8b4ba0a09da2fff,11,行動北區營運處,新北營運中心,
17,17+184.9,25.003852,121.429,884ba0a08bfffff,894ba0a09dbffff,8a4ba0a08a5ffff,8b4ba0a08a5bfff,11,行動北區營運處,新北營運中心,
17,17+200.0,25.003835,121.4289,884ba0a08bfffff,894ba0a08a7ffff,8a4ba0a08a5ffff,8b4ba0a08a5bfff,11,行動北區營運處,新北營運中心,
17,17+300.0,25.003738,121.4279,884ba0a08bfffff,894ba0a08afffff,8a4ba0a08aeffff,8b4ba0a08aedfff,11,行動北區營運處,新北營運中心,
17,17+400.0,25.00367,121.4269,884ba0a08bfffff,894ba0a08afffff,8a4ba0a08ae7fff,8b4ba0a08ae5fff,11,行動北區營運處,新北營運中心,
17,17+500.0,25.003632,121.4259,884ba0a08bfffff,894ba0a08a3ffff,8a4ba0a08a1ffff,8b4ba0a08a19fff,11,行動北區營運處,新北營運中心,
17,17+600.0,25.003625,121.4249,884ba0a08bfffff,894ba0a08a3ffff,8a4ba0a08a17fff,8b4ba0a08a11fff,11,行動北區營運處,新北營運中心,
17,17+700.0,25.003648,121.4239,884ba0a08bfffff,894ba0a08a3ffff,8a4ba0a08a17fff,8b4ba0a08a14fff,11,行動北區營運處,新北營運中心,
17,17+800.0,25.003701,121.423,884ba0a08bfffff,894ba0a08bbffff,8a4ba0a08b8ffff,8b4ba0a08b8cfff,11,行動北區營運處,新北營運中心,
17,17+900.0,25.003784,121.422,884ba0a08bfffff,894ba0a08bbffff,8a4ba0a08b87fff,8b4ba0a08b85fff,11,行動北區營運處,新北營運中心,
17,17+943.4,25.003829,121.4215,884ba0a08bfffff,894ba0a08bbffff,8a4ba0a08b87fff,8b4ba0a08b84fff,11,行動北區營運處,新北營運中心,
18,18+000.0,25.003896,121.421,884ba0a08bfffff,894ba0a08bbffff,8a4ba0a08bb7fff,8b4ba0a08bb5fff,11,行動北區營運處,新北營運中心,
18,18+100.0,25.004034,121.42,884ba0a089fffff,894ba0a0887ffff,8a4ba0a0885ffff,8b4ba0a0885afff,11,行動北區營運處,新北營運中心,
18,18+193.4,25.004172,121.4191,884ba0a089fffff,894ba0a0887ffff,8a4ba0a08857fff,8b4ba0a08853fff,11,行動北區營運處,新北營運中心,
18,18+200.0,25.004181,121.419,884ba0a089fffff,894ba0a0887ffff,8a4ba0a08857fff,8b4ba0a08853fff,11,行動北區營運處,新北營運中心,
18,18+300.0,25.004329,121.4181,884ba0a089fffff,894ba0a0883ffff,8a4ba0a0880ffff,8b4ba0a0880bfff,11,行動北區營運處,新北營運中心,
18,18+400.0,25.004477,121.4171,884ba0a089fffff,894ba0a0883ffff,8a4ba0a0880ffff,8b4ba0a0880efff,11,行動北區營運處,新北營運中心,
18,18+500.0,25.004625,121.4161,884ba0a089fffff,894ba0a0883ffff,8a4ba0a08807fff,8b4ba0a08806fff,11,行動北區營運處,新北營運中心,
18,18+600.0,25.004773,121.4151,884ba0a089fffff,894ba0a0883ffff,8a4ba0a08837fff,8b4ba0a08830fff,11,行動北區營運處,新北營運中心,
18,18+700.0,25.004921,121.4141,884ba0a089fffff,894ba0a089bffff,8a4ba0a089affff,8b4ba0a089a8fff,11,行動北區營運處,新北營運中心,
18,18+800.0,25.005069,121.4132,884ba0a089fffff,894ba0a089bffff,8a4ba0a089a7fff,8b4ba0a089a1fff,11(迴龍隧道)**,行動北區營運處,新北營運中心,延伸段
18,18+900.0,25.005217,121.4122,884ba0a0c7fffff,894ba0a0c67ffff,8a4ba0a0c64ffff,8b4ba0a0c64afff,11(迴龍隧道)**,行動北區營運處,新北營運中心,延伸段
19,19+000.0,25.005365,121.4112,884ba0a0c7fffff,894ba0a0c67ffff,8a4ba0a0c647fff,8b4ba0a0c65cfff,11(迴龍隧道)**,行動北區營運處,新北營運中心,延伸段
19,19+071.5,25.00547,121.4105,884ba0a0c7fffff,894ba0a0c67ffff,8a4ba0a0c657fff,8b4ba0a0c655fff,12(迴龍隧道)**,行動北區營運處,新北營運中心,北口
19,19+100.0,25.005513,121.4102,884ba0a0c7fffff,894ba0a0c67ffff,8a4ba0a0c677fff,8b4ba0a0c673fff,12(迴龍隧道)**,行動北區營運處,新北營運中心,
19,19+200.0,25.005661,121.4093,884ba0a0c7fffff,894ba0a0c63ffff,8a4ba0a0c677fff,8b4ba0a0c676fff,12(迴龍隧道)**,行動北區營運處,新北營運中心,
19,19+300.0,25.005811,121.4083,884ba0a0c7fffff,894ba0a0c63ffff,8a4ba0a0c62ffff,8b4ba0a0c62efff,12(迴龍隧道)**,行動北區營運處,新北營運中心,
19,19+400.0,25.005967,121.4073,884ba0a0c7fffff,894ba0a0c63ffff,8a4ba0a0c627fff,8b4ba0a0c620fff,12(迴龍隧道)**,行動北區營運處,新北營運中心,
19,19+500.0,25.006131,121.4063,884ba0a0c7fffff,894ba0a0c73ffff,8a4ba0a0c71ffff,8b4ba0a0c718fff,12(迴龍隧道)**,行動北區營運處,新北營運中心,
19,19+600.0,25.006308,121.4054,884ba0a0c7fffff,894ba0a0c73ffff,8a4ba0a0c717fff,8b4ba0a0c711fff,12(迴龍隧道)**,行動北區營運處,新北營運中心,
19,19+621.5,25.006348,121.4052,884ba0a0c7fffff,894ba0a0c73ffff,8a4ba0a0c717fff,8b4ba0a0c715fff,12(迴龍隧道)**,行動北區營運處,新北營運中心,
19,19+700.0,25.006499,121.4044,884ba0a0c7fffff,894ba0a0c73ffff,8a4ba0a0c737fff,8b4ba0a0c732fff,12(迴龍隧道)**,行動北區營運處,新北營運中心,
19,19+800.0,25.006704,121.4034,884ba0a0c5fffff,894ba0a0c47ffff,8a4ba0a0c46ffff,8b4ba0a0c46bfff,12(迴龍隧道)**,行動北區營運處,新北營運中心,
19,19+900.0,25.006923,121.4025,884ba0a0c5fffff,894ba0a0c47ffff,8a4ba0a0c467fff,8b4ba0a0c463fff,12(迴龍隧道)**,行動北區營運處,新北營運中心,
20,20+000.0,25.007156,121.4015,884ba0a0c5fffff,894ba0a0c47ffff,8a4ba0a0c467fff,8b4ba0a0c466fff,12(迴龍隧道)**,行動北區營運處,新北營運中心,
20,20+100.0,25.007403,121.4006,884ba0a0c5fffff,894ba0a0c57ffff,8a4ba0a0c55ffff,8b4ba0a0c55cfff,12(迴龍隧道)**,行動北區營運處,新北營運中心,
20,20+200.0,25.007664,121.3996,884ba0a0c5fffff,894ba0a0c57ffff,8a4ba0a0c557fff,8b4ba0a0c555fff,12(迴龍隧道)**,行動北區營運處,新北營運中心,
20,20+300.0,25.007939,121.3987,884ba0a0c5fffff,894ba0a0c53ffff,8a4ba0a0c577fff,8b4ba0a0c576fff,12(迴龍隧道)**,行動北區營運處,新北營運中心,
20,20+400.0,25.008226,121.3977,884ba0a0c5fffff,894ba0a0c53ffff,8a4ba0a0c52ffff,8b4ba0a0c52efff,12(迴龍隧道)**,行動北區營運處,新北營運中心,
20,20+500.0,25.008529,121.3968,884ba0a0cdfffff,894ba0a0c53ffff,8a4ba0a0c527fff,8b4ba0a0c520fff,12(迴龍隧道)**,行動北區營運處,新北營運中心,
20,20+600.0,25.008844,121.3959,884ba0a0cdfffff,894ba0a0ccbffff,8a4ba0a0cc9ffff,8b4ba0a0cc9dfff,12(迴龍隧道)**,行動北區營運處,新北營運中心,
20,20+700.0,25.009174,121.3949,884ba0a0cdfffff,894ba0a0ccbffff,8a4ba0a0cc87fff,8b4ba0a0cc80fff,12(迴龍隧道)**,行動北區營運處,新北營運中心,
20,20+800.0,25.009515,121.394,884ba0a0cdfffff,894ba0a0ccbffff,8a4ba0a0ccb7fff,8b4ba0a0ccb0fff,12(迴龍隧道)**,行動北區營運處,新北營運中心,
20,20+900.0,25.009872,121.3931,884ba0a0cdfffff,894ba0a0cdbffff,8a4ba0a0cd9ffff,8b4ba0a0cd9afff,12(迴龍隧道)**,行動北區營運處,桃園營運中心,
21,21+000.0,25.010241,121.3922,884ba0a0cdfffff,894ba0a0cdbffff,8a4ba0a0cd97fff,8b4ba0a0cd90fff,13(迴龍隧道)**,行動北區營運處,桃園營運中心,
21,21+100.0,25.010622,121.3913,884ba0a01bfffff,894ba0a01afffff,8a4ba0a01acffff,8b4ba0a01ac9fff,13(迴龍隧道)**,行動北區營運處,桃園營運中心,
21,21+200.0,25.011017,121.3904,884ba0a01bfffff,894ba0a01afffff,8a4ba0a01aeffff,8b4ba0a01aeafff,13(迴龍隧道)**,行動北區營運處,桃園營運中心,南口
21,21+300.0,25.011426,121.3895,884ba0a01bfffff,894ba0a01afffff,8a4ba0a01ae7fff,8b4ba0a01ae3fff,13(迴龍隧道)**,行動北區營運處,桃園營運中心,延伸段
21,21+400.0,25.011846,121.3887,884ba0a01bfffff,894ba0a01a3ffff,8a4ba0a01a1ffff,8b4ba0a01a19fff,13(迴龍隧道)**,行動北區營運處,桃園營運中心,延伸段
21,21+500.0,25.01228,121.3878,884ba0a01bfffff,894ba0a01a3ffff,8a4ba0a01a07fff,8b4ba0a01a03fff,13(迴龍隧道)**,行動北區營運處,桃園營運中心,延伸段
21,21+504.0,25.012298,121.3878,884ba0a01bfffff,894ba0a01a3ffff,8a4ba0a01a07fff,8b4ba0a01a03fff,13(林口隧道)**,行動北區營運處,桃園營運中心,延伸段
21,21+600.0,25.012726,121.3869,884ba0a01bfffff,894ba0a01a3ffff,8a4ba0a01a37fff,8b4ba0a01a31fff,13(林口隧道)**,行動北區營運處,桃園營運中心,北口
21,21+700.0,25.013184,121.3861,884ba0a01bfffff,894ba0a01b3ffff,8a4ba0a01b1ffff,8b4ba0a01b1bfff,13(林口隧道)**,行動北區營運處,桃園營運中心,
21,21+800.0,25.01365,121.3852,884ba0a01bfffff,894ba0a01b3ffff,8a4ba0a01b17fff,8b4ba0a01b11fff,13(林口隧道)**,行動北區營運處,桃園營運中心,
21,21+900.0,25.014123,121.3844,884ba0a01bfffff,894ba0a01b3ffff,8a4ba0a01b37fff,8b4ba0a01b33fff,13(林口隧道)**,行動北區營運處,桃園營運中心,
22,22+000.0,25.014597,121.3835,884ba0a019fffff,894ba0a0187ffff,8a4ba0a0186ffff,8b4ba0a01869fff,13(林口隧道)**,行動北區營運處,桃園營運中心,
22,22+054.0,25.014853,121.3831,884ba0a019fffff,894ba0a0187ffff,8a4ba0a0186ffff,8b4ba0a0186dfff,13(林口隧道)**,行動北區營運處,桃園營運中心,
22,22+100.0,25.015071,121.3827,884ba0a019fffff,894ba0a0187ffff,8a4ba0a0186ffff,8b4ba0a0186cfff,13(林口隧道)**,行動北區營運處,桃園營運中心,
22,22+200.0,25.015546,121.3819,884ba0a019fffff,894ba0a2a4bffff,8a4ba0a0194ffff,8b4ba0a2a496fff,13(林口隧道)**,行動北區營運處,桃園營運中心,
22,22+300.0,25.016021,121.381,884ba0a019fffff,894ba0a0197ffff,8a4ba0a0194ffff,8b4ba0a0194cfff,13(林口隧道)**,行動北區營運處,桃園營運中心,
22,22+400.0,25.016495,121.3802,884ba0a019fffff,894ba0a0197ffff,8a4ba0a01967fff,8b4ba0a0196efff,13(林口隧道)**,行動北區營運處,桃園營運中心,
22,22+500.0,25.016969,121.3793,884ba0a019fffff,894ba0a0197ffff,8a4ba0a01967fff,8b4ba0a01964fff,13(林口隧道)**,行動北區營運處,桃園營運中心,
22,22+600.0,25.017445,121.3785,884ba0a053fffff,894ba0a052fffff,8a4ba0a052c7fff,8b4ba0a052cefff,13(林口隧道)**,行動北區營運處,桃園營運中心,
22,22+700.0,25.017919,121.3776,884ba0a053fffff,894ba0a052fffff,8a4ba0a052c7fff,8b4ba0a052c4fff,13(林口隧道)**,行動北區營運處,桃園營運中心,
22,22+800.0,25.018393,121.3768,884ba0a053fffff,894ba0a052fffff,8a4ba0a0521ffff,8b4ba0a0521bfff,13(林口隧道)**,行動北區營運處,桃園營運中心,
22,22+900.0,25.018869,121.376,884ba0a053fffff,894ba0a0523ffff,8a4ba0a0521ffff,8b4ba0a0521cfff,13(林口隧道)**,行動北區營運處,桃園營運中心,
23,23+000.0,25.019343,121.3751,884ba0a053fffff,894ba0a0523ffff,8a4ba0a05217fff,8b4ba0a05215fff,14(林口隧道)**,行動北區營運處,桃園營運中心,
23,23+100.0,25.019817,121.3743,884ba0a053fffff,894ba0a0523ffff,8a4ba0a05237fff,8b4ba0a05236fff,14(林口隧道)**,行動北區營運處,桃園營運中心,
23,23+200.0,25.020292,121.3734,884ba0a053fffff,894ba0a0533ffff,8a4ba0a053affff,8b4ba0a053adfff,14(林口隧道)**,行動北區營運處,桃園營運中心,
23,23+300.0,25.020767,121.3726,884ba0a053fffff,894ba0a0533ffff,8a4ba0a05317fff,8b4ba0a05316fff,14(林口隧道)**,行動北區營運處,桃園營運中心,
23,23+400.0,25.021241,121.3717,884ba0a053fffff,894ba0a0507ffff,8a4ba0a0504ffff,8b4ba0a0504dfff,14(林口隧道)**,行動北區營運處,桃園營運中心,
23,23+500.0,25.021716,121.3709,884ba0a051fffff,894ba0a0507ffff,8a4ba0a0506ffff,8b4ba0a0506efff,14(林口隧道)**,行動北區營運處,桃園營運中心,
23,23+600.0,25.02219,121.3701,884ba0a051fffff,894ba0a0507ffff,8a4ba0a05067fff,8b4ba0a05065fff,14(林口隧道)**,行動北區營運處,桃園營運中心,
23,23+700.0,25.022665,121.3692,884ba0a051fffff,894ba0a0517ffff,8a4ba0a0514ffff,8b4ba0a0514efff,14(林口隧道)**,行動北區營運處,桃園營運中心,
23,23+800.0,25.02314,121.3684,884ba0a051fffff,894ba0a0517ffff,8a4ba0a05147fff,8b4ba0a05145fff,14(林口隧道)**,行動北區營運處,桃園營運中心,
23,23+900.0,25.023614,121.3675,884ba0a051fffff,894ba0a0517ffff,8a4ba0a05167fff,8b4ba0a05166fff,14(林口隧道)**,行動北區營運處,桃園營運中心,
24,24+000.0,25.024088,121.3667,884ba0a059fffff,894ba0a058fffff,8a4ba0a058dffff,8b4ba0a058d8fff,14(林口隧道)**,行動北區營運處,桃園營運中心,
24,24+100.0,25.024563,121.3658,884ba0a059fffff,894ba0a058fffff,8a4ba0a058c7fff,8b4ba0a058c2fff,14(林口隧道)**,行動北區營運處,桃園營運中心,豎井A
24,24+200.0,25.025038,121.365,884ba0a059fffff,894ba0a058fffff,8a4ba0a058f7fff,8b4ba0a058f0fff,14(林口隧道)**,行動北區營運處,桃園營運中心,
24,24+300.0,25.025512,121.3642,884ba0a059fffff,894ba0a0583ffff,8a4ba0a0581ffff,8b4ba0a0581afff,14(林口隧道)**,行動北區營運處,桃園營運中心,
24,24+400.0,25.025987,121.3633,884ba0a059fffff,894ba0a0583ffff,8a4ba0a05817fff,8b4ba0a05810fff,14(林口隧道)**,行動北區營運處,桃園營運中心,
24,24+500.0,25.026461,121.3625,884ba0a059fffff,894ba0a0583ffff,8a4ba0a05837fff,8b4ba0a05832fff,14(林口隧道)**,行動北區營運處,桃園營運中心,
24,24+600.0,25.026936,121.3616,884ba0a059fffff,894ba0a059bffff,8a4ba0a059affff,8b4ba0a059a8fff,14(林口隧道)**,行動北區營運處,桃園營運中心,
24,24+700.0,25.027411,121.3608,884ba0a059fffff,894ba0a059bffff,8a4ba0a059a7fff,8b4ba0a05912fff,14(林口隧道)**,行動北區營運處,桃園營運中心,
24,24+800.0,25.027885,121.3599,884ba0a059fffff,894ba0a2367ffff,8a4ba0a2364ffff,8b4ba0a23648fff,14(林口隧道)**,行動北區營運處,桃園營運中心,
24,24+900.0,25.028359,121.3591,884ba0a237fffff,894ba0a2367ffff,8a4ba0a23647fff,8b4ba0a23641fff,14(林口隧道)**,行動北區營運處,桃園營運中心,
25,25+000.0,25.028834,121.3583,884ba0a237fffff,894ba0a2367ffff,8a4ba0a23667fff,8b4ba0a23660fff,15(林口隧道)**,行動北區營運處,桃園營運中心,
25,25+100.0,25.029308,121.3574,884ba0a237fffff,894ba0a2377ffff,8a4ba0a2375ffff,8b4ba0a23759fff,15(林口隧道)**,行動北區營運處,桃園營運中心,
25,25+200.0,25.029783,121.3566,884ba0a237fffff,894ba0a2377ffff,8a4ba0a23747fff,8b4ba0a23742fff,15(林口隧道)**,行動北區營運處,桃園營運中心,
25,25+300.0,25.030258,121.3557,884ba0a237fffff,894ba0a2377ffff,8a4ba0a23777fff,8b4ba0a23771fff,15(林口隧道)**,行動北區營運處,桃園營運中心,豎井B
25,25+400.0,25.030732,121.3549,884ba0a237fffff,894ba0a230fffff,8a4ba0a230dffff,8b4ba0a230dafff,15(林口隧道)**,行動北區營運處,桃園營運中心,
25,25+500.0,25.031206,121.354,884ba0a231fffff,894ba0a230fffff,8a4ba0a230d7fff,8b4ba0a230d1fff,15(林口隧道)**,行動北區營運處,桃園營運中心,
25,25+600.0,25.031681,121.3532,884ba0a231fffff,894ba0a230fffff,8a4ba0a230f7fff,8b4ba0a230f2fff,15(林口隧道)**,行動北區營運處,桃園營運中心,
25,25+700.0,25.032155,121.3524,884ba0a231fffff,894ba0a230bffff,8a4ba0a230affff,8b4ba0a230a9fff,15(林口隧道)**,行動北區營運處,桃園營運中心,
25,25+800.0,25.03263,121.3515,884ba0a231fffff,894ba0a230bffff,8a4ba0a23017fff,8b4ba0a23012fff,15(林口隧道)**,行動北區營運處,桃園營運中心,
25,25+900.0,25.033105,121.3507,884ba0a231fffff,894ba0a231bffff,8a4ba0a2318ffff,8b4ba0a23189fff,15(林口隧道)**,行動北區營運處,桃園營運中心,
26,26+000.0,25.033579,121.3498,884ba0a231fffff,894ba0a231bffff,8a4ba0a231affff,8b4ba0a2318cfff,15(林口隧道)**,行動北區營運處,桃園營運中心,
26,26+100.0,25.034053,121.349,884ba0a231fffff,894ba0a231bffff,8a4ba0a231a7fff,8b4ba0a231a3fff,15(林口隧道)**,行動北區營運處,桃園營運中心,
26,26+200.0,25.034528,121.3481,884ba0a231fffff,894ba0a23c7ffff,8a4ba0a231a7fff,8b4ba0a231a4fff,15(林口隧道)**,行動北區營運處,桃園營運中心,
26,26+300.0,25.035002,121.3473,884ba0a23dfffff,894ba0a23c7ffff,8a4ba0a23c47fff,8b4ba0a23c43fff,15(林口隧道)**,行動北區營運處,桃園營運中心,
26,26+400.0,25.035476,121.3464,884ba0a23dfffff,894ba0a23c7ffff,8a4ba0a23c47fff,8b4ba0a23c44fff,15(林口隧道)**,行動北區營運處,桃園營運中心,
26,26+500.0,25.035951,121.3456,884ba0a23dfffff,894ba0a23c7ffff,8a4ba0a23d5ffff,8b4ba0a23d5bfff,15(林口隧道)**,行動北區營運處,桃園營運中心,
26,26+600.0,25.036425,121.3448,884ba0a23dfffff,894ba0a23d7ffff,8a4ba0a23d5ffff,8b4ba0a23d5cfff,15(林口隧道)**,行動北區營運處,桃園營運中心,
26,26+700.0,25.0369,121.3439,884ba0a23dfffff,894ba0a23d7ffff,8a4ba0a23d77fff,8b4ba0a23d73fff,15(林口隧道)**,行動北區營運處,桃園營運中心,
26,26+800.0,25.037375,121.3431,884ba0a23dfffff,894ba0a23d7ffff,8a4ba0a23d77fff,8b4ba0a23d76fff,15(林口隧道)**,行動北區營運處,桃園營運中心,
26,26+900.0,25.037849,121.3422,884ba0a23dfffff,894ba0a206fffff,8a4ba0a23d2ffff,8b4ba0a206d3fff,15(林口隧道)**,行動北區營運處,桃園營運中心,
27,27+000.0,25.038323,121.3414,884ba0a207fffff,894ba0a206fffff,8a4ba0a206d7fff,8b4ba0a206d6fff,16(林口隧道)**,行動北區營運處,桃園營運中心,
27,27+100.0,25.038798,121.3405,884ba0a207fffff,894ba0a206bffff,8a4ba0a2068ffff,8b4ba0a2068cfff,16(林口隧道)**,行動北區營運處,桃園營運中心,
27,27+200.0,25.039272,121.3397,884ba0a207fffff,894ba0a206bffff,8a4ba0a206affff,8b4ba0a206aefff,16(林口隧道)**,行動北區營運處,桃園營運中心,
27,27+300.0,25.039746,121.3389,884ba0a207fffff,894ba0a206bffff,8a4ba0a206a7fff,8b4ba0a206a4fff,16(林口隧道)**,行動北區營運處,桃園營運中心,
27,27+400.0,25.040221,121.338,884ba0a207fffff,894ba0a207bffff,8a4ba0a2078ffff,8b4ba0a2078efff,16(林口隧道)**,行動北區營運處,桃園營運中心,
27,27+500.0,25.040695,121.3372,884ba0a207fffff,894ba0a207bffff,8a4ba0a20787fff,8b4ba0a20784fff,16(林口隧道)**,行動北區營運處,桃園營運中心,
27,27+600.0,25.041169,121.3363,884ba0a207fffff,894ba0a207bffff,8a4ba0a207a7fff,8b4ba0a207a6fff,16(林口隧道)**,行動北區營運處,桃園營運中心,
27,27+700.0,25.041644,121.3355,884ba0a205fffff,894ba0a2047ffff,8a4ba0a2045ffff,8b4ba0a2045cfff,16(林口隧道)**,行動北區營運處,桃園營運中心,
27,27+800.0,25.042118,121.3346,884ba0a205fffff,894ba0a2047ffff,8a4ba0a20447fff,8b4ba0a20446fff,16(林口隧道)**,行動北區營運處,桃園營運中心,
27,27+900.0,25.042592,121.3338,884ba0a205fffff,894ba0a2047ffff,8a4ba0a20477fff,8b4ba0a20470fff,16(林口隧道)**,行動北區營運處,桃園營運中心,
28,28+000.0,25.043067,121.333,884ba0a205fffff,894ba0a2057ffff,8a4ba0a2055ffff,8b4ba0a2042dfff,16(林口隧道)**,行動北區營運處,桃園營運中心,南口
28,28+100.0,25.043541,121.3321,884ba0a205fffff,894ba0a2057ffff,8a4ba0a20557fff,8b4ba0a20550fff,16(林口隧道)**,行動北區營運處,桃園營運中心,延伸段
28,28+200.0,25.044015,121.3313,884ba0a205fffff,894ba0a2053ffff,8a4ba0a2050ffff,8b4ba0a2050dfff,16(林口隧道)**,行動北區營運處,桃園營運中心,延伸段
28,28+300.0,25.04449,121.3304,884ba0a205fffff,894ba0a2053ffff,8a4ba0a2052ffff,8b4ba0a20528fff,16(林口隧道)**,行動北區營運處,桃園營運中心,延伸段
28,28+400.0,25.044964,121.3296,884ba0a20dfffff,894ba0a2053ffff,8a4ba0a20527fff,8b4ba0a20525fff,16(林口隧道)**,行動北區營運處,桃園營運中心,延伸段
28,28+500.0,25.045439,121.3287,884ba0a20dfffff,894ba0a20cbffff,8a4ba0a20c8ffff,8b4ba0a20c88fff,16(桃園一號隧道)**,行動北區營運處,桃園營運中心,
28,28+600.0,25.045913,121.3279,884ba0a20dfffff,894ba0a20cbffff,8a4ba0a20c87fff,8b4ba0a20c85fff,16(桃園一號隧道)**,行動北區營運處,桃園營運中心,
28,28+700.0,25.046387,121.3271,884ba0a20dfffff,894ba0a20cbffff,8a4ba0a20ca7fff,8b4ba0a20ca0fff,16(桃園一號隧道)**,行動北區營運處,桃園營運中心,
28,28+800.0,25.046862,121.3262,884ba0a20dfffff,894ba0a20dbffff,8a4ba0a20d9ffff,8b4ba0a20d9dfff,16(桃園一號隧道)**,行動北區營運處,桃園營運中心,
28,28+900.0,25.047336,121.3254,884ba0a20dfffff,894ba0a20dbffff,8a4ba0a20d87fff,8b4ba0a20d82fff,16(桃園一號隧道)**,行動北區營運處,桃園營運中心,
29,29+000.0,25.04781,121.3245,884ba0a20dfffff,894ba0a20dbffff,8a4ba0a20db7fff,8b4ba0a20db5fff,17(桃園一號隧道)**,行動北區營運處,桃園營運中心,
29,29+100.0,25.048284,121.3237,884ba0a26bfffff,894ba0a26a7ffff,8a4ba0a26a5ffff,8b4ba0a26a5afff,17(桃園一號隧道)**,行動北區營運處,桃園營運中心,延伸段
29,29+200.0,25.048759,121.3228,884ba0a26bfffff,894ba0a26a7ffff,8a4ba0a26a57fff,8b4ba0a26a50fff,17(桃園一號隧道)**,行動北區營運處,桃園營運中心,延伸段
29,29+300.0,25.049233,121.322,884ba0a26bfffff,894ba0a26a7ffff,8a4ba0a26a77fff,8b4ba0a26a72fff,17(桃園一號隧道)**,行動北區營運處,桃園營運中心,延伸段
29,29+400.0,25.049707,121.3212,884ba0a26bfffff,894ba0a26a3ffff,8a4ba0a26a2ffff,8b4ba0a26a28fff,17(桃園二號隧道)**,行動北區營運處,桃園營運中心,
29,29+500.0,25.050182,121.3203,884ba0a26bfffff,894ba0a26a3ffff,8a4ba0a26b57fff,8b4ba0a26b52fff,17(桃園二號隧道)**,行動北區營運處,桃園營運中心,
29,29+555.0,25.050442,121.3198,884ba0a26bfffff,894ba0a26b7ffff,8a4ba0a26b0ffff,8b4ba0a26b56fff,17(桃園二號隧道)**,行動北區營運處,桃園營運中心,
29,29+600.0,25.050656,121.3195,884ba0a26bfffff,894ba0a26b3ffff,8a4ba0a26b0ffff,8b4ba0a26b08fff,17(桃園二號隧道)**,行動北區營運處,桃園營運中心,
29,29+700.0,25.05113,121.3186,884ba0a26bfffff,894ba0a26b3ffff,8a4ba0a26b2ffff,8b4ba0a26b2afff,17(桃園二號隧道)**,行動北區營運處,桃園營運中心,
29,29+800.0,25.051602,121.3178,884ba0a26bfffff,894ba0a26b3ffff,8a4ba0a26b27fff,8b4ba0a26b20fff,17(桃園二號隧道)**,行動北區營運處,桃園營運中心,
29,29+900.0,25.052068,121.3169,884ba0a245fffff,894ba0a244bffff,8a4ba0a2449ffff,8b4ba0a24499fff,17(桃園二號隧道)**,行動北區營運處,桃園營運中心,
30,30+000.0,25.052524,121.3161,884ba0a245fffff,894ba0a244bffff,8a4ba0a24487fff,8b4ba0a24483fff,17(桃園二號隧道)**,行動北區營運處,桃園營運中心,
30,30+100.0,25.052968,121.3152,884ba0a245fffff,894ba0a244bffff,8a4ba0a244b7fff,8b4ba0a244b1fff,17(桃園二號隧道)**,行動北區營運處,桃園營運中心,
30,30+105.0,25.05299,121.3152,884ba0a245fffff,894ba0a244bffff,8a4ba0a244b7fff,8b4ba0a244b1fff,17(桃園二號隧道)**,行動北區營運處,桃園營運中心,
30,30+200.0,25.053399,121.3143,884ba0a245fffff,894ba0a245bffff,8a4ba0a2459ffff,8b4ba0a2459bfff,17(桃園二號隧道)**,行動北區營運處,桃園營運中心,
30,30+300.0,25.053816,121.3135,884ba0a245fffff,894ba0a245bffff,8a4ba0a24597fff,8b4ba0a24591fff,17(桃園二號隧道)**,行動北區營運處,桃園營運中心,延伸段
30,30+400.0,25.054219,121.3126,884ba0a245fffff,894ba0a245bffff,8a4ba0a245b7fff,8b4ba0a24594fff,17(桃園二號隧道)**,行動北區營運處,桃園營運中心,延伸段
30,30+500.0,25.054607,121.3117,884ba0b193fffff,894ba0b192fffff,8a4ba0b192effff,8b4ba0b192ebfff,17(桃園二號隧道)**,行動北區營運處,桃園營運中心,延伸段
30,30+600.0,25.054981,121.3108,884ba0b193fffff,894ba0b192fffff,8a4ba0b192effff,8b4ba0b192e1fff,17(桃園二乙隧道)**,行動北區營運處,桃園營運中心,延伸段
30,30+700.0,25.055342,121.3099,884ba0b193fffff,894ba0b1923ffff,8a4ba0b192e7fff,8b4ba0b192e4fff,17(桃園二乙隧道)**,行動北區營運處,桃園營運中心,
30,30+800.0,25.055686,121.309,884ba0b193fffff,894ba0b1923ffff,8a4ba0b19207fff,8b4ba0b19203fff,17(桃園二乙隧道)**,行動北區營運處,桃園營運中心,
30,30+900.0,25.056017,121.308,884ba0b193fffff,894ba0b1923ffff,8a4ba0b19207fff,8b4ba0b19204fff,17(桃園二乙隧道)**,行動北區營運處,桃園營運中心,
31,31+000.0,25.056333,121.3071,884ba0b193fffff,894ba0b1923ffff,8a4ba0b19237fff,8b4ba0b19234fff,18(桃園三號隧道)**,行動北區營運處,桃園營運中心,延伸段
31,31+100.0,25.056635,121.3062,884ba0b193fffff,894ba0b1933ffff,8a4ba0b1931ffff,8b4ba0b1931efff,18(桃園三號隧道)**,行動北區營運處,桃園營運中心,北口
31,31+200.0,25.056921,121.3052,884ba0b193fffff,894ba0b1933ffff,8a4ba0b19317fff,8b4ba0b19316fff,18(桃園三號隧道)**,行動北區營運處,桃園營運中心,
31,31+300.0,25.057192,121.3043,884ba0b191fffff,894ba0b1907ffff,8a4ba0b1904ffff,8b4ba0b19048fff,18(桃園三號隧道)**,行動北區營運處,桃園營運中心,
31,31+400.0,25.057449,121.3033,884ba0b191fffff,894ba0b1907ffff,8a4ba0b19047fff,8b4ba0b19045fff,18(桃園三號隧道)**,行動北區營運處,桃園營運中心,
31,31+500.0,25.057689,121.3024,884ba0b191fffff,894ba0b1907ffff,8a4ba0b19067fff,8b4ba0b19062fff,18(桃園三號隧道)**,行動北區營運處,桃園營運中心,
31,31+600.0,25.057915,121.3014,884ba0b191fffff,894ba0b1917ffff,8a4ba0b1915ffff,8b4ba0b19158fff,18(桃園三號隧道)**,行動北區營運處,桃園營運中心,
31,31+700.0,25.058125,121.3005,884ba0b191fffff,894ba0b1917ffff,8a4ba0b19157fff,8b4ba0b19151fff,18(桃園三號隧道)**,行動北區營運處,桃園營運中心,
31,31+800.0,25.05832,121.2995,884ba0b191fffff,894ba0b1917ffff,8a4ba0b1910ffff,8b4ba0b19109fff,18(桃園三號隧道)**,行動北區營運處,桃園營運中心,南口
31,31+900.0,25.0585,121.2985,884ba0b191fffff,894ba0b1913ffff,8a4ba0b1910ffff,8b4ba0b1910cfff,18(桃園三號隧道)**,行動北區營運處,桃園營運中心,延伸段
32,32+000.0,25.058665,121.2975,884ba0b191fffff,894ba0b1913ffff,8a4ba0b19107fff,8b4ba0b19104fff,18(桃園三號隧道)**,行動北區營運處,桃園營運中心,延伸段
32,32+100.0,25.058814,121.2966,884ba0b191fffff,894ba0b1913ffff,8a4ba0b19137fff,8b4ba0b19135fff,18(桃園三號隧道)**,行動北區營運處,桃園營運中心,延伸段
32,32+200.0,25.058947,121.2956,884ba0b199fffff,894ba0b198bffff,8a4ba0b1989ffff,8b4ba0b1989efff,18,行動北區營運處,桃園營運中心,
32,32+300.0,25.059064,121.2946,884ba0b19dfffff,894ba0b198bffff,8a4ba0b19897fff,8b4ba0b19892fff,18,行動北區營運處,桃園營運中心,
32,32+400.0,25.059166,121.2936,884ba0b19dfffff,894ba0b19d7ffff,8a4ba0b19d4ffff,8b4ba0b19d48fff,18,行動北區營運處,桃園營運中心,
32,32+500.0,25.059252,121.2926,884ba0b19dfffff,894ba0b19d7ffff,8a4ba0b19d47fff,8b4ba0b19d43fff,18,行動北區營運處,桃園營運中心,
32,32+600.0,25.059323,121.2916,884ba0b19dfffff,894ba0b19d7ffff,8a4ba0b19d77fff,8b4ba0b19d73fff,18,行動北區營運處,桃園營運中心,
32,32+700.0,25.059378,121.2907,884ba0b19dfffff,894ba0b19d3ffff,8a4ba0b19d77fff,8b4ba0b19d76fff,18,行動北區營運處,桃園營運中心,
32,32+800.0,25.059417,121.2897,884ba0b19dfffff,894ba0b19d3ffff,8a4ba0b19d2ffff,8b4ba0b19d2efff,18,行動北區營運處,桃園營運中心,
32,32+900.0,25.059441,121.2887,884ba0b19dfffff,894ba0b19d3ffff,8a4ba0b19d27fff,8b4ba0b19d20fff,18,行動北區營運處,桃園營運中心,
33,33+000.0,25.059448,121.2877,884ba0b1d7fffff,894ba0b1d6bffff,8a4ba0b1d69ffff,8b4ba0b1d69bfff,19,行動北區營運處,桃園營運中心,
33,33+100.0,25.05944,121.2867,884ba0b1d7fffff,894ba0b1d6bffff,8a4ba0b1d697fff,8b4ba0b1d693fff,19,行動北區營運處,桃園營運中心,
33,33+200.0,25.059416,121.2857,884ba0b18bfffff,894ba0b1d6bffff,8a4ba0b1d697fff,8b4ba0b1d696fff,19,行動北區營運處,桃園營運中心,
33,33+300.0,25.059376,121.2847,884ba0b18bfffff,894ba0b18b7ffff,8a4ba0b18b4ffff,8b4ba0b18b4efff,19,行動北區營運處,桃園營運中心,
33,33+400.0,25.059321,121.2837,884ba0b18bfffff,894ba0b18b7ffff,8a4ba0b18b47fff,8b4ba0b18b42fff,19,行動北區營運處,桃園營運中心,
33,33+500.0,25.05925,121.2827,884ba0b18bfffff,894ba0b18b7ffff,8a4ba0b18b77fff,8b4ba0b18b54fff,19,行動北區營運處,桃園營運中心,
33,33+600.0,25.059162,121.2817,884ba0b18bfffff,894ba0b18b3ffff,8a4ba0b18b0ffff,8b4ba0b18b0cfff,19,行動北區營運處,桃園營運中心,
33,33+700.0,25.05906,121.2808,884ba0b18bfffff,894ba0b18b3ffff,8a4ba0b18b07fff,8b4ba0b18b05fff,19,行動北區營運處,桃園營運中心,
33,33+800.0,25.058942,121.2798,884ba0b18bfffff,894ba0b18b3ffff,8a4ba0b18b37fff,8b4ba0b18b31fff,19,行動北區營運處,桃園營運中心,
33,33+900.0,25.058808,121.2788,884ba0b18bfffff,894ba0b1887ffff,8a4ba0b18b37fff,8b4ba0b18b36fff,19,行動北區營運處,桃園營運中心,
34,34+000.0,25.058659,121.2778,884ba0b189fffff,894ba0b1887ffff,8a4ba0b1886ffff,8b4ba0b1886afff,19,行動北區營運處,桃園營運中心,
34,34+100.0,25.058493,121.2768,884ba0b189fffff,894ba0b1887ffff,8a4ba0b18867fff,8b4ba0b18862fff,19,行動北區營運處,桃園營運中心,
34,34+200.0,25.058314,121.2759,884ba0b189fffff,894ba0b1887ffff,8a4ba0b18877fff,8b4ba0b18874fff,19,行動北區營運處,桃園營運中心,
34,34+300.0,25.058118,121.2749,884ba0b189fffff,894ba0b1883ffff,8a4ba0b1882ffff,8b4ba0b18828fff,19,行動北區營運處,桃園營運中心,
34,34+400.0,25.057907,121.2739,884ba0b189fffff,894ba0b1883ffff,8a4ba0b18827fff,8b4ba0b18823fff,19,行動北區營運處,桃園營運中心,
34,34+500.0,25.05768,121.273,884ba0b189fffff,894ba0b1883ffff,8a4ba0b18837fff,8b4ba0b18835fff,19,行動北區營運處,桃園營運中心,
34,34+600.0,25.057439,121.272,884ba0b189fffff,894ba0b189bffff,8a4ba0b189affff,8b4ba0b189a9fff,19,行動北區營運處,桃園營運中心,
34,34+700.0,25.057181,121.2711,884ba0b189fffff,894ba0b189bffff,8a4ba0b189a7fff,8b4ba0b189aefff,19,行動北區營運處,桃園營運中心,
34,34+800.0,25.05691,121.2701,884ba0b189fffff,894ba0b189bffff,8a4ba0b189a7fff,8b4ba0b189a2fff,19,行動北區營運處,桃園營運中心,
34,34+900.0,25.056623,121.2692,884ba0b1c7fffff,894ba0b1c6fffff,8a4ba0b189b7fff,8b4ba0b1c6e9fff,19,行動北區營運處,桃園營運中心,
35,35+000.0,25.056321,121.2683,884ba0b1c7fffff,894ba0b1c6fffff,8a4ba0b1c6effff,8b4ba0b1c6eefff,20,行動北區營運處,桃園營運中心,
35,35+100.0,25.056005,121.2673,884ba0b1c7fffff,894ba0b1c6fffff,8a4ba0b1c6e7fff,8b4ba0b1c6e2fff,20,行動北區營運處,桃園營運中心,
35,35+200.0,25.055673,121.2664,884ba0b1c7fffff,894ba0b1c6fffff,8a4ba0b1c6f7fff,8b4ba0b1c6f0fff,20,行動北區營運處,桃園營運中心,
35,35+300.0,25.055327,121.2655,884ba0b1c7fffff,894ba0b1c6bffff,8a4ba0b1c6affff,8b4ba0b1c6abfff,20,行動北區營運處,桃園營運中心,
35,35+400.0,25.054967,121.2646,884ba0b1c7fffff,894ba0b1c6bffff,8a4ba0b1c687fff,8b4ba0b1c685fff,20,行動北區營運處,桃園營運中心,
35,35+500.0,25.054592,121.2637,884ba0b1c7fffff,894ba0b1c6bffff,8a4ba0b1c6b7fff,8b4ba0b1c6b3fff,20,行動北區營運處,桃園營運中心,
35,35+600.0,25.054204,121.2628,884ba0b1ebfffff,894ba0b1eb7ffff,8a4ba0b1eb4ffff,8b4ba0b1eb4dfff,20,行動北區營運處,桃園營運中心,
35,35+700.0,25.0538,121.2619,884ba0b1ebfffff,894ba0b1eb7ffff,8a4ba0b1eb47fff,8b4ba0b1eb41fff,20,行動北區營運處,桃園營運中心,
35,35+800.0,25.053382,121.261,884ba0b1ebfffff,894ba0b1eb7ffff,8a4ba0b1eb47fff,8b4ba0b1eb42fff,20,行動北區營運處,桃園營運中心,
35,35+900.0,25.052951,121.2602,884ba0b1ebfffff,894ba0b1eb7ffff,8a4ba0b1eb57fff,8b4ba0b1eb56fff,20,行動北區營運處,桃園營運中心,
36,36+000.0,25.052507,121.2593,884ba0b1ebfffff,894ba0b1eb3ffff,8a4ba0b1eb0ffff,8b4ba0b1eb0afff,20,行動北區營運處,桃園營運中心,
36,36+100.0,25.052048,121.2584,884ba0b1ebfffff,894ba0b1eb3ffff,8a4ba0b1eb1ffff,8b4ba0b1eb18fff,20,行動北區營運處,桃園營運中心,
36,36+200.0,25.051575,121.2576,884ba0b1ebfffff,894ba0b1eb3ffff,8a4ba0b1ebaffff,8b4ba0b1eb13fff,20,行動北區營運處,桃園營運中心,
36,36+300.0,25.05109,121.2568,884ba0b1ebfffff,894ba0b1ebbffff,8a4ba0b1eba7fff,8b4ba0b1eba0fff,20,行動北區營運處,桃園營運中心,
36,36+400.0,25.050592,121.2559,884ba0b1ebfffff,894ba0b1ebbffff,8a4ba0b1ebb7fff,8b4ba0b1ebb5fff,20,行動北區營運處,桃園營運中心,
36,36+500.0,25.05008,121.2551,884ba0b1e9fffff,894ba0b1e8fffff,8a4ba0b1e8effff,8b4ba0b1ebb6fff,20,行動北區營運處,桃園營運中心,
36,36+600.0,25.049555,121.2543,884ba0b1e9fffff,894ba0b1e8fffff,8a4ba0b1e8c7fff,8b4ba0b1e8c1fff,20,行動北區營運處,桃園營運中心,
36,36+700.0,25.049018,121.2535,884ba0b1e9fffff,894ba0b1e8fffff,8a4ba0b1e8c7fff,8b4ba0b1e8c2fff,20,行動北區營運處,桃園營運中心,
36,36+800.0,25.048468,121.2527,884ba0b1e9fffff,894ba0b1e8fffff,8a4ba0b1e8d7fff,8b4ba0b1e8d4fff,20,行動北區營運處,桃園營運中心,
36,36+900.0,25.047905,121.2519,884ba0b1e9fffff,894ba0b1e8bffff,8a4ba0b1e88ffff,8b4ba0b1e124fff,20,行動北區營運處,桃園營運中心,
37,37+000.0,25.047331,121.2512,884ba0b1e9fffff,894ba0b1e8bffff,8a4ba0b1e89ffff,8b4ba0b1e89bfff,21,行動北區營運處,桃園營運中心,
37,37+100.0,25.046744,121.2504,884ba0b1edfffff,894ba0b1ec7ffff,8a4ba0b1ec6ffff,8b4ba0b1ec6dfff,21,行動北區營運處,桃園營運中心,
37,37+200.0,25.046145,121.2497,884ba0b1edfffff,894ba0b1ec7ffff,8a4ba0b1ec47fff,8b4ba0b1ec45fff,21,行動北區營運處,桃園營運中心,
37,37+231.5,25.045955,121.2495,884ba0b1edfffff,894ba0b1ec7ffff,8a4ba0b1ec47fff,8b4ba0b1ec45fff,21,行動北區營運處,桃園營運中心,
37,37+300.0,25.045535,121.249,884ba0b1edfffff,894ba0b1ec7ffff,8a4ba0b1ec47fff,8b4ba0b1ec46fff,21,行動北區營運處,桃園營運中心,
37,37+400.0,25.044914,121.2482,884ba0b1edfffff,894ba0b1ec7ffff,8a4ba0b1ec57fff,8b4ba0b1ec54fff,21,行動北區營運處,桃園營運中心,
37,37+500.0,25.044283,121.2475,884ba0b1edfffff,894ba0b1ec3ffff,8a4ba0b1ec0ffff,8b4ba0b1ec0afff,21,行動北區營運處,桃園營運中心,
37,37+600.0,25.043648,121.2468,884ba0b1edfffff,894ba0b1ec3ffff,8a4ba0b1ec1ffff,8b4ba0b1ec18fff,21,行動北區營運處,桃園營運中心,
37,37+700.0,25.043009,121.2461,884ba0b1edfffff,894ba0b1ecbffff,8a4ba0b1ecaffff,8b4ba0b1eca8fff,21,行動北區營運處,桃園營運中心,
37,37+781.5,25.042488,121.2456,884ba0b1edfffff,894ba0b1ecbffff,8a4ba0b1ecaffff,8b4ba0b1ecaafff,21,行動北區營運處,桃園營運中心,
37,37+800.0,25.042369,121.2454,884ba0b1edfffff,894ba0b1ecbffff,8a4ba0b1ec87fff,8b4ba0b1ec85fff,21,行動北區營運處,桃園營運中心,
37,37+900.0,25.04173,121.2447,884ba0b1edfffff,894ba0b1ecbffff,8a4ba0b1ec87fff,8b4ba0b1ec86fff,21,行動北區營運處,桃園營運中心,
38,38+000.0,25.04109,121.244,884ba0b133fffff,894ba0b1ecbffff,8a4ba0b1ec97fff,8b4ba0b1ec96fff,21,行動北區營運處,桃園營運中心,
38,38+100.0,25.040451,121.2433,884ba0b133fffff,894ba0b1337ffff,8a4ba0b13267fff,8b4ba0b13264fff,21,行動北區營運處,桃園營運中心,
38,38+200.0,25.039812,121.2426,884ba0b133fffff,894ba0b1337ffff,8a4ba0b1335ffff,8b4ba0b1335bfff,21,行動北區營運處,桃園營運中心,
38,38+300.0,25.039172,121.2419,884ba0b133fffff,894ba0b1323ffff,8a4ba0b1322ffff,8b4ba0b13229fff,21,行動北區營運處,桃園營運中心,
38,38+400.0,25.038533,121.2412,884ba0b133fffff,894ba0b1323ffff,8a4ba0b13207fff,8b4ba0b13201fff,21,行動北區營運處,桃園營運中心,
38,38+500.0,25.037893,121.2405,884ba0b133fffff,894ba0b1323ffff,8a4ba0b13207fff,8b4ba0b13202fff,21,行動北區營運處,桃園營運中心,
38,38+600.0,25.037254,121.2398,884ba0b133fffff,894ba0b1323ffff,8a4ba0b13217fff,8b4ba0b13216fff,21,行動北區營運處,桃園營運中心,
38,38+700.0,25.036614,121.2391,884ba0b133fffff,894ba0b132bffff,8a4ba0b132a7fff,8b4ba0b132a4fff,21,行動北區營運處,桃園營運中心,
38,38+800.0,25.035974,121.2384,884ba0b133fffff,894ba0b132bffff,8a4ba0b132b7fff,8b4ba0b1339bfff,21,行動北區營運處,桃園營運中心,
38,38+900.0,25.035335,121.2377,884ba0b133fffff,894ba0b1377ffff,8a4ba0b1376ffff,8b4ba0b1376bfff,21,行動北區營運處,桃園營運中心,
39,39+000.0,25.034695,121.237,884ba0b137fffff,894ba0b1377ffff,8a4ba0b13747fff,8b4ba0b13741fff,22,行動北區營運處,桃園營運中心,
39,39+071.7,25.034237,121.2365,884ba0b137fffff,894ba0b1377ffff,8a4ba0b13747fff,8b4ba0b13742fff,22,行動北區營運處,桃園營運中心,
39,39+100.0,25.034056,121.2363,884ba0b137fffff,894ba0b1377ffff,8a4ba0b13747fff,8b4ba0b13742fff,22,行動北區營運處,桃園營運中心,
39,39+186.7,25.033501,121.2357,884ba0b137fffff,894ba0b1377ffff,8a4ba0b13757fff,8b4ba0b13750fff,22,行動北區營運處,桃園營運中心,
39,39+200.0,25.033416,121.2356,884ba0b137fffff,894ba0b1377ffff,8a4ba0b13757fff,8b4ba0b13752fff,22,行動北區營運處,桃園營運中心,
39,39+300.0,25.032773,121.2349,884ba0b137fffff,894ba0b1363ffff,8a4ba0b13627fff,8b4ba0b13620fff,22,行動北區營運處,桃園營運中心,
39,39+400.0,25.032128,121.2342,884ba0b137fffff,894ba0b1363ffff,8a4ba0b13637fff,8b4ba0b13635fff,22,行動北區營運處,桃園營運中心,
39,39+500.0,25.03148,121.2336,884ba0b137fffff,894ba0b137bffff,8a4ba0b137affff,8b4ba0b137abfff,22,行動北區營運處,桃園營運中心,
39,39+600.0,25.03083,121.2329,884ba0b137fffff,894ba0b137bffff,8a4ba0b13787fff,8b4ba0b1378efff,22,行動北區營運處,桃園營運中心,
39,39+700.0,25.030177,121.2322,884ba0b137fffff,894ba0b137bffff,8a4ba0b1379ffff,8b4ba0b13791fff,22,行動北區營運處,桃園營運中心,
39,39+800.0,25.029522,121.2315,884ba0b137fffff,894ba0bacb7ffff,8a4ba0b13797fff,8b4ba0b13792fff,22,行動北區營運處,桃園營運中心,
39,39+900.0,25.028865,121.2308,884ba0bacbfffff,894ba0bacb7ffff,8a4ba0bacb67fff,8b4ba0bacb60fff,22,行動北區營運處,桃園營運中心,
40,40+000.0,25.028204,121.2301,884ba0bacbfffff,894ba0bacb7ffff,8a4ba0bacb77fff,8b4ba0bacb70fff,22,行動北區營運處,桃園營運中心,
40,40+100.0,25.027541,121.2295,884ba0bacbfffff,894ba0bacb3ffff,8a4ba0bacb0ffff,8b4ba0bacb0dfff,22,行動北區營運處,桃園營運中心,
40,40+124.2,25.027381,121.2293,884ba0bacbfffff,894ba0bacb3ffff,8a4ba0bacb0ffff,8b4ba0bacb0dfff,22,行動北區營運處,桃園營運中心,
40,40+200.0,25.026877,121.2288,884ba0bacbfffff,894ba0bacb3ffff,8a4ba0bacb0ffff,8b4ba0bacb0efff,22,行動北區營運處,桃園營運中心,
40,40+239.2,25.026616,121.2285,884ba0bacbfffff,894ba0bacb3ffff,8a4ba0bacb1ffff,8b4ba0bacb1dfff,22,行動北區營運處,桃園營運中心,
40,40+300.0,25.026211,121.2281,884ba0bacbfffff,894ba0bacb3ffff,8a4ba0bacb1ffff,8b4ba0bacb1efff,22,行動北區營運處,桃園營運中心,
40,40+400.0,25.025545,121.2275,884ba0bacbfffff,894ba0bacbbffff,8a4ba0bacbaffff,8b4ba0bacbacfff,22,行動北區營運處,桃園營運中心,
40,40+500.0,25.024879,121.2268,884ba0bacbfffff,894ba0bacbbffff,8a4ba0bacb87fff,8b4ba0bacba3fff,22,行動北區營運處,桃園營運中心,
40,40+600.0,25.024213,121.2261,884ba0bacbfffff,894ba0bacbbffff,8a4ba0bacbb7fff,8b4ba0bacbb3fff,22,行動北區營運處,桃園營運中心,
40,40+700.0,25.023548,121.2255,884ba0bac9fffff,894ba0bacbbffff,8a4ba0bac8cffff,8b4ba0bac8c9fff,22,行動北區營運處,桃園營運中心,
40,40+800.0,25.022882,121.2248,884ba0bac9fffff,894ba0bac8fffff,8a4ba0bac8cffff,8b4ba0bac8cafff,22,行動北區營運處,桃園營運中心,
40,40+900.0,25.022216,121.2241,884ba0bac1fffff,894ba0bac8fffff,8a4ba0bac8dffff,8b4ba0bac8dafff,22,行動北區營運處,桃園營運中心,
41,41+000.0,25.02155,121.2234,884ba0bac1fffff,894ba0bac13ffff,8a4ba0bac12ffff,8b4ba0bac128fff,23(高鐵桃園站隧道)**,行動北區營運處,桃園營運中心,延伸段
41,41+100.0,25.020884,121.2228,884ba0bac1fffff,894ba0bac13ffff,8a4ba0bac107fff,8b4ba0bac105fff,23(高鐵桃園站隧道)**,行動北區營運處,桃園營運中心,延伸段
41,41+200.0,25.020218,121.2221,884ba0bac1fffff,894ba0bac13ffff,8a4ba0bac117fff,8b4ba0bac115fff,23(高鐵桃園站隧道)**,行動北區營運處,桃園營運中心,延伸段
41,41+300.0,25.019553,121.2214,884ba0bac1fffff,894ba0bac13ffff,8a4ba0bac117fff,8b4ba0bac116fff,23(高鐵桃園站隧道)**,行動北區營運處,桃園營運中心,延伸段
41,41+400.0,25.018887,121.2208,884ba0bac1fffff,894ba0bac1bffff,8a4ba0bac1a7fff,8b4ba0bac1a6fff,23(高鐵桃園站隧道)**,行動北區營運處,桃園營運中心,
41,41+500.0,25.018221,121.2201,884ba0bacdfffff,894ba0bac1bffff,8a4ba0bac1b7fff,8b4ba0bac1b4fff,23(高鐵桃園站隧道)**,行動北區營運處,桃園營運中心,
41,41+600.0,25.017555,121.2194,884ba0bacdfffff,894ba0baccfffff,8a4ba0bacceffff,8b4ba0baccebfff,23(高鐵桃園站隧道)**,行動北區營運處,桃園營運中心,
41,41+700.0,25.016889,121.2188,884ba0bacdfffff,894ba0baccfffff,8a4ba0baccc7fff,8b4ba0baccc3fff,23(高鐵桃園站隧道)**,行動北區營運處,桃園營運中心,
41,41+800.0,25.016224,121.2181,884ba0bacdfffff,894ba0baccfffff,8a4ba0baccd7fff,8b4ba0baccd1fff,23(高鐵桃園站隧道)**,行動北區營運處,桃園營運中心,
41,41+900.0,25.015557,121.2174,884ba0bacdfffff,894ba0bac53ffff,8a4ba0baccd7fff,8b4ba0baccd2fff,23(高鐵桃園站隧道)**,行動北區營運處,桃園營運中心,
42,42+000.0,25.014891,121.2168,884ba0bac5fffff,894ba0bac53ffff,8a4ba0bac527fff,8b4ba0bac522fff,23(高鐵桃園站隧道)**,行動北區營運處,桃園營運中心,
42,42+100.0,25.014226,121.2161,884ba0bac5fffff,894ba0bac53ffff,8a4ba0bac537fff,8b4ba0bac530fff,23(高鐵桃園站隧道)**,行動北區營運處,桃園營運中心,站體
42,42+200.0,25.01356,121.2154,884ba0bac5fffff,894ba0ba127ffff,8a4ba0ba124ffff,8b4ba0ba124dfff,23(高鐵桃園站隧道)**,行動北區營運處,桃園營運中心,
42,42+300.0,25.012893,121.2147,884ba0ba13fffff,894ba0ba127ffff,8a4ba0ba124ffff,8b4ba0ba125dfff,23(高鐵桃園站隧道)**,行動北區營運處,桃園營運中心,
42,42+400.0,25.012228,121.2141,884ba0ba13fffff,894ba0ba127ffff,8a4ba0ba125ffff,8b4ba0ba125efff,23(高鐵桃園站隧道)**,行動北區營運處,桃園營運中心,
42,42+500.0,25.011562,121.2134,884ba0ba13fffff,894ba0ba12fffff,8a4ba0ba12effff,8b4ba0ba12ecfff,23(高鐵桃園站隧道)**,行動北區營運處,桃園營運中心,
42,42+600.0,25.010896,121.2127,884ba0ba13fffff,894ba0ba12fffff,8a4ba0ba12c7fff,8b4ba0ba12c4fff,23(高鐵桃園站隧道)**,行動北區營運處,桃園營運中心,
42,42+700.0,25.01023,121.2121,884ba0ba13fffff,894ba0ba12fffff,8a4ba0ba12f7fff,8b4ba0ba12f3fff,23(高鐵桃園站隧道)**,行動北區營運處,桃園營運中心,
42,42+800.0,25.009564,121.2114,884ba0ba13fffff,894ba0ba12bffff,8a4ba0ba128ffff,8b4ba0ba1289fff,23(高鐵桃園站隧道)**,行動北區營運處,桃園營運中心,
42,42+900.0,25.008899,121.2107,884ba0ba13fffff,894ba0ba12bffff,8a4ba0ba129ffff,8b4ba0ba1299fff,23(高鐵桃園站隧道)**,行動北區營運處,桃園營運中心,
43,43+000.0,25.008232,121.2101,884ba0ba13fffff,894ba0ba12bffff,8a4ba0ba129ffff,8b4ba0ba129afff,24(高鐵桃園站隧道)**,行動北區營運處,桃園營運中心,
43,43+100.0,25.007566,121.2094,884ba0ba17fffff,894ba0ba167ffff,8a4ba0ba166ffff,8b4ba0ba1668fff,24(高鐵桃園站隧道)**,行動北區營運處,桃園營運中心,
43,43+200.0,25.006901,121.2087,884ba0ba17fffff,894ba0ba167ffff,8a4ba0ba1647fff,8b4ba0ba1640fff,24(高鐵桃園站隧道)**,行動北區營運處,桃園營運中心,
43,43+300.0,25.006235,121.2081,884ba0ba17fffff,894ba0ba167ffff,8a4ba0ba1657fff,8b4ba0ba1655fff,24(高鐵桃園站隧道)**,行動北區營運處,桃園營運中心,
43,43+400.0,25.005568,121.2074,884ba0ba17fffff,894ba0ba167ffff,8a4ba0ba1657fff,8b4ba0ba1656fff,24(高鐵桃園站隧道)**,行動北區營運處,桃園營運中心,
43,43+500.0,25.004903,121.2067,884ba0ba17fffff,894ba0ba16fffff,8a4ba0ba16e7fff,8b4ba0ba16e6fff,24(高鐵桃園站隧道)**,行動北區營運處,桃園營運中心,
43,43+600.0,25.004237,121.2061,884ba0ba17fffff,894ba0ba16fffff,8a4ba0ba16f7fff,8b4ba0ba16f4fff,24(高鐵桃園站隧道)**,行動北區營運處,桃園營運中心,
43,43+700.0,25.003571,121.2054,884ba0ba17fffff,894ba0ba16bffff,8a4ba0ba168ffff,8b4ba0ba16abfff,24(高鐵桃園站隧道)**,行動北區營運處,桃園營運中心,
43,43+800.0,25.002905,121.2047,884ba0ba17fffff,894ba0ba16bffff,8a4ba0ba1687fff,8b4ba0ba1683fff,24(高鐵桃園站隧道)**,行動北區營運處,桃園營運中心,
43,43+900.0,25.002239,121.204,884ba0ba17fffff,894ba0ba16bffff,8a4ba0ba1697fff,8b4ba0ba1691fff,24(高鐵桃園站隧道)**,行動北區營運處,桃園營運中心,
44,44+000.0,25.001573,121.2034,884ba0ba3bfffff,894ba0ba3a7ffff,8a4ba0ba3a67fff,8b4ba0ba1692fff,24(高鐵桃園站隧道)**,行動北區營運處,桃園營運中心,
44,44+100.0,25.000907,121.2027,884ba0ba3bfffff,894ba0ba3a7ffff,8a4ba0ba3a67fff,8b4ba0ba3a62fff,24(高鐵桃園站隧道)**,行動北區營運處,桃園營運中心,
44,44+200.0,25.000241,121.202,884ba0ba3bfffff,894ba0ba3a7ffff,8a4ba0ba3a77fff,8b4ba0ba3a70fff,24(高鐵桃園站隧道)**,行動北區營運處,桃園營運中心,
44,44+300.0,24.999575,121.2014,884ba0ba3bfffff,894ba0ba3a3ffff,8a4ba0ba3a0ffff,8b4ba0ba3a08fff,24(高鐵桃園站隧道)**,行動北區營運處,桃園營運中心,
44,44+400.0,24.998909,121.2007,884ba0ba3bfffff,894ba0ba3a3ffff,8a4ba0ba3a1ffff,8b4ba0ba3a1dfff,24(高鐵桃園站隧道)**,行動北區營運處,桃園營運中心,
44,44+500.0,24.998243,121.2,884ba0ba3bfffff,894ba0ba3a3ffff,8a4ba0ba3a1ffff,8b4ba0ba3a1efff,24(高鐵桃園站隧道)**,行動北區營運處,桃園營運中心,延伸段
44,44+600.0,24.997577,121.1994,884ba0ba3bfffff,894ba0ba3abffff,8a4ba0ba3aaffff,8b4ba0ba3aaefff,24(高鐵桃園站隧道)**,行動北區營運處,桃園營運中心,延伸段
44,44+700.0,24.996911,121.1987,884ba0ba3bfffff,894ba0ba3abffff,8a4ba0ba3a87fff,8b4ba0ba3a84fff,24(高鐵桃園站隧道)**,行動北區營運處,桃園營運中心,延伸段
44,44+800.0,24.996246,121.198,884ba0ba3bfffff,894ba0ba3abffff,8a4ba0ba3ab7fff,8b4ba0ba3ab3fff,24(高鐵桃園站隧道)**,行動北區營運處,桃園營運中心,延伸段
44,44+900.0,24.995579,121.1974,884ba0ba31fffff,894ba0ba317ffff,8a4ba0ba314ffff,8b4ba0ba314bfff,24,行動北區營運處,桃園營運中心,
45,45+000.0,24.994913,121.1967,884ba0ba31fffff,894ba0ba317ffff,8a4ba0ba315ffff,8b4ba0ba3159fff,25,行動北區營運處,桃園營運中心,
45,45+100.0,24.994248,121.196,884ba0ba31fffff,894ba0ba317ffff,8a4ba0ba315ffff,8b4ba0ba315afff,25,行動北區營運處,桃園營運中心,
45,45+200.0,24.993581,121.1954,884ba0ba31fffff,894ba0ba303ffff,8a4ba0ba302ffff,8b4ba0ba302afff,25,行動北區營運處,桃園營運中心,
45,45+300.0,24.992915,121.1947,884ba0ba31fffff,894ba0ba303ffff,8a4ba0ba3007fff,8b4ba0ba3000fff,25,行動北區營運處,桃園營運中心,
45,45+400.0,24.99225,121.194,884ba0ba31fffff,894ba0ba303ffff,8a4ba0ba3017fff,8b4ba0ba3015fff,25,行動北區營運處,桃園營運中心,
45,45+500.0,24.991583,121.1933,884ba0ba31fffff,894ba0ba30bffff,8a4ba0ba30a7fff,8b4ba0ba30a5fff,25,行動北區營運處,桃園營運中心,
45,45+600.0,24.990918,121.1927,884ba0ba31fffff,894ba0ba30bffff,8a4ba0ba30a7fff,8b4ba0ba30a6fff,25,行動北區營運處,桃園營運中心,
45,45+700.0,24.990252,121.192,884ba0ba31fffff,894ba0ba30bffff,8a4ba0ba30b7fff,8b4ba0ba30b4fff,25,行動北區營運處,桃園營運中心,
45,45+800.0,24.989585,121.1913,884ba0ba35fffff,894ba0ba357ffff,8a4ba0ba354ffff,8b4ba0ba354cfff,25,行動北區營運處,桃園營運中心,
45,45+900.0,24.98892,121.1907,884ba0ba35fffff,894ba0ba357ffff,8a4ba0ba3547fff,8b4ba0ba3543fff,25,行動北區營運處,桃園營運中心,
46,46+000.0,24.988254,121.19,884ba0ba35fffff,894ba0ba357ffff,8a4ba0ba3557fff,8b4ba0ba3551fff,25,行動北區營運處,桃園營運中心,
46,46+100.0,24.987587,121.1893,884ba0ba35fffff,894ba0ba343ffff,8a4ba0ba3427fff,8b4ba0ba3421fff,25,行動北區營運處,桃園營運中心,
46,46+200.0,24.986922,121.1887,884ba0ba35fffff,894ba0ba343ffff,8a4ba0ba3427fff,8b4ba0ba3422fff,25,行動北區營運處,桃園營運中心,
46,46+219.2,24.986794,121.1885,884ba0ba35fffff,894ba0ba343ffff,8a4ba0ba3437fff,8b4ba0ba3422fff,25,行動北區營運處,桃園營運中心,
46,46+300.0,24.986255,121.188,884ba0ba35fffff,894ba0ba343ffff,8a4ba0ba3437fff,8b4ba0ba3430fff,25,行動北區營運處,桃園營運中心,
46,46+400.0,24.985588,121.1873,884ba0ba35fffff,894ba0ba35bffff,8a4ba0ba358ffff,8b4ba0ba3588fff,25,行動北區營運處,桃園營運中心,
46,46+419.2,24.98546,121.1872,884ba0ba35fffff,894ba0ba35bffff,8a4ba0ba358ffff,8b4ba0ba3588fff,25,行動北區營運處,桃園營運中心,
46,46+500.0,24.984918,121.1867,884ba0ba35fffff,894ba0ba35bffff,8a4ba0ba359ffff,8b4ba0ba359dfff,25,行動北區營運處,桃園營運中心,
46,46+600.0,24.984245,121.186,884ba0ba35fffff,894ba0ba35bffff,8a4ba0ba359ffff,8b4ba0ba359efff,25,行動北區營運處,桃園營運中心,
46,46+692.0,24.983623,121.1854,884ba0b849fffff,894ba0b8497ffff,8a4ba0b8496ffff,8b4ba0b8496efff,25,行動北區營運處,桃園營運中心,
46,46+700.0,24.983569,121.1853,884ba0b849fffff,894ba0b8497ffff,8a4ba0b8496ffff,8b4ba0b8496efff,25,行動北區營運處,桃園營運中心,
46,46+800.0,24.98289,121.1847,884ba0b849fffff,894ba0b8497ffff,8a4ba0b84947fff,8b4ba0b84944fff,25,行動北區營運處,桃園營運中心,
46,46+892.0,24.982265,121.1841,884ba0b849fffff,894ba0b8497ffff,8a4ba0b84957fff,8b4ba0b84973fff,25,行動北區營運處,桃園營運中心,
46,46+900.0,24.98221,121.184,884ba0b849fffff,894ba0b8497ffff,8a4ba0b84957fff,8b4ba0b84954fff,25,行動北區營運處,桃園營運中心,
47,47+000.0,24.98153,121.1834,884ba0b849fffff,894ba0b8493ffff,8a4ba0b8490ffff,8b4ba0b8490bfff,26,行動北區營運處,桃園營運中心,
47,47+100.0,24.980849,121.1827,884ba0b849fffff,894ba0b8493ffff,8a4ba0b8491ffff,8b4ba0b84919fff,26,行動北區營運處,桃園營運中心,
47,47+200.0,24.98017,121.1821,884ba0b849fffff,894ba0b849bffff,8a4ba0b849affff,8b4ba0b849a9fff,26,行動北區營運處,桃園營運中心,
47,47+300.0,24.979489,121.1814,884ba0b849fffff,894ba0b849bffff,8a4ba0b849affff,8b4ba0b849aafff,26,行動北區營運處,桃園營運中心,
47,47+400.0,24.978809,121.1808,884ba0b849fffff,894ba0b849bffff,8a4ba0b84987fff,8b4ba0b84980fff,26,行動北區營運處,桃園營運中心,
47,47+500.0,24.978129,121.1801,884ba0b849fffff,894ba0b849bffff,8a4ba0b84997fff,8b4ba0b84990fff,26,行動北區營運處,桃園營運中心,
47,47+600.0,24.977448,121.1795,884ba0b84dfffff,894ba0b84d7ffff,8a4ba0b84d67fff,8b4ba0b84d65fff,26,行動北區營運處,桃園營運中心,
47,47+700.0,24.976768,121.1788,884ba0b84dfffff,894ba0b84d7ffff,8a4ba0b84d67fff,8b4ba0b84d62fff,26,行動北區營運處,桃園營運中心,
47,47+800.0,24.976088,121.1782,884ba0b84dfffff,894ba0b84d7ffff,8a4ba0b84d77fff,8b4ba0b84d76fff,26,行動北區營運處,桃園營運中心,
47,47+900.0,24.975407,121.1775,884ba0b84dfffff,894ba0b84d3ffff,8a4ba0b84d0ffff,8b4ba0b84d08fff,26,行動北區營運處,桃園營運中心,
48,48+000.0,24.974727,121.1769,884ba0b84dfffff,894ba0b84d3ffff,8a4ba0b84d1ffff,8b4ba0b84d1dfff,26,行動北區營運處,桃園營運中心,
48,48+100.0,24.974047,121.1762,884ba0b84dfffff,894ba0b84d3ffff,8a4ba0b84d1ffff,8b4ba0b84dadfff,26,行動北區營運處,桃園營運中心,
48,48+200.0,24.973366,121.1756,884ba0b84dfffff,894ba0b84dbffff,8a4ba0b84daffff,8b4ba0b84daefff,26,行動北區營運處,桃園營運中心,
48,48+300.0,24.972686,121.1749,884ba0b84dfffff,894ba0b84dbffff,8a4ba0b84d87fff,8b4ba0b84d84fff,26,行動北區營運處,桃園營運中心,
48,48+324.3,24.97252,121.1748,884ba0b84dfffff,894ba0b84dbffff,8a4ba0b84d87fff,8b4ba0b84d86fff,26,行動北區營運處,桃園營運中心,
48,48+400.0,24.972006,121.1743,884ba0b84dfffff,894ba0b84dbffff,8a4ba0b84d97fff,8b4ba0b84d94fff,26,行動北區營運處,桃園營運中心,
48,48+500.0,24.971326,121.1736,884ba0bb1bfffff,894ba0bb1afffff,8a4ba0bb1acffff,8b4ba0bb1acbfff,26,行動北區營運處,桃園營運中心,
48,48+600.0,24.970649,121.173,884ba0bb13fffff,894ba0bb1afffff,8a4ba0bb1adffff,8b4ba0bb1ad9fff,26,行動北區營運處,桃園營運中心,
48,48+700.0,24.969976,121.1723,884ba0bb13fffff,894ba0bb133ffff,8a4ba0bb132ffff,8b4ba0bb1329fff,26,行動北區營運處,桃園營運中心,
48,48+800.0,24.969311,121.1716,884ba0bb13fffff,894ba0bb133ffff,8a4ba0bb132ffff,8b4ba0bb132afff,26,行動北區營運處,桃園營運中心,
48,48+874.3,24.968822,121.1711,884ba0bb13fffff,894ba0bb133ffff,8a4ba0bb1307fff,8b4ba0bb1300fff,26,行動北區營運處,桃園營運中心,
48,48+900.0,24.968655,121.171,884ba0bb13fffff,894ba0bb133ffff,8a4ba0bb1307fff,8b4ba0bb1300fff,26,行動北區營運處,桃園營運中心,
49,49+000.0,24.968009,121.1703,884ba0bb13fffff,894ba0bb133ffff,8a4ba0bb1317fff,8b4ba0bb1310fff,27,行動北區營運處,桃園營運中心,
49,49+100.0,24.967373,121.1696,884ba0bb13fffff,894ba0bb13bffff,8a4ba0bb13a7fff,8b4ba0bb13a5fff,27,行動北區營運處,桃園營運中心,
49,49+200.0,24.966748,121.1688,884ba0bb11fffff,894ba0bb13bffff,8a4ba0bb105ffff,8b4ba0bb13a6fff,27,行動北區營運處,桃園營運中心,
49,49+300.0,24.966133,121.1681,884ba0bb11fffff,894ba0bb10fffff,8a4ba0bb10effff,8b4ba0bb10e9fff,27,行動北區營運處,桃園營運中心,
49,49+400.0,24.965528,121.1674,884ba0bb11fffff,894ba0bb10fffff,8a4ba0bb10effff,8b4ba0bb10eafff,27,行動北區營運處,桃園營運中心,
49,49+500.0,24.964935,121.1666,884ba0bb11fffff,894ba0bb10fffff,8a4ba0bb10c7fff,8b4ba0bb10c0fff,27,行動北區營運處,桃園營運中心,
49,49+600.0,24.964353,121.1659,884ba0bb11fffff,894ba0bb10fffff,8a4ba0bb10d7fff,8b4ba0bb10d0fff,27,行動北區營運處,桃園營運中心,
49,49+700.0,24.963781,121.1651,884ba0bb11fffff,894ba0bb10bffff,8a4ba0bb1727fff,8b4ba0bb108bfff,27,行動北區營運處,桃園營運中心,
49,49+800.0,24.96322,121.1643,884ba0bb11fffff,894ba0bb10bffff,8a4ba0bb109ffff,8b4ba0bb109bfff,27,行動北區營運處,桃園營運中心,
49,49+900.0,24.962672,121.1636,884ba0bb15fffff,894ba0bb147ffff,8a4ba0bb146ffff,8b4ba0bb146dfff,27,行動北區營運處,桃園營運中心,
50,50+000.0,24.962135,121.1628,884ba0bb15fffff,894ba0bb147ffff,8a4ba0bb146ffff,8b4ba0bb146efff,27,行動北區營運處,桃園營運中心,
50,50+100.0,24.961609,121.162,884ba0bb15fffff,894ba0bb147ffff,8a4ba0bb1447fff,8b4ba0bb1444fff,27,行動北區營運處,桃園營運中心,
50,50+200.0,24.961095,121.1611,884ba0bb15fffff,894ba0bb147ffff,8a4ba0bb1477fff,8b4ba0bb1472fff,27,行動北區營運處,桃園營運中心,
50,50+300.0,24.960594,121.1603,884ba0bb15fffff,894ba0bb143ffff,8a4ba0bb140ffff,8b4ba0bb1408fff,27,行動北區營運處,桃園營運中心,
50,50+400.0,24.960104,121.1595,884ba0bb15fffff,894ba0bb143ffff,8a4ba0bb141ffff,8b4ba0bb1403fff,27,行動北區營運處,桃園營運中心,
50,50+500.0,24.959626,121.1586,884ba0bb15fffff,894ba0bb143ffff,8a4ba0bb1417fff,8b4ba0bb1410fff,27,行動北區營運處,桃園營運中心,
50,50+600.0,24.959161,121.1578,884ba0bb15fffff,894ba0bb14bffff,8a4ba0bb14a7fff,8b4ba0bb14a5fff,27,行動北區營運處,桃園營運中心,
50,50+700.0,24.958708,121.1569,884ba0bb15fffff,894ba0bb15bffff,8a4ba0bb159ffff,8b4ba0bb1599fff,27,行動北區營運處,桃園營運中心,
50,50+800.0,24.958268,121.1561,884ba0bb15fffff,894ba0bb15bffff,8a4ba0bb396ffff,8b4ba0bb396dfff,27,行動北區營運處,桃園營運中心,
50,50+864.8,24.957989,121.1555,884ba0bb15fffff,894ba0bb397ffff,8a4ba0bb396ffff,8b4ba0bb396cfff,27,行動北區營運處,桃園營運中心,
50,50+900.0,24.95784,121.1552,884ba0bb39fffff,894ba0bb397ffff,8a4ba0bb396ffff,8b4ba0bb396efff,27,行動北區營運處,桃園營運中心,
51,51+000.0,24.957425,121.1543,884ba0bb39fffff,894ba0bb397ffff,8a4ba0bb3967fff,8b4ba0bb3962fff,28,行動北區營運處,桃園營運中心,
51,51+100.0,24.957021,121.1534,884ba0bb39fffff,894ba0bb397ffff,8a4ba0bb3977fff,8b4ba0bb3974fff,28,行動北區營運處,桃園營運中心,
51,51+200.0,24.956624,121.1525,884ba0bb39fffff,894ba0bb393ffff,8a4ba0bb392ffff,8b4ba0bb392afff,28,行動北區營運處,桃園營運中心,
51,51+300.0,24.956232,121.1517,884ba0bb39fffff,894ba0bb393ffff,8a4ba0bb3907fff,8b4ba0bb3900fff,28,行動北區營運處,桃園營運中心,
51,51+400.0,24.955842,121.1508,884ba0bb39fffff,894ba0bb393ffff,8a4ba0bb3937fff,8b4ba0bb3933fff,28,行動北區營運處,桃園營運中心,
51,51+414.8,24.955785,121.1506,884ba0bb39fffff,894ba0bb393ffff,8a4ba0bb3937fff,8b4ba0bb3933fff,28,行動北區營運處,桃園營運中心,
51,51+500.0,24.955451,121.1499,884ba0bb39fffff,894ba0bb067ffff,8a4ba0bb064ffff,8b4ba0bb064dfff,28,行動北區營運處,桃園營運中心,
51,51+600.0,24.955061,121.149,884ba0bb07fffff,894ba0bb067ffff,8a4ba0bb0647fff,8b4ba0bb0643fff,28,行動北區營運處,桃園營運中心,
51,51+700.0,24.954671,121.1481,884ba0bb07fffff,894ba0bb067ffff,8a4ba0bb0657fff,8b4ba0bb0655fff,28,行動北區營運處,桃園營運中心,
51,51+800.0,24.95428,121.1472,884ba0bb07fffff,894ba0bb067ffff,8a4ba0bb0657fff,8b4ba0bb0656fff,28,行動北區營運處,桃園營運中心,
51,51+900.0,24.95389,121.1463,884ba0bb07fffff,894ba0bb063ffff,8a4ba0bb060ffff,8b4ba0bb060afff,28,行動北區營運處,桃園營運中心,
52,52+000.0,24.9535,121.1454,884ba0bb07fffff,894ba0bb063ffff,8a4ba0bb061ffff,8b4ba0bb061cfff,28,行動北區營運處,桃園營運中心,
52,52+100.0,24.953109,121.1445,884ba0bb07fffff,894ba0bb063ffff,8a4ba0bb0617fff,8b4ba0bb0612fff,28,行動北區營運處,桃園營運中心,
52,52+200.0,24.952719,121.1436,884ba0bb07fffff,894ba0bb06bffff,8a4ba0bb06a7fff,8b4ba0bb06a4fff,28,行動北區營運處,桃園營運中心,
52,52+300.0,24.952329,121.1427,884ba0bb07fffff,894ba0bb07bffff,8a4ba0bb079ffff,8b4ba0bb079bfff,28,行動北區營運處,桃園營運中心,
52,52+400.0,24.951938,121.1418,884ba0bb07fffff,894ba0bb2b7ffff,8a4ba0bb2b6ffff,8b4ba0bb2b6dfff,28,行動北區營運處,桃園營運中心,
52,52+500.0,24.951548,121.1409,884ba0bb2bfffff,894ba0bb2b7ffff,8a4ba0bb2b67fff,8b4ba0bb2b63fff,28,行動北區營運處,桃園營運中心,
52,52+600.0,24.951158,121.14,884ba0bb2bfffff,894ba0bb2b7ffff,8a4ba0bb2b77fff,8b4ba0bb2b75fff,28,行動北區營運處,桃園營運中心,
52,52+700.0,24.950767,121.1392,884ba0bb2bfffff,894ba0bb2b3ffff,8a4ba0bb2b2ffff,8b4ba0bb2b29fff,28,行動北區營運處,桃園營運中心,
52,52+800.0,24.950377,121.1383,884ba0bb2bfffff,894ba0bb2b3ffff,8a4ba0bb2b2ffff,8b4ba0bb2b2afff,28,行動北區營運處,桃園營運中心,
52,52+900.0,24.949987,121.1374,884ba0bb2bfffff,894ba0bb2b3ffff,8a4ba0bb2b07fff,8b4ba0bb2b04fff,28,行動北區營運處,桃園營運中心,
53,53+000.0,24.949596,121.1365,884ba0bb2bfffff,894ba0bb2b3ffff,8a4ba0bb2b37fff,8b4ba0bb2b32fff,29,行動北區營運處,桃園營運中心,
53,53+100.0,24.949206,121.1356,884ba0bb29fffff,894ba0bb287ffff,8a4ba0bb284ffff,8b4ba0bb284cfff,29,行動北區營運處,桃園營運中心,
53,53+200.0,24.948816,121.1347,884ba0bb29fffff,894ba0bb287ffff,8a4ba0bb2847fff,8b4ba0bb2843fff,29,行動北區營運處,桃園營運中心,
53,53+300.0,24.948425,121.1338,884ba0bb29fffff,894ba0bb287ffff,8a4ba0bb2857fff,8b4ba0bb2855fff,29,行動北區營運處,桃園營運中心,
53,53+400.0,24.948034,121.1329,884ba0bb29fffff,894ba0bb283ffff,8a4ba0bb280ffff,8b4ba0bb280bfff,29,行動北區營運處,桃園營運中心,
53,53+500.0,24.947643,121.132,884ba0bb29fffff,894ba0bb283ffff,8a4ba0bb281ffff,8b4ba0bb281dfff,29,行動北區營運處,桃園營運中心,
53,53+600.0,24.947253,121.1311,884ba0bb29fffff,894ba0bb283ffff,8a4ba0bb2817fff,8b4ba0bb2811fff,29,行動北區營運處,桃園營運中心,
53,53+700.0,24.946863,121.1302,884ba0bb29fffff,894ba0bb28bffff,8a4ba0bb2817fff,8b4ba0bb2812fff,29,行動北區營運處,桃園營運中心,
53,53+800.0,24.946472,121.1293,884ba0bb29fffff,894ba0bb29bffff,8a4ba0bb28a7fff,8b4ba0bb28a4fff,29,行動北區營運處,桃園營運中心,
53,53+900.0,24.946082,121.1284,884ba0bb29fffff,894ba0bb29bffff,8a4ba0bb299ffff,8b4ba0bb299afff,29,行動北區營運處,桃園營運中心,
54,54+000.0,24.945692,121.1275,884ba0bb29fffff,894ba0bb2d7ffff,8a4ba0bb2d6ffff,8b4ba0bb2d6cfff,29,行動北區營運處,桃園營運中心,
54,54+100.0,24.945301,121.1267,884ba0bb2dfffff,894ba0bb2d7ffff,8a4ba0bb2d67fff,8b4ba0bb2d60fff,29,行動北區營運處,桃園營運中心,
54,54+200.0,24.944911,121.1258,884ba0bb2dfffff,894ba0bb2d7ffff,8a4ba0bb2d77fff,8b4ba0bb2d74fff,29,行動北區營運處,桃園營運中心,
54,54+300.0,24.94452,121.1249,884ba0bb2dfffff,894ba0bb2d3ffff,8a4ba0bb2d2ffff,8b4ba0bb2d28fff,29,行動北區營運處,桃園營運中心,
54,54+400.0,24.944129,121.124,884ba0bb2dfffff,894ba0bb2d3ffff,8a4ba0bb2d07fff,8b4ba0bb2d05fff,29,行動北區營運處,桃園營運中心,
54,54+500.0,24.943739,121.1231,884ba0bb2dfffff,894ba0bb2d3ffff,8a4ba0bb2d37fff,8b4ba0bb2d31fff,29,行動北區營運處,桃園營運中心,
54,54+518.3,24.943668,121.1229,884ba0bb2dfffff,894ba0bb2d3ffff,8a4ba0bb2d37fff,8b4ba0bb2d31fff,29,行動北區營運處,桃園營運中心,
54,54+600.0,24.943349,121.1222,884ba0bb2dfffff,894ba08cda7ffff,8a4ba0bb2d37fff,8b4ba0bb2d36fff,29,行動北區營運處,桃園營運中心,
54,54+700.0,24.942957,121.1213,884ba08cdbfffff,894ba08cda7ffff,8a4ba08cda47fff,8b4ba08cda41fff,29,行動北區營運處,桃園營運中心,
54,54+800.0,24.942562,121.1204,884ba08cdbfffff,894ba08cda7ffff,8a4ba08cda47fff,8b4ba08cda42fff,29,行動北區營運處,桃園營運中心,
54,54+900.0,24.942161,121.1195,884ba08cdbfffff,894ba08cda7ffff,8a4ba08cda57fff,8b4ba08cda54fff,29,行動北區營運處,桃園營運中心,
55,55+000.0,24.941749,121.1186,884ba08cdbfffff,894ba08cda3ffff,8a4ba08cda0ffff,8b4ba08cda08fff,30,行動北區營運處,桃園營運中心,
55,55+068.3,24.941462,121.118,884ba08cdbfffff,894ba08cda3ffff,8a4ba08cda1ffff,8b4ba08cda1dfff,30,行動北區營運處,桃園營運中心,
55,55+100.0,24.941326,121.1178,884ba08cdbfffff,894ba08cda3ffff,8a4ba08cda1ffff,8b4ba08cda1cfff,30,行動北區營運處,桃園營運中心,
55,55+200.0,24.940889,121.1169,884ba08cdbfffff,894ba08cda3ffff,8a4ba08cda17fff,8b4ba08cda13fff,30,行動北區營運處,桃園營運中心,
55,55+300.0,24.94044,121.116,884ba08cdbfffff,894ba08cdabffff,8a4ba08cdaa7fff,8b4ba08cdaa5fff,30,行動北區營運處,桃園營運中心,
55,55+400.0,24.93998,121.1152,884ba08cdbfffff,894ba08cdabffff,8a4ba08cdb9ffff,8b4ba08cdb9bfff,30,行動北區營運處,桃園營運中心,
55,55+500.0,24.939505,121.1143,884ba08cdbfffff,894ba08cd17ffff,8a4ba08cd16ffff,8b4ba08cd169fff,30,行動北區營運處,桃園營運中心,
55,55+600.0,24.939019,121.1135,884ba08cd1fffff,894ba08cd17ffff,8a4ba08cd16ffff,8b4ba08cd16efff,30,行動北區營運處,桃園營運中心,
55,55+700.0,24.938522,121.1127,884ba08cd1fffff,894ba08cd17ffff,8a4ba08cd147fff,8b4ba08cd144fff,30,行動北區營運處,桃園營運中心,
55,55+800.0,24.938011,121.1119,884ba08cd1fffff,894ba08cd17ffff,8a4ba08cd177fff,8b4ba08cd172fff,30,行動北區營運處,桃園營運中心,
55,55+900.0,24.937489,121.1111,884ba08cd1fffff,894ba08cd13ffff,8a4ba08cd10ffff,8b4ba08cd108fff,30,行動北區營運處,桃園營運中心,
56,56+000.0,24.936955,121.1103,884ba08cd1fffff,894ba08cd13ffff,8a4ba08cd11ffff,8b4ba08cd103fff,30,行動北區營運處,桃園營運中心,
56,56+100.0,24.93641,121.1095,884ba08cd1fffff,894ba08cd13ffff,8a4ba08cd117fff,8b4ba08cd113fff,30,行動北區營運處,桃園營運中心,
56,56+200.0,24.935854,121.1087,884ba08cd1fffff,894ba08cd1bffff,8a4ba08cd1a7fff,8b4ba08cd1a5fff,30,行動北區營運處,桃園營運中心,
56,56+300.0,24.935286,121.1079,884ba08cd1fffff,894ba08cd1bffff,8a4ba08cd1a7fff,8b4ba08cd1a6fff,30,行動北區營運處,桃園營運中心,
56,56+400.0,24.934707,121.1072,884ba08cddfffff,894ba08cd1bffff,8a4ba08cd1b7fff,8b4ba08cd1b6fff,30,行動北區營運處,桃園營運中心,
56,56+500.0,24.934116,121.1064,884ba08cddfffff,894ba08cdcfffff,8a4ba08cdceffff,8b4ba08cdcccfff,30,行動北區營運處,桃園營運中心,
56,56+600.0,24.933515,121.1057,884ba08cddfffff,894ba08cdcfffff,8a4ba08cdcc7fff,8b4ba08cdcc2fff,30,行動北區營運處,桃園營運中心,
56,56+700.0,24.932904,121.1049,884ba08cddfffff,894ba08cdcfffff,8a4ba08cdcd7fff,8b4ba08cdcd0fff,30,行動北區營運處,桃園營運中心,
56,56+800.0,24.932281,121.1042,884ba08cddfffff,894ba08cd53ffff,8a4ba08cd527fff,8b4ba08cd525fff,30,行動北區營運處,桃園營運中心,
56,56+900.0,24.931649,121.1035,884ba08cddfffff,894ba08cd53ffff,8a4ba08cd527fff,8b4ba08cd526fff,30,行動北區營運處,桃園營運中心,
57,57+000.0,24.931005,121.1028,884ba08cd5fffff,894ba08cc27ffff,8a4ba08cd537fff,8b4ba08cd536fff,31,行動北區營運處,桃園營運中心,
57,57+100.0,24.930352,121.1021,884ba08cc3fffff,894ba08cc27ffff,8a4ba08cc24ffff,8b4ba08cc24cfff,31,行動北區營運處,桃園營運中心,
57,57+200.0,24.92969,121.1015,884ba08cc3fffff,894ba08cc27ffff,8a4ba08cc247fff,8b4ba08cc243fff,31,行動北區營運處,桃園營運中心,
57,57+300.0,24.929017,121.1008,884ba08cc3fffff,894ba08cc27ffff,8a4ba08cc257fff,8b4ba08cc253fff,31,行動北區營運處,桃園營運中心,
57,57+400.0,24.928335,121.1002,884ba08cc3fffff,894ba08cc2fffff,8a4ba08cc2e7fff,8b4ba08cc2e1fff,31,行動北區營運處,桃園營運中心,
57,57+500.0,24.927644,121.0995,884ba08cc3fffff,894ba08cc2fffff,8a4ba08cc2f7fff,8b4ba08cc2e2fff,31,行動北區營運處,桃園營運中心,
57,57+600.0,24.926943,121.0989,884ba08cc3fffff,894ba08cc2fffff,8a4ba08cc2f7fff,8b4ba08cc2f2fff,31,行動北區營運處,桃園營運中心,
57,57+700.0,24.926232,121.0983,884ba08cc3fffff,894ba08cc2bffff,8a4ba08cc28ffff,8b4ba08cc288fff,31,行動北區營運處,桃園營運中心,
57,57+800.0,24.925514,121.0977,884ba08cc3fffff,894ba08cc2bffff,8a4ba08cc29ffff,8b4ba08cc298fff,31,行動北區營運處,桃園營運中心,
57,57+900.0,24.924787,121.0971,884ba08cc7fffff,894ba08cc67ffff,8a4ba08cc66ffff,8b4ba08cc66dfff,31,行動北區營運處,桃園營運中心,
58,58+000.0,24.924051,121.0965,884ba08cc7fffff,894ba08cc67ffff,8a4ba08cc66ffff,8b4ba08cc66afff,31,行動北區營運處,桃園營運中心,
58,58+100.0,24.923307,121.096,884ba08cc7fffff,894ba08cc67ffff,8a4ba08cc647fff,8b4ba08cc642fff,31,行動北區營運處,桃園營運中心,
58,58+200.0,24.922555,121.0954,884ba08cc7fffff,894ba08cc67ffff,8a4ba08cc657fff,8b4ba08cc650fff,31,行動北區營運處,桃園營運中心,
58,58+300.0,24.921795,121.0949,884ba08cc7fffff,894ba08cc6fffff,8a4ba08cc6e7fff,8b4ba08cc6e1fff,31,行動北區營運處,桃園營運中心,
58,58+400.0,24.921027,121.0944,884ba08cc7fffff,894ba08cc6fffff,8a4ba08cc6c7fff,8b4ba08cc6c4fff,31,行動北區營運處,桃園營運中心,
58,58+449.4,24.920646,121.0941,884ba08cc7fffff,894ba08cc6fffff,8a4ba08cc6f7fff,8b4ba08cc6f1fff,31,行動北區營運處,桃園營運中心,
58,58+500.0,24.920252,121.0939,884ba08cc7fffff,894ba08cc6fffff,8a4ba08cc6f7fff,8b4ba08cc6d4fff,31,行動北區營運處,桃園營運中心,
58,58+600.0,24.91947,121.0934,884ba08cc7fffff,894ba08cc6bffff,8a4ba08cc68ffff,8b4ba08cc68bfff,31,行動北區營運處,桃園營運中心,
58,58+700.0,24.918682,121.0929,884ba08cc7fffff,894ba08c8d3ffff,8a4ba08c8d27fff,8b4ba08c8d26fff,31,行動北區營運處,桃園營運中心,
58,58+800.0,24.91789,121.0924,884ba08c8dfffff,894ba08c8d3ffff,8a4ba08c8d37fff,8b4ba08c8d30fff,31,行動北區營運處,桃園營運中心,
58,58+900.0,24.917096,121.0919,884ba08c8dfffff,894ba08cea7ffff,8a4ba08cea4ffff,8b4ba08cea48fff,31,行動北區營運處,桃園營運中心,
58,58+999.4,24.916306,121.0915,884ba08cebfffff,894ba08cea7ffff,8a4ba08cea5ffff,8b4ba08cea59fff,31,行動北區營運處,桃園營運中心,
59,59+000.0,24.916301,121.0915,884ba08cebfffff,894ba08cea7ffff,8a4ba08cea5ffff,8b4ba08cea59fff,32,行動北區營運處,桃園營運中心,
59,59+100.0,24.915506,121.091,884ba08cebfffff,894ba08cea7ffff,8a4ba08cea5ffff,8b4ba08cea5afff,32,行動北區營運處,桃園營運中心,
59,59+200.0,24.914712,121.0905,884ba08cebfffff,894ba08ceafffff,8a4ba08ceaeffff,8b4ba08ceaebfff,32,行動北區營運處,桃園營運中心,
59,59+300.0,24.913917,121.0901,884ba08cebfffff,894ba08ceafffff,8a4ba08ceac7fff,8b4ba08ceac3fff,32,行動北區營運處,桃園營運中心,
59,59+400.0,24.913122,121.0896,884ba08cebfffff,894ba08ceafffff,8a4ba08ceadffff,8b4ba08ceadefff,32,行動北區營運處,桃園營運中心,
59,59+500.0,24.912327,121.0891,884ba08ce3fffff,894ba08ce33ffff,8a4ba08ce32ffff,8b4ba08ce328fff,32,行動北區營運處,桃園營運中心,
59,59+600.0,24.911532,121.0886,884ba08ce3fffff,894ba08ce33ffff,8a4ba08ce307fff,8b4ba08ce305fff,32,行動北區營運處,桃園營運中心,
59,59+700.0,24.910738,121.0882,884ba08ce3fffff,894ba08ce33ffff,8a4ba08ce317fff,8b4ba08ce302fff,32,行動北區營運處,桃園營運中心,
59,59+800.0,24.909943,121.0877,884ba08ce3fffff,894ba08ce33ffff,8a4ba08ce317fff,8b4ba08ce312fff,32,行動北區營運處,桃園營運中心,
59,59+860.7,24.909461,121.0874,884ba08ce3fffff,894ba08ce3bffff,8a4ba08ce3a7fff,8b4ba08ce3a1fff,32,行動北區營運處,桃園營運中心,
59,59+900.0,24.909148,121.0872,884ba08ce3fffff,894ba08ce3bffff,8a4ba08ce3a7fff,8b4ba08ce3a3fff,32,行動北區營運處,桃園營運中心,
60,60+000.0,24.908353,121.0868,884ba08ce3fffff,894ba08ce3bffff,8a4ba08ce387fff,8b4ba08ce386fff,32,行動北區營運處,桃園營運中心,
60,60+100.0,24.907561,121.0863,884ba08ce3fffff,894ba08ce3bffff,8a4ba08ce397fff,8b4ba08ce396fff,32,行動北區營運處,桃園營運中心,
60,60+160.7,24.907081,121.086,884ba08ce7fffff,894ba08ce77ffff,8a4ba08ce767fff,8b4ba08ce765fff,32,行動北區營運處,桃園營運中心,
60,60+200.0,24.90677,121.0858,884ba08ce7fffff,894ba08ce77ffff,8a4ba08ce767fff,8b4ba08ce760fff,32,行動北區營運處,桃園營運中心,
60,60+300.0,24.905984,121.0853,884ba08ce7fffff,894ba08ce77ffff,8a4ba08ce777fff,8b4ba08ce775fff,32,行動北區營運處,桃園營運中心,
60,60+400.0,24.905202,121.0848,884ba08ce7fffff,894ba08ce77ffff,8a4ba08ce777fff,8b4ba08ce772fff,32,行動北區營運處,桃園營運中心,
60,60+500.0,24.904422,121.0843,884ba08ce7fffff,894ba08ce73ffff,8a4ba08ce70ffff,8b4ba08ce70afff,32,行動北區營運處,桃園營運中心,
60,60+520.8,24.90426,121.0842,884ba08ce7fffff,894ba08ce73ffff,8a4ba08ce70ffff,8b4ba08ce70afff,32,行動北區營運處,桃園營運中心,
60,60+600.0,24.903647,121.0838,884ba08ce7fffff,894ba08ce73ffff,8a4ba08ce71ffff,8b4ba08ce71bfff,32,行動北區營運處,桃園營運中心,
60,60+700.0,24.902874,121.0833,884ba08ce7fffff,894ba08ce7bffff,8a4ba08ce7affff,8b4ba08ce7a9fff,32,行動北區營運處,桃園營運中心,
60,60+800.0,24.902102,121.0828,884ba08ce7fffff,894ba08ce7bffff,8a4ba08ce78ffff,8b4ba08ce78cfff,32,行動北區營運處,桃園營運中心,
60,60+820.8,24.901942,121.0827,884ba08ce7fffff,894ba08ce7bffff,8a4ba08ce78ffff,8b4ba08ce78efff,32,行動北區營運處,桃園營運中心,
60,60+900.0,24.901332,121.0823,884ba08ce7fffff,894ba08ce7bffff,8a4ba08ce79ffff,8b4ba08ce79cfff,32,行動北區營運處,桃園營運中心,
61,61+000.0,24.90056,121.0818,884ba08ce7fffff,894ba08ce7bffff,8a4ba08ddb6ffff,8b4ba08ddb6dfff,33,行動北區營運處,桃園營運中心,
61,61+100.0,24.899789,121.0813,884ba08ddbfffff,894ba08ddb7ffff,8a4ba08ddb6ffff,8b4ba08ddb6efff,33,行動北區營運處,桃園營運中心,
61,61+200.0,24.899019,121.0807,884ba08ddbfffff,894ba08ddb7ffff,8a4ba08ddb47fff,8b4ba08ddb40fff,33,行動北區營運處,新竹營運中心,
61,61+300.0,24.898247,121.0802,884ba08ddbfffff,894ba08ddb7ffff,8a4ba08ddb57fff,8b4ba08ddb50fff,33,行動北區營運處,新竹營運中心,
61,61+400.0,24.897476,121.0797,884ba08ddbfffff,894ba08dda3ffff,8a4ba08dda27fff,8b4ba08dda21fff,33,行動北區營運處,新竹營運中心,
61,61+500.0,24.896704,121.0792,884ba08ddbfffff,894ba08dda3ffff,8a4ba08dda27fff,8b4ba08dda22fff,33,行動北區營運處,新竹營運中心,
61,61+600.0,24.895934,121.0787,884ba08ddbfffff,894ba08dda3ffff,8a4ba08dda37fff,8b4ba08dda32fff,33,行動北區營運處,新竹營運中心,
61,61+700.0,24.895163,121.0782,884ba08ddbfffff,894ba08ddbbffff,8a4ba08ddb8ffff,8b4ba08ddb8bfff,33,行動北區營運處,新竹營運中心,
61,61+800.0,24.894391,121.0777,884ba08ddbfffff,894ba08ddbbffff,8a4ba08ddb9ffff,8b4ba08ddb99fff,33,行動北區營運處,新竹營運中心,
61,61+900.0,24.893621,121.0771,884ba08ddbfffff,894ba08ddabffff,8a4ba08ddab7fff,8b4ba08ddab4fff,33,行動北區營運處,新竹營運中心,
62,62+000.0,24.89285,121.0766,884ba08dd1fffff,894ba08dd17ffff,8a4ba08dd14ffff,8b4ba08dd14cfff,33,行動北區營運處,新竹營運中心,
62,62+100.0,24.892078,121.0761,884ba08dd1fffff,894ba08dd17ffff,8a4ba08dd15ffff,8b4ba08dd15dfff,33,行動北區營運處,新竹營運中心,
62,62+200.0,24.891307,121.0756,884ba08dd1fffff,894ba08dd17ffff,8a4ba08dd15ffff,8b4ba08dd15efff,33,行動北區營運處,新竹營運中心,
62,62+296.8,24.890561,121.0751,884ba08dd1fffff,894ba08dd03ffff,8a4ba08dd02ffff,8b4ba08dd028fff,33,行動北區營運處,新竹營運中心,
62,62+300.0,24.890536,121.0751,884ba08dd1fffff,894ba08dd03ffff,8a4ba08dd02ffff,8b4ba08dd028fff,33,行動北區營運處,新竹營運中心,
62,62+400.0,24.889765,121.0746,884ba08dd1fffff,894ba08dd03ffff,8a4ba08dd007fff,8b4ba08dd000fff,33,行動北區營運處,新竹營運中心,
62,62+446.8,24.889404,121.0743,884ba08dd1fffff,894ba08dd03ffff,8a4ba08dd007fff,8b4ba08dd002fff,33,行動北區營運處,新竹營運中心,
62,62+500.0,24.888992,121.074,884ba08dd1fffff,894ba08dd03ffff,8a4ba08dd017fff,8b4ba08dd011fff,33,行動北區營運處,新竹營運中心,
62,62+594.9,24.888258,121.0736,884ba08dd1fffff,894ba08dd0bffff,8a4ba08dd017fff,8b4ba08dd012fff,33,行動北區營運處,新竹營運中心,
62,62+600.0,24.888218,121.0735,884ba08dd1fffff,894ba08dd0bffff,8a4ba08dd017fff,8b4ba08dd012fff,33,行動北區營運處,新竹營運中心,
62,62+700.0,24.887442,121.073,884ba08dd1fffff,894ba08dd0bffff,8a4ba08dd0a7fff,8b4ba08dd0a2fff,33,行動北區營運處,新竹營運中心,
62,62+744.9,24.887092,121.0728,884ba08dd1fffff,894ba08dd0bffff,8a4ba08dd0b7fff,8b4ba08dd0b1fff,33,行動北區營運處,新竹營運中心,
62,62+800.0,24.886665,121.0725,884ba08dd1fffff,894ba08dd0bffff,8a4ba08dd0b7fff,8b4ba08dd0b3fff,33,行動北區營運處,新竹營運中心,
62,62+900.0,24.885888,121.072,884ba08dd5fffff,894ba08dd0bffff,8a4ba08dd097fff,8b4ba08dd096fff,33,行動北區營運處,新竹營運中心,
63,63+000.0,24.885111,121.0715,884ba08dd5fffff,894ba08dd47ffff,8a4ba08dd467fff,8b4ba08dd464fff,34,行動北區營運處,新竹營運中心,
63,63+100.0,24.884335,121.071,884ba08dd5fffff,894ba08dd47ffff,8a4ba08dd477fff,8b4ba08dd474fff,34,行動北區營運處,新竹營運中心,
63,63+200.0,24.883558,121.0705,884ba08dd5fffff,894ba08dd43ffff,8a4ba08dd40ffff,8b4ba08dd40dfff,34,行動北區營運處,新竹營運中心,
63,63+300.0,24.882782,121.07,884ba08dd5fffff,894ba08dd43ffff,8a4ba08dd40ffff,8b4ba08dd40afff,34,行動北區營運處,新竹營運中心,
63,63+400.0,24.882005,121.0695,884ba08dd5fffff,894ba08dd43ffff,8a4ba08dd41ffff,8b4ba08dd418fff,34,行動北區營運處,新竹營運中心,
63,63+500.0,24.881228,121.069,884ba08dd5fffff,894ba08dd4bffff,8a4ba08dd4affff,8b4ba08dd4a8fff,34,行動北區營運處,新竹營運中心,
63,63+600.0,24.880451,121.0685,884ba08dd5fffff,894ba08dd4bffff,8a4ba08dd487fff,8b4ba08dd481fff,34,行動北區營運處,新竹營運中心,
63,63+700.0,24.879675,121.068,884ba08dd5fffff,894ba08dd4bffff,8a4ba08dd49ffff,8b4ba08dd49cfff,34,行動北區營運處,新竹營運中心,
63,63+800.0,24.878898,121.0675,884ba08d89fffff,894ba08d887ffff,8a4ba08d886ffff,8b4ba08d886cfff,34,行動北區營運處,新竹營運中心,
63,63+900.0,24.878122,121.067,884ba08d89fffff,894ba08d887ffff,8a4ba08d8867fff,8b4ba08d8863fff,34(湖口隧道)**,行動北區營運處,新竹營運中心,延伸段
64,64+000.0,24.877345,121.0665,884ba08d89fffff,894ba08d887ffff,8a4ba08d8847fff,8b4ba08d8846fff,34(湖口隧道)**,行動北區營運處,新竹營運中心,延伸段
64,64+100.0,24.876568,121.066,884ba08d89fffff,894ba08d887ffff,8a4ba08d8857fff,8b4ba08d8850fff,34(湖口隧道)**,行動北區營運處,新竹營運中心,延伸段
64,64+200.0,24.875791,121.0655,884ba08d89fffff,894ba08d88fffff,8a4ba08d88e7fff,8b4ba08d88e0fff,34(湖口隧道)**,行動北區營運處,新竹營運中心,北口
64,64+300.0,24.875015,121.065,884ba08d89fffff,894ba08d88fffff,8a4ba08d88f7fff,8b4ba08d88f5fff,34(湖口隧道)**,行動北區營運處,新竹營運中心,
64,64+400.0,24.874238,121.0645,884ba08d89fffff,894ba08d88fffff,8a4ba08d88f7fff,8b4ba08d88f2fff,34(湖口隧道)**,行動北區營運處,新竹營運中心,
64,64+500.0,24.873462,121.064,884ba08d89fffff,894ba08d88bffff,8a4ba08d888ffff,8b4ba08d888afff,34(湖口隧道)**,行動北區營運處,新竹營運中心,
64,64+600.0,24.872684,121.0634,884ba08d89fffff,894ba08d88bffff,8a4ba08d889ffff,8b4ba08d889bfff,34(湖口隧道)**,行動北區營運處,新竹營運中心,
64,64+700.0,24.871908,121.0629,884ba08d8dfffff,894ba08d8c7ffff,8a4ba08d8c6ffff,8b4ba08d8c69fff,34(湖口隧道)**,行動北區營運處,新竹營運中心,
64,64+800.0,24.871131,121.0624,884ba08d8dfffff,894ba08d8c7ffff,8a4ba08d8c4ffff,8b4ba08d8c4cfff,34(湖口隧道)**,行動北區營運處,新竹營運中心,
64,64+900.0,24.870355,121.0619,884ba08d8dfffff,894ba08d8c7ffff,8a4ba08d8c5ffff,8b4ba08d8c5cfff,34(湖口隧道)**,行動北區營運處,新竹營運中心,
65,65+000.0,24.869578,121.0614,884ba08d8dfffff,894ba08d8c7ffff,8a4ba08d8ceffff,8b4ba08d8cedfff,35(湖口隧道)**,行動北區營運處,新竹營運中心,
65,65+100.0,24.868801,121.0609,884ba08d8dfffff,894ba08d8cfffff,8a4ba08d8ceffff,8b4ba08d8ceefff,35(湖口隧道)**,行動北區營運處,新竹營運中心,
65,65+200.0,24.868024,121.0604,884ba08d8dfffff,894ba08d8cfffff,8a4ba08d8cc7fff,8b4ba08d8cc0fff,35(湖口隧道)**,行動北區營運處,新竹營運中心,
65,65+300.0,24.867247,121.0599,884ba08d8dfffff,894ba08d8cfffff,8a4ba08d8cd7fff,8b4ba08d8cd0fff,35(湖口隧道)**,行動北區營運處,新竹營運中心,
65,65+400.0,24.866471,121.0594,884ba08d8dfffff,894ba08d853ffff,8a4ba08d8527fff,8b4ba08d8521fff,35(湖口隧道)**,行動北區營運處,新竹營運中心,
65,65+500.0,24.865694,121.0589,884ba08d85fffff,894ba08d853ffff,8a4ba08d8527fff,8b4ba08d8522fff,35(湖口隧道)**,行動北區營運處,新竹營運中心,
65,65+578.1,24.865088,121.0585,884ba08d85fffff,894ba08d853ffff,8a4ba08d8537fff,8b4ba08d8533fff,35(湖口隧道)**,行動北區營運處,新竹營運中心,
65,65+600.0,24.864918,121.0584,884ba08d85fffff,894ba08d853ffff,8a4ba08d8537fff,8b4ba08d8533fff,35(湖口隧道)**,行動北區營運處,新竹營運中心,
65,65+700.0,24.86414,121.0579,884ba08d85fffff,894ba08de27ffff,8a4ba08de24ffff,8b4ba08de24bfff,35(湖口隧道)**,行動北區營運處,新竹營運中心,
65,65+800.0,24.863363,121.0574,884ba08d85fffff,894ba08d85bffff,8a4ba08d85a7fff,8b4ba08d85a6fff,35(湖口隧道)**,行動北區營運處,新竹營運中心,
65,65+900.0,24.862582,121.0569,884ba08de3fffff,894ba08d85bffff,8a4ba08d85b7fff,8b4ba08d85b4fff,35(湖口隧道)**,行動北區營運處,新竹營運中心,
66,66+000.0,24.861798,121.0564,884ba08de3fffff,894ba08de2fffff,8a4ba08de2cffff,8b4ba08de2cdfff,35(湖口隧道)**,行動北區營運處,新竹營運中心,
66,66+100.0,24.861006,121.0559,884ba08de3fffff,894ba08de2fffff,8a4ba08de2dffff,8b4ba08de2ddfff,35(湖口隧道)**,行動北區營運處,新竹營運中心,
66,66+128.1,24.860783,121.0558,884ba08de3fffff,894ba08de2fffff,8a4ba08de2dffff,8b4ba08de2ddfff,35(湖口隧道)**,行動北區營運處,新竹營運中心,
66,66+200.0,24.860209,121.0555,884ba08da9fffff,894ba08de2fffff,8a4ba08de2dffff,8b4ba08de2dafff,35(湖口隧道)**,行動北區營運處,新竹營運中心,
66,66+300.0,24.859404,121.055,884ba08da9fffff,894ba08da93ffff,8a4ba08da92ffff,8b4ba08da92bfff,35(湖口隧道)**,行動北區營運處,新竹營運中心,
66,66+400.0,24.858594,121.0546,884ba08da9fffff,894ba08da93ffff,8a4ba08da907fff,8b4ba08da90efff,35(湖口隧道)**,行動北區營運處,新竹營運中心,
66,66+500.0,24.857777,121.0542,884ba08da9fffff,894ba08da93ffff,8a4ba08da91ffff,8b4ba08da91efff,35(湖口隧道)**,行動北區營運處,新竹營運中心,
66,66+600.0,24.856953,121.0538,884ba08da9fffff,894ba08da9bffff,8a4ba08da9affff,8b4ba08da9a8fff,35(湖口隧道)**,行動北區營運處,新竹營運中心,
66,66+700.0,24.856125,121.0534,884ba08da9fffff,894ba08da9bffff,8a4ba08da987fff,8b4ba08da981fff,35(湖口隧道)**,行動北區營運處,新竹營運中心,
66,66+800.0,24.85529,121.053,884ba08da9fffff,894ba08da9bffff,8a4ba08da99ffff,8b4ba08da99cfff,35(湖口隧道)**,行動北區營運處,新竹營運中心,
66,66+900.0,24.85445,121.0526,884ba08da9fffff,894ba08da9bffff,8a4ba08dad6ffff,8b4ba08dad6dfff,35(湖口隧道)**,行動北區營運處,新竹營運中心,
67,67+000.0,24.853605,121.0523,884ba08dadfffff,894ba08dad7ffff,8a4ba08dad6ffff,8b4ba08dad6afff,36(湖口隧道)**,行動北區營運處,新竹營運中心,
67,67+100.0,24.852755,121.0519,884ba08dadfffff,894ba08dad7ffff,8a4ba08dad47fff,8b4ba08dad42fff,36(湖口隧道)**,行動北區營運處,新竹營運中心,
67,67+200.0,24.8519,121.0516,884ba08dadfffff,894ba08dad7ffff,8a4ba08dad57fff,8b4ba08dad53fff,36(湖口隧道)**,行動北區營運處,新竹營運中心,
67,67+300.0,24.851041,121.0513,884ba08dadfffff,894ba08dac3ffff,8a4ba08dac2ffff,8b4ba08dac2efff,36(湖口隧道)**,行動北區營運處,新竹營運中心,
67,67+400.0,24.850177,121.051,884ba08dadfffff,894ba08dac3ffff,8a4ba08dac07fff,8b4ba08dac00fff,36(湖口隧道)**,行動北區營運處,新竹營運中心,
67,67+489.5,24.8494,121.0508,884ba08dadfffff,894ba08dac3ffff,8a4ba08dac1ffff,8b4ba08dac1cfff,36(湖口隧道)**,行動北區營運處,新竹營運中心,
67,67+500.0,24.849309,121.0508,884ba08dadfffff,894ba08dac3ffff,8a4ba08dac1ffff,8b4ba08dac1efff,36(湖口隧道)**,行動北區營運處,新竹營運中心,
67,67+600.0,24.848437,121.0505,884ba08dadfffff,894ba08dacbffff,8a4ba08dacaffff,8b4ba08daca8fff,36(湖口隧道)**,行動北區營運處,新竹營運中心,
67,67+700.0,24.847562,121.0503,884ba08dadfffff,894ba08dacbffff,8a4ba08dac87fff,8b4ba08dac81fff,36(湖口隧道)**,行動北區營運處,新竹營運中心,
67,67+800.0,24.846685,121.05,884ba08dadfffff,894ba08dacbffff,8a4ba08dac9ffff,8b4ba08dac9cfff,36(湖口隧道)**,行動北區營運處,新竹營運中心,
67,67+900.0,24.845806,121.0498,884ba012d3fffff,894ba08dacbffff,8a4ba012d26ffff,8b4ba012d26dfff,36(湖口隧道)**,行動北區營運處,新竹營運中心,
68,68+000.0,24.844927,121.0496,884ba012d3fffff,894ba012d27ffff,8a4ba012d26ffff,8b4ba012d24cfff,36(湖口隧道)**,行動北區營運處,新竹營運中心,
68,68+039.5,24.844579,121.0495,884ba012d3fffff,894ba012d27ffff,8a4ba012d24ffff,8b4ba012d24cfff,36(湖口隧道)**,行動北區營運處,新竹營運中心,
68,68+100.0,24.844048,121.0493,884ba012d3fffff,894ba012d27ffff,8a4ba012d25ffff,8b4ba012d25dfff,36(湖口隧道)**,行動北區營運處,新竹營運中心,
68,68+200.0,24.843168,121.0491,884ba012d3fffff,894ba012d27ffff,8a4ba012d25ffff,8b4ba012d25afff,36(湖口隧道)**,行動北區營運處,新竹營運中心,
68,68+300.0,24.842289,121.0489,884ba012d3fffff,894ba012d2fffff,8a4ba012d2effff,8b4ba012d2ebfff,36(湖口隧道)**,行動北區營運處,新竹營運中心,
68,68+400.0,24.84141,121.0487,884ba012d3fffff,894ba012d2fffff,8a4ba012d2cffff,8b4ba012d2cafff,36(湖口隧道)**,行動北區營運處,新竹營運中心,
68,68+500.0,24.84053,121.0484,884ba01299fffff,894ba012d2fffff,8a4ba012d2dffff,8b4ba012d2dbfff,36(湖口隧道)**,行動北區營運處,新竹營運中心,南口
68,68+600.0,24.839651,121.0482,884ba01299fffff,894ba012997ffff,8a4ba0129977fff,8b4ba0129976fff,36(湖口隧道)**,行動北區營運處,新竹營運中心,延伸段
68,68+700.0,24.838772,121.048,884ba01299fffff,894ba012993ffff,8a4ba012990ffff,8b4ba0129909fff,36(湖口隧道)**,行動北區營運處,新竹營運中心,延伸段
68,68+800.0,24.837893,121.0478,884ba01299fffff,894ba012983ffff,8a4ba0129827fff,8b4ba0129824fff,36(湖口隧道)**,行動北區營運處,新竹營運中心,延伸段
68,68+900.0,24.837013,121.0476,884ba01299fffff,894ba012983ffff,8a4ba0129837fff,8b4ba0129830fff,36,行動北區營運處,新竹營運中心,
69,69+000.0,24.836134,121.0473,884ba01299fffff,894ba012983ffff,8a4ba0129817fff,8b4ba0129989fff,37,行動北區營運處,新竹營運中心,
69,69+100.0,24.835255,121.0471,884ba01299fffff,894ba01298bffff,8a4ba01298a7fff,8b4ba01298a5fff,37,行動北區營運處,新竹營運中心,
69,69+200.0,24.834376,121.0469,884ba01299fffff,894ba01298bffff,8a4ba01298b7fff,8b4ba01298a2fff,37,行動北區營運處,新竹營運中心,
69,69+300.0,24.833497,121.0467,884ba01299fffff,894ba01298bffff,8a4ba0129897fff,8b4ba0129894fff,37,行動北區營運處,新竹營運中心,
69,69+400.0,24.832618,121.0464,884ba0129dfffff,894ba0129c7ffff,8a4ba0129897fff,8b4ba0129892fff,37,行動北區營運處,新竹營運中心,
69,69+500.0,24.831738,121.0462,884ba0129dfffff,894ba0129c7ffff,8a4ba0129c67fff,8b4ba0129c63fff,37,行動北區營運處,新竹營運中心,
69,69+600.0,24.830859,121.046,884ba0129dfffff,894ba0129c7ffff,8a4ba0129c47fff,8b4ba0129c46fff,37,行動北區營運處,新竹營運中心,
69,69+700.0,24.82998,121.0458,884ba0129dfffff,894ba0129c7ffff,8a4ba0129c57fff,8b4ba0129c50fff,37,行動北區營運處,新竹營運中心,
69,69+800.0,24.8291,121.0455,884ba0129dfffff,894ba0129cfffff,8a4ba0129ce7fff,8b4ba0129ceefff,37(犁頭山隧道)**,行動北區營運處,新竹營運中心,延伸段
69,69+900.0,24.828221,121.0453,884ba0129dfffff,894ba0129cfffff,8a4ba0129cc7fff,8b4ba0129cc0fff,37(犁頭山隧道)**,行動北區營運處,新竹營運中心,延伸段
70,70+000.0,24.827342,121.0451,884ba0129dfffff,894ba0129cfffff,8a4ba0129cd7fff,8b4ba0129cd1fff,37(犁頭山隧道)**,行動北區營運處,新竹營運中心,延伸段
70,70+100.0,24.826462,121.0449,884ba01295fffff,894ba012953ffff,8a4ba012952ffff,8b4ba012952cfff,37(犁頭山隧道)**,行動北區營運處,新竹營運中心,
70,70+200.0,24.825583,121.0446,884ba01295fffff,894ba012953ffff,8a4ba0129507fff,8b4ba0129501fff,37(犁頭山隧道)**,行動北區營運處,新竹營運中心,
70,70+300.0,24.824704,121.0444,884ba01295fffff,894ba012953ffff,8a4ba012951ffff,8b4ba012951cfff,37(犁頭山隧道)**,行動北區營運處,新竹營運中心,
70,70+400.0,24.823824,121.0442,884ba01295fffff,894ba01295bffff,8a4ba01295affff,8b4ba01295adfff,37(犁頭山隧道)**,行動北區營運處,新竹營運中心,
70,70+500.0,24.822945,121.044,884ba01295fffff,894ba01295bffff,8a4ba01295affff,8b4ba01295aafff,37(犁頭山隧道)**,行動北區營運處,新竹營運中心,
70,70+600.0,24.822066,121.0437,884ba01295fffff,894ba01295bffff,8a4ba012959ffff,8b4ba012959dfff,37(犁頭山隧道)**,行動北區營運處,新竹營運中心,
70,70+700.0,24.821187,121.0435,884ba01295fffff,894ba01295bffff,8a4ba012959ffff,8b4ba012959afff,37(犁頭山隧道)**,行動北區營運處,新竹營運中心,
70,70+800.0,24.820307,121.0433,884ba012b9fffff,894ba012b97ffff,8a4ba012b96ffff,8b4ba012b96bfff,37(犁頭山隧道)**,行動北區營運處,新竹營運中心,
70,70+900.0,24.819428,121.0431,884ba012b9fffff,894ba012b97ffff,8a4ba012b94ffff,8b4ba012b94efff,37(犁頭山隧道)**,行動北區營運處,新竹營運中心,延伸段
71,71+000.0,24.818549,121.0428,884ba012b9fffff,894ba012b97ffff,8a4ba012b95ffff,8b4ba012b95bfff,37(犁頭山隧道)**,行動北區營運處,新竹營運中心,延伸段
71,71+100.0,24.817669,121.0426,884ba012b9fffff,894ba012b87ffff,8a4ba012b877fff,8b4ba012b876fff,37(犁頭山隧道)**,行動北區營運處,新竹營運中心,延伸段
71,71+200.0,24.81679,121.0424,884ba012b9fffff,894ba012b83ffff,8a4ba012b80ffff,8b4ba012b808fff,38,行動北區營運處,新竹營運中心,
71,71+300.0,24.815911,121.0422,884ba012b9fffff,894ba012b83ffff,8a4ba012b8e7fff,8b4ba012b819fff,38,行動北區營運處,新竹營運中心,
71,71+400.0,24.815031,121.0419,884ba012b9fffff,894ba012b8fffff,8a4ba012b8f7fff,8b4ba012b8f0fff,38,行動北區營運處,新竹營運中心,
71,71+500.0,24.814152,121.0417,884ba012b9fffff,894ba012b8fffff,8a4ba012b88ffff,8b4ba012b889fff,38,行動北區營運處,新竹營運中心,
71,71+600.0,24.813273,121.0415,884ba012b9fffff,894ba012b13ffff,8a4ba012b127fff,8b4ba012b124fff,38,行動北區營運處,新竹營運中心,
71,71+700.0,24.812393,121.0413,884ba012b1fffff,894ba012b13ffff,8a4ba012b137fff,8b4ba012b135fff,38,行動北區營運處,新竹營運中心,
71,71+800.0,24.811514,121.041,884ba012b1fffff,894ba012b13ffff,8a4ba012b117fff,8b4ba012b114fff,38,行動北區營運處,新竹營運中心,
71,71+900.0,24.810635,121.0408,884ba012b1fffff,894ba012b1bffff,8a4ba012b1a7fff,8b4ba012b1a5fff,38,行動北區營運處,新竹營運中心,
72,72+000.0,24.809755,121.0406,884ba012b1fffff,894ba012b1bffff,8a4ba012b1a7fff,8b4ba012b1a2fff,38,行動北區營運處,新竹營運中心,
72,72+100.0,24.808877,121.0404,884ba012b1fffff,894ba012b1bffff,8a4ba012b197fff,8b4ba012b195fff,38,行動北區營運處,新竹營運中心,
72,72+200.0,24.807998,121.0401,884ba012b1fffff,894ba012b1bffff,8a4ba012b197fff,8b4ba012b192fff,38,行動北區營運處,新竹營運中心,
72,72+300.0,24.807118,121.0399,884ba012b5fffff,894ba012b57ffff,8a4ba012b567fff,8b4ba012b563fff,38,行動北區營運處,新竹營運中心,
72,72+400.0,24.806239,121.0397,884ba012b5fffff,894ba012b57ffff,8a4ba012b547fff,8b4ba012b546fff,38,行動北區營運處,新竹營運中心,
72,72+500.0,24.80536,121.0395,884ba012b5fffff,894ba012b57ffff,8a4ba012b557fff,8b4ba012b551fff,38,行動北區營運處,新竹營運中心,
72,72+600.0,24.80448,121.0392,884ba012b5fffff,894ba012b43ffff,8a4ba012b42ffff,8b4ba012b42efff,38,行動北區營運處,新竹營運中心,
72,72+700.0,24.803601,121.039,884ba012b5fffff,894ba012b43ffff,8a4ba012b407fff,8b4ba012b400fff,38,行動北區營運處,新竹營運中心,
72,72+800.0,24.802722,121.0388,884ba012b5fffff,894ba012b43ffff,8a4ba012b41ffff,8b4ba012b411fff,38,行動北區營運處,新竹營運中心,
72,72+900.0,24.801842,121.0386,884ba012b5fffff,894ba012b4bffff,8a4ba012b4affff,8b4ba012b4adfff,38,行動北區營運處,新竹營運中心,
73,73+000.0,24.800963,121.0383,884ba012b5fffff,894ba012b4bffff,8a4ba012b487fff,8b4ba012b481fff,39,行動北區營運處,新竹營運中心,
73,73+100.0,24.800084,121.0381,884ba012b5fffff,894ba012b4bffff,8a4ba012b49ffff,8b4ba012b49cfff,39,行動北區營運處,新竹營運中心,
73,73+200.0,24.799204,121.0379,884ba012b5fffff,894ba012b4bffff,8a4ba012b49ffff,8b4ba012b49afff,39,行動北區營運處,新竹營運中心,
73,73+300.0,24.798325,121.0377,884ba010c9fffff,894ba010c87ffff,8a4ba010c86ffff,8b4ba010c86bfff,39,行動北區營運處,新竹營運中心,
73,73+400.0,24.797446,121.0374,884ba010c9fffff,894ba010c87ffff,8a4ba010c84ffff,8b4ba010c84efff,39,行動北區營運處,新竹營運中心,
73,73+500.0,24.796566,121.0372,884ba010c9fffff,894ba010c87ffff,8a4ba010c85ffff,8b4ba010c85afff,39,行動北區營運處,新竹營運中心,
73,73+600.0,24.795687,121.037,884ba010c9fffff,894ba010c8fffff,8a4ba010c8effff,8b4ba010cbb6fff,39,行動北區營運處,新竹營運中心,
73,73+700.0,24.794808,121.0368,884ba010c9fffff,894ba010c8fffff,8a4ba010c8cffff,8b4ba010c8c8fff,39,行動北區營運處,新竹營運中心,
73,73+715.2,24.794674,121.0367,884ba010c9fffff,894ba010c8fffff,8a4ba010c8cffff,8b4ba010c8cafff,39,行動北區營運處,新竹營運中心,
73,73+800.0,24.793928,121.0365,884ba010c1fffff,894ba010c8fffff,8a4ba010c8dffff,8b4ba010c8d9fff,39,行動北區營運處,新竹營運中心,
73,73+900.0,24.793049,121.0363,884ba010c1fffff,894ba010c17ffff,8a4ba010c177fff,8b4ba010c170fff,39,行動北區營運處,新竹營運中心,
74,74+000.0,24.792168,121.0361,884ba010c1fffff,894ba010c13ffff,8a4ba010c10ffff,8b4ba010c109fff,39,行動北區營運處,新竹營運中心,
74,74+100.0,24.791285,121.0359,884ba010c1fffff,894ba010c03ffff,8a4ba010c027fff,8b4ba010c024fff,39,行動北區營運處,新竹營運中心,
74,74+115.2,24.791151,121.0359,884ba010c1fffff,894ba010c03ffff,8a4ba010c027fff,8b4ba010c026fff,39,行動北區營運處,新竹營運中心,
74,74+200.0,24.7904,121.0357,884ba010c1fffff,894ba010c03ffff,8a4ba010c037fff,8b4ba010c035fff,39,行動北區營運處,新竹營運中心,
74,74+300.0,24.789514,121.0355,884ba010c1fffff,894ba010c03ffff,8a4ba010c017fff,8b4ba010c014fff,39,行動北區營運處,新竹營運中心,
74,74+349.2,24.789076,121.0354,884ba010c1fffff,894ba010c03ffff,8a4ba010c017fff,8b4ba010c016fff,39,行動北區營運處,新竹營運中心,
74,74+400.0,24.788624,121.0353,884ba010c1fffff,894ba010c0bffff,8a4ba010c0a7fff,8b4ba010c0a5fff,39,行動北區營運處,新竹營運中心,
74,74+500.0,24.787733,121.0352,884ba010c1fffff,894ba010c0bffff,8a4ba010c0a7fff,8b4ba010c0a2fff,39,行動北區營運處,新竹營運中心,
74,74+600.0,24.786841,121.035,884ba010c1fffff,894ba010c0bffff,8a4ba010c097fff,8b4ba010c095fff,39,行動北區營運處,新竹營運中心,
74,74+700.0,24.785948,121.0349,884ba010c5fffff,894ba010c0bffff,8a4ba010c097fff,8b4ba010c092fff,39,行動北區營運處,新竹營運中心,
74,74+749.2,24.78551,121.0348,884ba010c5fffff,894ba010c47ffff,8a4ba010c46ffff,8b4ba010c46cfff,39,行動北區營運處,新竹營運中心,
74,74+800.0,24.785056,121.0347,884ba010c5fffff,894ba010c47ffff,8a4ba010c46ffff,8b4ba010c46efff,39,行動北區營運處,新竹營運中心,
74,74+900.0,24.784163,121.0346,884ba010c5fffff,894ba010c47ffff,8a4ba010c447fff,8b4ba010c442fff,39,行動北區營運處,新竹營運中心,
75,75+000.0,24.783271,121.0344,884ba010c5fffff,894ba010c47ffff,8a4ba010c45ffff,8b4ba010c45efff,40,行動北區營運處,新竹營運中心,
75,75+100.0,24.782378,121.0343,884ba010c5fffff,894ba010c4fffff,8a4ba010c4effff,8b4ba010c4e8fff,40,行動北區營運處,新竹營運中心,
75,75+200.0,24.781485,121.0341,884ba010c5fffff,894ba010c4fffff,8a4ba010c4cffff,8b4ba010c4cefff,40,行動北區營運處,新竹營運中心,
75,75+242.2,24.781108,121.0341,884ba010c5fffff,894ba010c4fffff,8a4ba010c4dffff,8b4ba010c4ddfff,40,行動北區營運處,新竹營運中心,
75,75+300.0,24.780592,121.034,884ba010ebfffff,894ba010c4fffff,8a4ba010c4dffff,8b4ba010c4d8fff,40,行動北區營運處,新竹營運中心,
75,75+400.0,24.779699,121.0339,884ba010ebfffff,894ba010eb3ffff,8a4ba010eb77fff,8b4ba010eb76fff,40,行動北區營運處,新竹營運中心,
75,75+500.0,24.778807,121.0337,884ba010ebfffff,894ba010eb3ffff,8a4ba010eb0ffff,8b4ba010eb08fff,40,行動北區營運處,新竹營運中心,
75,75+600.0,24.777916,121.0335,884ba010ebfffff,894ba010eb3ffff,8a4ba010ea27fff,8b4ba010ea24fff,40,行動北區營運處,新竹營運中心,
75,75+700.0,24.777028,121.0334,884ba010ebfffff,894ba010ea3ffff,8a4ba010ea37fff,8b4ba010ea35fff,40,行動北區營運處,新竹營運中心,
75,75+742.2,24.776653,121.0333,884ba010ebfffff,894ba010ea3ffff,8a4ba010ea37fff,8b4ba010ea30fff,40(新城隧道)**,行動北區營運處,新竹營運中心,延伸段
75,75+800.0,24.776141,121.0332,884ba010ebfffff,894ba010ea3ffff,8a4ba010ea37fff,8b4ba010ea32fff,40(新城隧道)**,行動北區營運處,新竹營運中心,延伸段
75,75+900.0,24.775257,121.033,884ba010ebfffff,894ba010eabffff,8a4ba010eaa7fff,8b4ba010eaa5fff,40(新城隧道)**,行動北區營運處,新竹營運中心,延伸段
76,76+000.0,24.774377,121.0328,884ba010ebfffff,894ba010eabffff,8a4ba010eaa7fff,8b4ba010eaa2fff,40(新城隧道)**,行動北區營運處,新竹營運中心,
76,76+100.0,24.773499,121.0325,884ba010ebfffff,894ba010eabffff,8a4ba010eab7fff,8b4ba010eab3fff,40(新城隧道)**,行動北區營運處,新竹營運中心,
76,76+200.0,24.772625,121.0323,884ba010e1fffff,894ba010eabffff,8a4ba010ea97fff,8b4ba010ea96fff,40(新城隧道)**,行動北區營運處,新竹營運中心,
76,76+300.0,24.771756,121.032,884ba010e1fffff,894ba010e07ffff,8a4ba010e067fff,8b4ba010e063fff,40(新城隧道)**,行動北區營運處,新竹營運中心,
76,76+400.0,24.77089,121.0317,884ba010e1fffff,894ba010e07ffff,8a4ba010e047fff,8b4ba010e046fff,40(新城隧道)**,行動北區營運處,新竹營運中心,
76,76+500.0,24.770028,121.0314,884ba010e1fffff,894ba010e07ffff,8a4ba010e057fff,8b4ba010e050fff,40(新城隧道)**,行動北區營運處,新竹營運中心,延伸段
76,76+600.0,24.76917,121.0311,884ba010e1fffff,894ba010e0fffff,8a4ba010e0e7fff,8b4ba010e0e1fff,40(新城隧道)**,行動北區營運處,新竹營運中心,延伸段
76,76+700.0,24.768318,121.0308,884ba010e1fffff,894ba010e0fffff,8a4ba010e0c7fff,8b4ba010e0c4fff,40(新城隧道)**,行動北區營運處,新竹營運中心,延伸段
76,76+800.0,24.76747,121.0305,884ba010e1fffff,894ba010e0fffff,8a4ba010e0d7fff,8b4ba010e0d5fff,40,行動北區營運處,新竹營運中心,
76,76+900.0,24.766627,121.0301,884ba010e1fffff,894ba010e73ffff,8a4ba010e727fff,8b4ba010e725fff,40,行動北區營運處,新竹營運中心,
77,77+000.0,24.76579,121.0297,884ba010e7fffff,894ba010e73ffff,8a4ba010e727fff,8b4ba010e722fff,41,行動北區營運處,新竹營運中心,
77,77+100.0,24.764958,121.0294,884ba010e7fffff,894ba010e73ffff,8a4ba010e737fff,8b4ba010e733fff,41,行動北區營運處,新竹營運中心,
77,77+200.0,24.764132,121.029,884ba010e7fffff,894ba010e73ffff,8a4ba010e717fff,8b4ba010e716fff,41,行動北區營運處,新竹營運中心,
77,77+300.0,24.763311,121.0285,884ba010e7fffff,894ba010e7bffff,8a4ba010e7a7fff,8b4ba010e7a0fff,41,行動北區營運處,新竹營運中心,
77,77+400.0,24.762497,121.0281,884ba010e7fffff,894ba010e7bffff,8a4ba010e7b7fff,8b4ba010e7b0fff,41(高鐵新竹二高隧道)**,行動北區營運處,新竹營運中心,延伸段
77,77+500.0,24.761689,121.0277,884ba010e5fffff,894ba010e7bffff,8a4ba010e4cffff,8b4ba010e4c9fff,41(高鐵新竹二高隧道)**,行動北區營運處,新竹營運中心,延伸段
77,77+600.0,24.760888,121.0272,884ba011dbfffff,894ba010e4fffff,8a4ba011db67fff,8b4ba011db64fff,41(高鐵新竹二高隧道)**,行動北區營運處,新竹營運中心,延伸段
77,77+700.0,24.760094,121.0267,884ba011dbfffff,894ba011db7ffff,8a4ba011db77fff,8b4ba011db75fff,41(高鐵新竹二高隧道)**,行動北區營運處,新竹營運中心,
77,77+800.0,24.759306,121.0263,884ba011dbfffff,894ba011db3ffff,8a4ba011db0ffff,8b4ba011db0dfff,41(高鐵新竹二高隧道)**,行動北區營運處,新竹營運中心,
77,77+900.0,24.758526,121.0258,884ba011dbfffff,894ba011db3ffff,8a4ba011db0ffff,8b4ba011db0efff,41(高鐵新竹二高隧道)**,行動北區營運處,新竹營運中心,
78,78+000.0,24.757753,121.0253,884ba011dbfffff,894ba011db3ffff,8a4ba011db1ffff,8b4ba011db18fff,41(高鐵新竹二高隧道)**,行動北區營運處,新竹營運中心,
78,78+100.0,24.756987,121.0247,884ba011dbfffff,894ba011dbbffff,8a4ba011dbaffff,8b4ba011dba8fff,41(高鐵新竹二高隧道)**,行動北區營運處,新竹營運中心,
78,78+200.0,24.756229,121.0242,884ba011dbfffff,894ba011dbbffff,8a4ba011db87fff,8b4ba011db81fff,41(高鐵新竹二高隧道)**,行動北區營運處,新竹營運中心,
78,78+300.0,24.75548,121.0236,884ba011dbfffff,894ba011dbbffff,8a4ba011db87fff,8b4ba011db82fff,41(高鐵新竹二高隧道)**,行動北區營運處,新竹營運中心,
78,78+400.0,24.754738,121.0231,884ba011dbfffff,894ba011dbbffff,8a4ba011db97fff,8b4ba011db93fff,41(高鐵新竹二高隧道)**,行動北區營運處,新竹營運中心,
78,78+500.0,24.754005,121.0225,884ba011d1fffff,894ba011d17ffff,8a4ba011d167fff,8b4ba011d163fff,41(高鐵新竹二高隧道)**,行動北區營運處,新竹營運中心,
78,78+600.0,24.75328,121.0219,884ba011d1fffff,894ba011d17ffff,8a4ba011d177fff,8b4ba011d171fff,41(高鐵新竹二高隧道)**,行動北區營運處,新竹營運中心,延伸段
78,78+700.0,24.752564,121.0213,884ba011d1fffff,894ba011d17ffff,8a4ba011d177fff,8b4ba011d172fff,41(高鐵新竹二高隧道)**,行動北區營運處,新竹營運中心,延伸段
78,78+800.0,24.751856,121.0207,884ba011d1fffff,894ba011d13ffff,8a4ba011d10ffff,8b4ba011d10afff,41(高鐵新竹二高隧道)**,行動北區營運處,新竹營運中心,延伸段
78,78+900.0,24.751158,121.0201,884ba011d1fffff,894ba011d13ffff,8a4ba011d11ffff,8b4ba011d118fff,41,行動北區營運處,新竹營運中心,
79,79+000.0,24.75047,121.0194,884ba011d1fffff,894ba011d1bffff,8a4ba011d1affff,8b4ba011d1a9fff,42,行動北區營運處,新竹營運中心,
79,79+100.0,24.74979,121.0188,884ba011d1fffff,894ba011d1bffff,8a4ba011d187fff,8b4ba011d185fff,42,行動北區營運處,新竹營運中心,
79,79+200.0,24.74912,121.0181,884ba011d1fffff,894ba011d1bffff,8a4ba011d187fff,8b4ba011d182fff,42,行動北區營運處,新竹營運中心,
79,79+300.0,24.74846,121.0174,884ba011d1fffff,894ba011d1bffff,8a4ba011d197fff,8b4ba011d190fff,42,行動北區營運處,新竹營運中心,
79,79+400.0,24.74781,121.0168,884ba011d5fffff,894ba011d57ffff,8a4ba011d567fff,8b4ba011d564fff,42,行動北區營運處,新竹營運中心,
79,79+500.0,24.74717,121.0161,884ba011d5fffff,894ba011d57ffff,8a4ba011dcdffff,8b4ba011dcdbfff,42,行動北區營運處,新竹營運中心,
79,79+600.0,24.74654,121.0154,884ba011d5fffff,894ba011d53ffff,8a4ba011d52ffff,8b4ba011d529fff,42,行動北區營運處,新竹營運中心,
79,79+700.0,24.745921,121.0146,884ba011d5fffff,894ba011d53ffff,8a4ba011d507fff,8b4ba011d501fff,42(洽水隧道)**,行動北區營運處,新竹營運中心,延伸段
79,79+800.0,24.745312,121.0139,884ba011d5fffff,894ba011d53ffff,8a4ba011d507fff,8b4ba011d502fff,42(洽水隧道)**,行動北區營運處,新竹營運中心,延伸段
79,79+900.0,24.744714,121.0132,884ba011d5fffff,894ba011d53ffff,8a4ba011d517fff,8b4ba011d510fff,42(洽水隧道)**,行動北區營運處,新竹營運中心,延伸段
80,80+000.0,24.744127,121.0124,884ba011d5fffff,894ba011d5bffff,8a4ba011d5a7fff,8b4ba011d5a4fff,42(洽水隧道)**,行動北區營運處,新竹營運中心,
80,80+100.0,24.743551,121.0116,884ba011c3fffff,894ba011d5bffff,8a4ba011c25ffff,8b4ba011c25bfff,42(洽水隧道)**,行動北區營運處,新竹營運中心,
80,80+200.0,24.742986,121.0109,884ba011c3fffff,894ba011c2fffff,8a4ba011c2effff,8b4ba011c2e9fff,42(洽水隧道)**,行動北區營運處,新竹營運中心,延伸段
80,80+300.0,24.742432,121.0101,884ba011c3fffff,894ba011c2fffff,8a4ba011c2c7fff,8b4ba011c2c5fff,42(洽水隧道)**,行動北區營運處,新竹營運中心,延伸段
80,80+400.0,24.74189,121.0093,884ba011c3fffff,894ba011c2fffff,8a4ba011c2c7fff,8b4ba011c2c6fff,42(洽水隧道)**,行動北區營運處,新竹營運中心,延伸段
80,80+500.0,24.74136,121.0085,884ba011c3fffff,894ba011c2fffff,8a4ba011c2d7fff,8b4ba011c289fff,42(寶山一號隧道)**,行動北區營運處,新竹營運中心,延伸段
80,80+600.0,24.740841,121.0077,884ba011c3fffff,894ba011c2bffff,8a4ba011c28ffff,8b4ba011c28afff,42(寶山一號隧道)**,行動北區營運處,新竹營運中心,延伸段
80,80+636.0,24.740656,121.0074,884ba011c3fffff,894ba011c2bffff,8a4ba011c29ffff,8b4ba011c29dfff,42(寶山一號隧道)**,行動北區營運處,新竹營運中心,
80,80+700.0,24.740333,121.0069,884ba011c3fffff,894ba011c2bffff,8a4ba011c29ffff,8b4ba011c29cfff,42(寶山一號隧道)**,行動北區營運處,新竹營運中心,
80,80+800.0,24.739839,121.0061,884ba011c7fffff,894ba011c2bffff,8a4ba011c297fff,8b4ba011c293fff,42(寶山一號隧道)**,行動北區營運處,新竹營運中心,
80,80+900.0,24.739353,121.0052,884ba011c7fffff,894ba011c67ffff,8a4ba011c667fff,8b4ba011c660fff,42(寶山一號隧道)**,行動北區營運處,新竹營運中心,
81,81+000.0,24.738873,121.0044,884ba011c7fffff,894ba011c67ffff,8a4ba011c677fff,8b4ba011c675fff,43(寶山一號隧道)**,行動北區營運處,新竹營運中心,
81,81+100.0,24.738397,121.0035,884ba011c7fffff,894ba011c63ffff,8a4ba011c62ffff,8b4ba011c629fff,42(寶山一號隧道)**,行動北區營運處,新竹營運中心,延伸段
81,81+186.0,24.737988,121.0028,884ba011c7fffff,894ba011c63ffff,8a4ba011c62ffff,8b4ba011c62afff,42(寶山一號隧道)**,行動北區營運處,新竹營運中心,延伸段
81,81+200.0,24.737922,121.0027,884ba011c7fffff,894ba011c63ffff,8a4ba011c607fff,8b4ba011c605fff,43(寶山一甲隧道)**,行動北區營運處,新竹營運中心,
81,81+300.0,24.737446,121.0019,884ba011c7fffff,894ba011c63ffff,8a4ba011c607fff,8b4ba011c606fff,43(寶山一甲隧道)**,行動北區營運處,新竹營運中心,
81,81+400.0,24.736971,121.001,884ba011c7fffff,894ba011c63ffff,8a4ba011c637fff,8b4ba011c632fff,43(寶山一甲隧道)**,行動北區營運處,新竹營運中心,
81,81+500.0,24.736496,121.0002,884ba011c7fffff,894ba011c7bffff,8a4ba011c78ffff,8b4ba011c788fff,43(寶山一甲隧道)**,行動北區營運處,新竹營運中心,延伸段
81,81+600.0,24.73602,120.9993,884ba011c7fffff,894ba011c7bffff,8a4ba011c79ffff,8b4ba011c79cfff,43(寶山一甲隧道)**,行動北區營運處,新竹營運中心,延伸段
81,81+700.0,24.735546,120.9985,884ba011c7fffff,894ba011c7bffff,8a4ba011c797fff,8b4ba011c790fff,43(寶山一甲隧道)**,行動北區營運處,新竹營運中心,延伸段
81,81+800.0,24.73507,120.9977,884ba011ebfffff,894ba011eb7ffff,8a4ba011eb67fff,8b4ba011eb65fff,43(寶山一乙隧道)**,行動北區營運處,新竹營運中心,延伸段
81,81+900.0,24.734595,120.9968,884ba011ebfffff,894ba011eb7ffff,8a4ba011c4dffff,8b4ba011c4dbfff,43(寶山一乙隧道)**,行動北區營運處,新竹營運中心,延伸段
82,82+000.0,24.73412,120.996,884ba011ebfffff,894ba011eb3ffff,8a4ba011eb2ffff,8b4ba011eb29fff,43(寶山一乙隧道)**,行動北區營運處,新竹營運中心,延伸段
82,82+100.0,24.733644,120.9951,884ba011ebfffff,894ba011eb3ffff,8a4ba011eb2ffff,8b4ba011eb2efff,43(寶山一乙隧道)**,行動北區營運處,新竹營運中心,
82,82+200.0,24.733169,120.9943,884ba011ebfffff,894ba011eb3ffff,8a4ba011eb07fff,8b4ba011eb31fff,43(寶山一乙隧道)**,行動北區營運處,新竹營運中心,
82,82+300.0,24.732693,120.9935,884ba011ebfffff,894ba011eb3ffff,8a4ba011eb37fff,8b4ba011eb32fff,43(寶山一乙隧道)**,行動北區營運處,新竹營運中心,延伸段
82,82+400.0,24.732218,120.9926,884ba011e9fffff,894ba011e87ffff,8a4ba011e84ffff,8b4ba011e84cfff,43(寶山一乙隧道)**,行動北區營運處,新竹營運中心,延伸段
82,82+500.0,24.731743,120.9918,884ba011e9fffff,894ba011e87ffff,8a4ba011e847fff,8b4ba011e843fff,43(寶山一乙隧道)**,行動北區營運處,新竹營運中心,延伸段
82,82+600.0,24.731267,120.9909,884ba011e9fffff,894ba011e87ffff,8a4ba011e857fff,8b4ba011e850fff,43(寶山二號隧道)**,行動北區營運處,新竹營運中心,延伸段
82,82+700.0,24.730793,120.9901,884ba011e9fffff,894ba011e83ffff,8a4ba011e8e7fff,8b4ba011e80bfff,43(寶山二號隧道)**,行動北區營運處,新竹營運中心,延伸段
82,82+800.0,24.730317,120.9893,884ba011e9fffff,894ba011e83ffff,8a4ba011e81ffff,8b4ba011e819fff,43(寶山二號隧道)**,行動北區營運處,新竹營運中心,
82,82+900.0,24.729842,120.9884,884ba011e9fffff,894ba011e83ffff,8a4ba011e8affff,8b4ba011e8adfff,43(寶山二號隧道)**,行動北區營運處,新竹營運中心,
83,83+000.0,24.729367,120.9876,884ba011e9fffff,894ba011e8bffff,8a4ba011e8affff,8b4ba011e8aefff,44(寶山二號隧道)**,行動北區營運處,新竹營運中心,
83,83+100.0,24.728891,120.9867,884ba011e9fffff,894ba011e8bffff,8a4ba011e8a7fff,8b4ba011e8a2fff,44(寶山二號隧道)**,行動北區營運處,新竹營運中心,
83,83+200.0,24.728416,120.9859,884ba011e9fffff,894ba011e8bffff,8a4ba011e8b7fff,8b4ba011e8b6fff,44(寶山二號隧道)**,行動北區營運處,新竹營運中心,
83,83+300.0,24.72794,120.9851,884ba011edfffff,894ba011ed7ffff,8a4ba011ed4ffff,8b4ba011ed4cfff,43(寶山二號隧道)**,行動北區營運處,新竹營運中心,延伸段
83,83+400.0,24.727465,120.9842,884ba011edfffff,894ba011ed7ffff,8a4ba011ed47fff,8b4ba011ed40fff,43(寶山二號隧道)**,行動北區營運處,新竹營運中心,延伸段
83,83+500.0,24.72699,120.9834,884ba011edfffff,894ba011ed7ffff,8a4ba011ed57fff,8b4ba011ed55fff,43(寶山二號隧道)**,行動北區營運處,新竹營運中心,延伸段
83,83+600.0,24.726514,120.9825,884ba011edfffff,894ba011ed3ffff,8a4ba011ed0ffff,8b4ba011ed0bfff,44,行動北區營運處,新竹營運中心,
83,83+700.0,24.726039,120.9817,884ba011edfffff,894ba011ed3ffff,8a4ba011ed1ffff,8b4ba011ed1dfff,44,行動北區營運處,新竹營運中心,
83,83+800.0,24.725564,120.9808,884ba011edfffff,894ba011ed3ffff,8a4ba011ed1ffff,8b4ba011ed1efff,44,行動北區營運處,新竹營運中心,
83,83+900.0,24.725088,120.98,884ba011edfffff,894ba011edbffff,8a4ba011eda7fff,8b4ba011eda1fff,43(寶山三號隧道)**,行動北區營運處,新竹營運中心,延伸段
84,84+000.0,24.724613,120.9792,884ba011edfffff,894ba011edbffff,8a4ba011eda7fff,8b4ba011eda2fff,43(寶山三號隧道)**,行動北區營運處,新竹營運中心,延伸段
84,84+100.0,24.724137,120.9783,884ba0113bfffff,894ba011edbffff,8a4ba011edb7fff,8b4ba011edb4fff,43(寶山三號隧道)**,行動北區營運處,新竹營運中心,延伸段
84,84+200.0,24.723662,120.9775,884ba0113bfffff,894ba0113afffff,8a4ba0113aeffff,8b4ba0113aeafff,44(寶山三號隧道)**,行動北區營運處,新竹營運中心,
84,84+300.0,24.723187,120.9766,884ba0113bfffff,894ba0113afffff,8a4ba0113ac7fff,8b4ba0113ac0fff,44(寶山三號隧道)**,行動北區營運處,新竹營運中心,
84,84+400.0,24.722711,120.9758,884ba0113bfffff,894ba0113afffff,8a4ba0113af7fff,8b4ba0113af3fff,44(寶山三號隧道)**,行動北區營運處,新竹營運中心,
84,84+500.0,24.722236,120.975,884ba0113bfffff,894ba0113abffff,8a4ba0113a8ffff,8b4ba0113a89fff,44(寶山三號隧道)**,行動北區營運處,新竹營運中心,
84,84+600.0,24.72176,120.9741,884ba0113bfffff,894ba0113abffff,8a4ba0113a9ffff,8b4ba0113a9dfff,43(寶山三號隧道)**,行動北區營運處,新竹營運中心,延伸段
84,84+700.0,24.721285,120.9733,884ba0113bfffff,894ba0113abffff,8a4ba0113a97fff,8b4ba0113a91fff,43(寶山三號隧道)**,行動北區營運處,新竹營運中心,延伸段
84,84+800.0,24.72081,120.9724,884ba01131fffff,894ba011307ffff,8a4ba0113a97fff,8b4ba0113a92fff,44(寶山四號隧道)**,行動北區營運處,新竹營運中心,
84,84+900.0,24.720334,120.9716,884ba01131fffff,894ba011307ffff,8a4ba0113067fff,8b4ba0113066fff,44(寶山四號隧道)**,行動北區營運處,新竹營運中心,
85,85+000.0,24.719859,120.9708,884ba01131fffff,894ba011307ffff,8a4ba011315ffff,8b4ba0113074fff,45(寶山四號隧道)**,行動北區營運處,新竹營運中心,
85,85+100.0,24.719383,120.9699,884ba01131fffff,894ba011303ffff,8a4ba011302ffff,8b4ba0113028fff,45(寶山四號隧道)**,行動北區營運處,新竹營運中心,
85,85+200.0,24.718908,120.9691,884ba01131fffff,894ba011303ffff,8a4ba0113007fff,8b4ba0113005fff,43(寶山四號隧道)**,行動北區營運處,新竹營運中心,延伸段
85,85+300.0,24.718433,120.9682,884ba01131fffff,894ba011303ffff,8a4ba0113037fff,8b4ba0113033fff,43(寶山四號隧道)**,行動北區營運處,新竹營運中心,延伸段
85,85+400.0,24.717957,120.9674,884ba01131fffff,894ba01131bffff,8a4ba011318ffff,8b4ba011318dfff,43(寶山四號隧道)**,行動北區營運處,新竹營運中心,延伸段
85,85+500.0,24.717482,120.9666,884ba01131fffff,894ba01131bffff,8a4ba011318ffff,8b4ba011318efff,45(寶山四甲隧道)**,行動北區營運處,新竹營運中心,
85,85+544.8,24.717269,120.9662,884ba01131fffff,894ba01131bffff,8a4ba0113187fff,8b4ba0113183fff,45(寶山四甲隧道)**,行動北區營運處,新竹營運中心,
85,85+600.0,24.717006,120.9657,884ba01131fffff,894ba01131bffff,8a4ba0113197fff,8b4ba0113191fff,45(寶山四甲隧道)**,行動北區營運處,新竹營運中心,
85,85+700.0,24.71653,120.9649,884ba01131fffff,894ba01131bffff,8a4ba0113197fff,8b4ba0113196fff,45(寶山四甲隧道)**,行動北區營運處,新竹營運中心,
85,85+800.0,24.716051,120.964,884ba01135fffff,894ba0113cfffff,8a4ba0113567fff,8b4ba0113564fff,43(寶山四甲隧道)**,行動北區營運處,新竹營運中心,延伸段
85,85+900.0,24.715566,120.9632,884ba01135fffff,894ba0113cfffff,8a4ba0113cdffff,8b4ba0113cdafff,45(寶山五號隧道)**,行動北區營運處,新竹營運中心,
85,85+944.8,24.715346,120.9628,884ba01135fffff,894ba0113cfffff,8a4ba011352ffff,8b4ba0113cdafff,45(寶山五號隧道)**,行動北區營運處,新竹營運中心,
86,86+000.0,24.715074,120.9624,884ba01135fffff,894ba011353ffff,8a4ba011352ffff,8b4ba0113528fff,45(寶山五號隧道)**,行動北區營運處,新竹營運中心,
86,86+100.0,24.714572,120.9616,884ba01135fffff,894ba011353ffff,8a4ba0113527fff,8b4ba0113523fff,45(寶山五號隧道)**,行動北區營運處,新竹營運中心,
86,86+200.0,24.714063,120.9607,884ba01135fffff,894ba011353ffff,8a4ba0113537fff,8b4ba0113531fff,45(寶山五號隧道)**,行動北區營運處,新竹營運中心,
86,86+300.0,24.713545,120.9599,884ba01135fffff,894ba011227ffff,8a4ba011224ffff,8b4ba011224dfff,45(寶山五號隧道)**,行動北區營運處,新竹營運中心,延伸段
86,86+400.0,24.713019,120.9591,884ba01123fffff,894ba011227ffff,8a4ba011224ffff,8b4ba011224efff,45(寶山五號隧道)**,行動北區營運處,新竹營運中心,延伸段
86,86+500.0,24.712485,120.9583,884ba01123fffff,894ba011227ffff,8a4ba0112257fff,8b4ba0112242fff,45(寶山五號隧道)**,行動北區營運處,新竹營運中心,延伸段
86,86+600.0,24.711942,120.9575,884ba01123fffff,894ba011227ffff,8a4ba0112257fff,8b4ba0112252fff,45(新苗隧道)**,行動北區營運處,新竹營運中心,延伸段
86,86+700.0,24.711392,120.9568,884ba01123fffff,894ba01122fffff,8a4ba01122e7fff,8b4ba01122e4fff,45(新苗隧道)**,行動北區營運處,新竹營運中心,延伸段
86,86+800.0,24.710834,120.956,884ba01123fffff,894ba01122fffff,8a4ba011221ffff,8b4ba011221bfff,45(新苗隧道)**,行動北區營運處,新竹營運中心,
86,86+900.0,24.710268,120.9552,884ba01123fffff,894ba01122bffff,8a4ba01122affff,8b4ba01122abfff,45(新苗隧道)**,行動北區營運處,新竹營運中心,
87,87+000.0,24.709695,120.9545,884ba01123fffff,894ba01122bffff,8a4ba0112287fff,8b4ba0112285fff,46(新苗隧道)**,行動中區營運處,苗栗營運中心,
87,87+100.0,24.709113,120.9537,884ba01123fffff,894ba01122bffff,8a4ba0112287fff,8b4ba0112286fff,46(新苗隧道)**,行動中區營運處,苗栗營運中心,
87,87+200.0,24.708524,120.9529,884ba01127fffff,894ba01122bffff,8a4ba0112297fff,8b4ba0112296fff,46(新苗隧道)**,行動中區營運處,苗栗營運中心,
87,87+300.0,24.707927,120.9522,884ba01127fffff,894ba011277ffff,8a4ba0112667fff,8b4ba0112664fff,46(新苗隧道)**,行動中區營運處,苗栗營運中心,
87,87+400.0,24.707323,120.9515,884ba01127fffff,894ba011277ffff,8a4ba011275ffff,8b4ba011275afff,46(新苗隧道)**,行動中區營運處,苗栗營運中心,
87,87+500.0,24.706712,120.9507,884ba01127fffff,894ba011263ffff,8a4ba011262ffff,8b4ba0112628fff,46(新苗隧道)**,行動中區營運處,苗栗營運中心,
87,87+600.0,24.706093,120.95,884ba01127fffff,894ba011263ffff,8a4ba0112607fff,8b4ba0112605fff,46(新苗隧道)**,行動中區營運處,苗栗營運中心,
87,87+700.0,24.705467,120.9493,884ba01127fffff,894ba011263ffff,8a4ba0112607fff,8b4ba0112606fff,46(新苗隧道)**,行動中區營運處,苗栗營運中心,
87,87+800.0,24.704833,120.9486,884ba01127fffff,894ba011263ffff,8a4ba0112617fff,8b4ba0112616fff,46(新苗隧道)**,行動中區營運處,苗栗營運中心,
87,87+900.0,24.704193,120.9479,884ba01127fffff,894ba01127bffff,8a4ba01126a7fff,8b4ba01126a4fff,46(新苗隧道)**,行動中區營運處,苗栗營運中心,
88,88+000.0,24.703545,120.9472,884ba01127fffff,894ba01127bffff,8a4ba011279ffff,8b4ba011279afff,46(新苗隧道)**,行動中區營運處,苗栗營運中心,
88,88+100.0,24.702891,120.9465,884ba01127fffff,894ba01a1b7ffff,8a4ba01a1b6ffff,8b4ba01a1b68fff,46(新苗隧道)**,行動中區營運處,苗栗營運中心,
88,88+200.0,24.702229,120.9459,884ba01a1bfffff,894ba01a1b7ffff,8a4ba01a1b47fff,8b4ba01a1b41fff,46(新苗隧道)**,行動中區營運處,苗栗營運中心,
88,88+300.0,24.701561,120.9452,884ba01a1bfffff,894ba01a1b7ffff,8a4ba01a1b57fff,8b4ba01a1b55fff,46(新苗隧道)**,行動中區營運處,苗栗營運中心,延伸段
88,88+400.0,24.700887,120.9445,884ba01a1bfffff,894ba01a1b7ffff,8a4ba01a1b57fff,8b4ba01a1b56fff,46(新苗隧道)**,行動中區營運處,苗栗營運中心,延伸段
88,88+500.0,24.700205,120.9439,884ba01a1bfffff,894ba01a1a3ffff,8a4ba01a1a27fff,8b4ba01a1a20fff,46(新苗隧道)**,行動中區營運處,苗栗營運中心,延伸段
88,88+600.0,24.699517,120.9433,884ba01a1bfffff,894ba01a1a3ffff,8a4ba01a1a37fff,8b4ba01a1a34fff,46,行動中區營運處,苗栗營運中心,
88,88+700.0,24.698822,120.9426,884ba01a1bfffff,894ba01a1bbffff,8a4ba01a1b8ffff,8b4ba01a1b8dfff,46,行動中區營運處,苗栗營運中心,
88,88+800.0,24.698121,120.942,884ba01a1bfffff,894ba01a1bbffff,8a4ba01a1b8ffff,8b4ba01a1b8efff,46,行動中區營運處,苗栗營運中心,
88,88+900.0,24.697414,120.9414,884ba01a1bfffff,894ba01a1bbffff,8a4ba01a1b9ffff,8b4ba01a1b9efff,46,行動中區營運處,苗栗營運中心,
89,89+000.0,24.696701,120.9408,884ba01a1bfffff,894ba01a117ffff,8a4ba01a116ffff,8b4ba01a116cfff,47,行動中區營運處,苗栗營運中心,
89,89+100.0,24.695982,120.9402,884ba01a11fffff,894ba01a117ffff,8a4ba01a1147fff,8b4ba01a1163fff,47,行動中區營運處,苗栗營運中心,
89,89+200.0,24.695256,120.9396,884ba01a11fffff,894ba01a117ffff,8a4ba01a1177fff,8b4ba01a1173fff,47,行動中區營運處,苗栗營運中心,
89,89+300.0,24.694525,120.939,884ba01a11fffff,894ba01a117ffff,8a4ba01a1157fff,8b4ba01a1156fff,47,行動中區營運處,苗栗營運中心,
89,89+400.0,24.693788,120.9384,884ba01a11fffff,894ba01a103ffff,8a4ba01a1027fff,8b4ba01a1024fff,47,行動中區營運處,苗栗營運中心,
89,89+500.0,24.693045,120.9379,884ba01a11fffff,894ba01a103ffff,8a4ba01a1037fff,8b4ba01a1034fff,47,行動中區營運處,苗栗營運中心,
89,89+600.0,24.692296,120.9373,884ba01a11fffff,894ba01a11bffff,8a4ba01a118ffff,8b4ba01a118dfff,47,行動中區營運處,苗栗營運中心,
89,89+700.0,24.691542,120.9368,884ba01a11fffff,894ba01a11bffff,8a4ba01a118ffff,8b4ba01a118efff,47,行動中區營運處,苗栗營運中心,
89,89+800.0,24.690782,120.9363,884ba01a11fffff,894ba01a11bffff,8a4ba01a119ffff,8b4ba01a1198fff,47,行動中區營運處,苗栗營運中心,
89,89+815.7,24.690662,120.9362,884ba01a11fffff,894ba01a11bffff,8a4ba01a119ffff,8b4ba01a119efff,47,行動中區營運處,苗栗營運中心,
89,89+900.0,24.690017,120.9357,884ba01a11fffff,894ba01a157ffff,8a4ba01a156ffff,8b4ba01a1568fff,47,行動中區營運處,苗栗營運中心,
90,90+000.0,24.689248,120.9352,884ba01a15fffff,894ba01a157ffff,8a4ba01a1547fff,8b4ba01a1545fff,47,行動中區營運處,苗栗營運中心,
90,90+100.0,24.688475,120.9347,884ba01a15fffff,894ba01a157ffff,8a4ba01a1547fff,8b4ba01a1542fff,47,行動中區營運處,苗栗營運中心,
90,90+200.0,24.687702,120.9342,884ba01a15fffff,894ba01a157ffff,8a4ba01a1557fff,8b4ba01a1552fff,47,行動中區營運處,苗栗營運中心,
90,90+215.7,24.68758,120.9341,884ba01a15fffff,894ba01a157ffff,8a4ba01a1557fff,8b4ba01a1552fff,47,行動中區營運處,苗栗營運中心,
90,90+300.0,24.686928,120.9337,884ba01a15fffff,894ba01a143ffff,8a4ba01a1427fff,8b4ba01a1423fff,47,行動中區營運處,苗栗營運中心,
90,90+400.0,24.686154,120.9332,884ba01a15fffff,894ba01a143ffff,8a4ba01a1437fff,8b4ba01a1431fff,47,行動中區營運處,苗栗營運中心,
90,90+500.0,24.685381,120.9327,884ba01a15fffff,894ba01a143ffff,8a4ba01a1417fff,8b4ba01a1414fff,47,行動中區營運處,苗栗營運中心,
90,90+600.0,24.684607,120.9322,884ba01a15fffff,894ba01a14bffff,8a4ba01a14a7fff,8b4ba01a14a4fff,47,行動中區營運處,苗栗營運中心,
90,90+700.0,24.683833,120.9316,884ba01a15fffff,894ba01a14bffff,8a4ba01a14b7fff,8b4ba01a14b5fff,47,行動中區營運處,苗栗營運中心,
90,90+800.0,24.683059,120.9311,884ba01a15fffff,894ba01a14bffff,8a4ba01a14b7fff,8b4ba01a14b6fff,47,行動中區營運處,苗栗營運中心,
90,90+900.0,24.682285,120.9306,884ba01a39fffff,894ba01a397ffff,8a4ba01a394ffff,8b4ba01a3948fff,47,行動中區營運處,苗栗營運中心,
91,91+000.0,24.681511,120.9301,884ba01a39fffff,894ba01a397ffff,8a4ba01a395ffff,8b4ba01a3958fff,48,行動中區營運處,苗栗營運中心,
91,91+100.0,24.680737,120.9296,884ba01a39fffff,894ba01a383ffff,8a4ba01a382ffff,8b4ba01a3829fff,48,行動中區營運處,苗栗營運中心,
91,91+200.0,24.679963,120.9291,884ba01a39fffff,894ba01a383ffff,8a4ba01a382ffff,8b4ba01a382afff,48,行動中區營運處,苗栗營運中心,
91,91+300.0,24.67919,120.9286,884ba01a39fffff,894ba01a383ffff,8a4ba01a3807fff,8b4ba01a3803fff,48,行動中區營運處,苗栗營運中心,
91,91+400.0,24.678416,120.9281,884ba01a39fffff,894ba01a383ffff,8a4ba01a3817fff,8b4ba01a3813fff,48,行動中區營運處,苗栗營運中心,
91,91+500.0,24.677642,120.9276,884ba01a39fffff,894ba01a38bffff,8a4ba01a38affff,8b4ba01a38aefff,48,行動中區營運處,苗栗營運中心,
91,91+600.0,24.676868,120.9271,884ba01a39fffff,894ba01a38bffff,8a4ba01a3887fff,8b4ba01a3884fff,48(頭份一號隧道)**,行動中區營運處,苗栗營運中心,延伸段
91,91+700.0,24.676095,120.9266,884ba01a39fffff,894ba01a38bffff,8a4ba01a3897fff,8b4ba01a3894fff,48(頭份一號隧道)**,行動中區營運處,苗栗營運中心,延伸段
91,91+800.0,24.675321,120.926,884ba01a3dfffff,894ba01a3c7ffff,8a4ba01a3c67fff,8b4ba01a3c65fff,48(頭份一號隧道)**,行動中區營運處,苗栗營運中心,延伸段
91,91+900.0,24.674547,120.9255,884ba01a3dfffff,894ba01a3c7ffff,8a4ba01a3c67fff,8b4ba01a3c66fff,48(頭份一號隧道)**,行動中區營運處,苗栗營運中心,
92,92+000.0,24.673773,120.925,884ba01a3dfffff,894ba01a3c7ffff,8a4ba01a3c77fff,8b4ba01a3c70fff,48(頭份一號隧道)**,行動中區營運處,苗栗營運中心,
92,92+100.0,24.673,120.9245,884ba01a3dfffff,894ba01a3c3ffff,8a4ba01a3c0ffff,8b4ba01a3c08fff,48(頭份一號隧道)**,行動中區營運處,苗栗營運中心,
92,92+200.0,24.672226,120.924,884ba01a3dfffff,894ba01a3c3ffff,8a4ba01a3c1ffff,8b4ba01a3c19fff,48(頭份一號隧道)**,行動中區營運處,苗栗營運中心,
92,92+300.0,24.671452,120.9235,884ba01a3dfffff,894ba01a3c3ffff,8a4ba01a3c1ffff,8b4ba01a3c1afff,48(頭份一號隧道)**,行動中區營運處,苗栗營運中心,
92,92+400.0,24.670679,120.923,884ba01a3dfffff,894ba01a3cbffff,8a4ba01a3caffff,8b4ba01a3cabfff,48(頭份一號隧道)**,行動中區營運處,苗栗營運中心,
92,92+500.0,24.669905,120.9225,884ba01a3dfffff,894ba01a3cbffff,8a4ba01a3c87fff,8b4ba01a3c83fff,48(頭份一號隧道)**,行動中區營運處,苗栗營運中心,
92,92+600.0,24.669131,120.922,884ba01a3dfffff,894ba01a3cbffff,8a4ba01a3c9ffff,8b4ba01a3c9efff,48(頭份一號隧道)**,行動中區營運處,苗栗營運中心,
92,92+700.0,24.668357,120.9215,884ba01a23fffff,894ba01a227ffff,8a4ba01a226ffff,8b4ba01a226cfff,48(頭份一號隧道)**,行動中區營運處,苗栗營運中心,
92,92+800.0,24.667584,120.921,884ba01a23fffff,894ba01a227ffff,8a4ba01a2247fff,8b4ba01a2245fff,48(頭份一號隧道)**,行動中區營運處,苗栗營運中心,
92,92+900.0,24.66681,120.9204,884ba01a23fffff,894ba01a227ffff,8a4ba01a2257fff,8b4ba01a2255fff,48(頭份一號隧道)**,行動中區營運處,苗栗營運中心,
92,92+960.4,24.666343,120.9201,884ba01a23fffff,894ba01a227ffff,8a4ba01a2257fff,8b4ba01a2250fff,48(頭份一號隧道)**,行動中區營運處,苗栗營運中心,
93,93+000.0,24.666036,120.9199,884ba01a23fffff,894ba01a227ffff,8a4ba01a2257fff,8b4ba01a2252fff,49(頭份一號隧道)**,行動中區營運處,苗栗營運中心,
93,93+100.0,24.665262,120.9194,884ba01a23fffff,894ba01a22fffff,8a4ba01a22e7fff,8b4ba01a22e0fff,49(頭份一號隧道)**,行動中區營運處,苗栗營運中心,
93,93+200.0,24.66449,120.9189,884ba01a23fffff,894ba01a22fffff,8a4ba01a22f7fff,8b4ba01a22f0fff,49(頭份一號隧道)**,行動中區營運處,苗栗營運中心,
93,93+300.0,24.663722,120.9184,884ba01a23fffff,894ba01a22fffff,8a4ba01a228ffff,8b4ba01a2289fff,49(頭份一號隧道)**,行動中區營運處,苗栗營運中心,延伸段
93,93+360.4,24.66326,120.9181,884ba01a23fffff,894ba01a22bffff,8a4ba01a228ffff,8b4ba01a228bfff,49(頭份一號隧道)**,行動中區營運處,苗栗營運中心,延伸段
93,93+400.0,24.662958,120.9179,884ba01a23fffff,894ba01a22bffff,8a4ba01a228ffff,8b4ba0184924fff,49(頭份一號隧道)**,行動中區營運處,苗栗營運中心,延伸段
93,93+500.0,24.662199,120.9173,884ba01a23fffff,894ba018493ffff,8a4ba01a229ffff,8b4ba01a229bfff,49,行動中區營運處,苗栗營運中心,
93,93+600.0,24.661446,120.9168,884ba01a27fffff,894ba01a267ffff,8a4ba01a266ffff,8b4ba01a266bfff,49,行動中區營運處,苗栗營運中心,
93,93+700.0,24.660699,120.9162,884ba01a27fffff,894ba01a267ffff,8a4ba01a264ffff,8b4ba01a264efff,49(頭份二號隧道)**,行動中區營運處,苗栗營運中心,延伸段
93,93+800.0,24.659957,120.9157,884ba01a27fffff,894ba01a267ffff,8a4ba01a265ffff,8b4ba01a265cfff,49(頭份二號隧道)**,行動中區營運處,苗栗營運中心,延伸段
93,93+900.0,24.659221,120.9151,884ba01a27fffff,894ba01a26fffff,8a4ba01a26effff,8b4ba01a26ecfff,49(頭份二號隧道)**,行動中區營運處,苗栗營運中心,延伸段
94,94+000.0,24.658491,120.9145,884ba01a27fffff,894ba01a26fffff,8a4ba01a26c7fff,8b4ba01a26e3fff,49(頭份二號隧道)**,行動中區營運處,苗栗營運中心,
94,94+100.0,24.657767,120.9139,884ba01a27fffff,894ba01a26fffff,8a4ba01a26c7fff,8b4ba01a26c6fff,49(頭份二號隧道)**,行動中區營運處,苗栗營運中心,
94,94+200.0,24.657049,120.9133,884ba01a27fffff,894ba01a26fffff,8a4ba01a26d7fff,8b4ba01a26d6fff,49(頭份二號隧道)**,行動中區營運處,苗栗營運中心,
94,94+300.0,24.656337,120.9127,884ba01a27fffff,894ba0184d3ffff,8a4ba0184d27fff,8b4ba0184d24fff,49(頭份二號隧道)**,行動中區營運處,苗栗營運中心,
94,94+400.0,24.655631,120.9121,884ba0184dfffff,894ba0184d3ffff,8a4ba0184d37fff,8b4ba01a269bfff,49(頭份二號隧道)**,行動中區營運處,苗栗營運中心,
94,94+500.0,24.654932,120.9115,884ba01b1bfffff,894ba01b1a7ffff,8a4ba01b1a6ffff,8b4ba01b1a6bfff,49(頭份二號隧道)**,行動中區營運處,苗栗營運中心,
94,94+600.0,24.654239,120.9108,884ba01b1bfffff,894ba01b1a7ffff,8a4ba01b1a47fff,8b4ba01b1a41fff,49(頭份二號隧道)**,行動中區營運處,苗栗營運中心,
94,94+700.0,24.653552,120.9102,884ba01b1bfffff,894ba01b1a7ffff,8a4ba01b1a5ffff,8b4ba01b1a5cfff,49(頭份二號隧道)**,行動中區營運處,苗栗營運中心,
94,94+800.0,24.652872,120.9096,884ba01b1bfffff,894ba01b1a7ffff,8a4ba01b1a57fff,8b4ba01b1a52fff,49(頭份二號隧道)**,行動中區營運處,苗栗營運中心,
94,94+900.0,24.652198,120.9089,884ba01b1bfffff,894ba01b1afffff,8a4ba01b1ae7fff,8b4ba01b1ae3fff,49(頭份二號隧道)**,行動中區營運處,苗栗營運中心,
95,95+000.0,24.651531,120.9082,884ba01b1bfffff,894ba01b1afffff,8a4ba01b1af7fff,8b4ba01b1af1fff,50(頭份二號隧道)**,行動中區營運處,苗栗營運中心,
95,95+100.0,24.650872,120.9076,884ba01b1bfffff,894ba01b1abffff,8a4ba01b1a8ffff,8b4ba01b1a8dfff,50(頭份二號隧道)**,行動中區營運處,苗栗營運中心,
95,95+200.0,24.650219,120.9069,884ba01b1bfffff,894ba01b1abffff,8a4ba01b1a8ffff,8b4ba01b1a8efff,50(頭份二號隧道)**,行動中區營運處,苗栗營運中心,
95,95+300.0,24.649573,120.9062,884ba01b1bfffff,894ba01b1abffff,8a4ba01b1a9ffff,8b4ba01b1a9efff,50(頭份二號隧道)**,行動中區營運處,苗栗營運中心,
95,95+400.0,24.648934,120.9055,884ba01b11fffff,894ba01b107ffff,8a4ba01b106ffff,8b4ba01b106cfff,50(頭份二號隧道)**,行動中區營運處,苗栗營運中心,
95,95+500.0,24.648302,120.9048,884ba01b11fffff,894ba01b107ffff,8a4ba01b1067fff,8b4ba01b1063fff,50(頭份二號隧道)**,行動中區營運處,苗栗營運中心,
95,95+600.0,24.647677,120.9041,884ba01b11fffff,894ba01b107ffff,8a4ba01b1077fff,8b4ba01b1071fff,50(頭份二號隧道)**,行動中區營運處,苗栗營運中心,
95,95+700.0,24.64706,120.9033,884ba01b11fffff,894ba01b107ffff,8a4ba01b100ffff,8b4ba01b1009fff,50(頭份二號隧道)**,行動中區營運處,苗栗營運中心,
95,95+800.0,24.64645,120.9026,884ba01b11fffff,894ba01b103ffff,8a4ba01b100ffff,8b4ba01b100afff,50(頭份二號隧道)**,行動中區營運處,苗栗營運中心,
95,95+900.0,24.645847,120.9019,884ba01b11fffff,894ba01b103ffff,8a4ba01b101ffff,8b4ba01b101efff,50(頭份二號隧道)**,行動中區營運處,苗栗營運中心,
96,96+000.0,24.645252,120.9011,884ba01b11fffff,894ba01b10bffff,8a4ba01b10affff,8b4ba01b10acfff,50(頭份二號隧道)**,行動中區營運處,苗栗營運中心,
96,96+100.0,24.644665,120.9004,884ba01b11fffff,894ba01b10bffff,8a4ba01b10a7fff,8b4ba01b10a3fff,50(頭份二號隧道)**,行動中區營運處,苗栗營運中心,延伸段
96,96+200.0,24.644084,120.8996,884ba01b11fffff,894ba01b10bffff,8a4ba01b10b7fff,8b4ba01b10b0fff,50(頭份二號隧道)**,行動中區營運處,苗栗營運中心,延伸段
96,96+300.0,24.643512,120.8989,884ba01b15fffff,894ba01b157ffff,8a4ba01b154ffff,8b4ba01b154dfff,50(頭份四號隧道)**,行動中區營運處,苗栗營運中心,
96,96+400.0,24.642948,120.8981,884ba01b15fffff,894ba01b157ffff,8a4ba01b154ffff,8b4ba01b154efff,50(頭份四號隧道)**,行動中區營運處,苗栗營運中心,
96,96+500.0,24.642392,120.8973,884ba01b15fffff,894ba01b157ffff,8a4ba01b155ffff,8b4ba01b1551fff,50(頭份四號隧道)**,行動中區營運處,苗栗營運中心,
96,96+600.0,24.641843,120.8965,884ba01b15fffff,894ba01b157ffff,8a4ba01b1557fff,8b4ba01b1552fff,50(頭份四號隧道)**,行動中區營運處,苗栗營運中心,
96,96+700.0,24.641303,120.8957,884ba01b15fffff,894ba01b143ffff,8a4ba01b1427fff,8b4ba01b1420fff,50(頭份四號隧道)**,行動中區營運處,苗栗營運中心,
96,96+800.0,24.64077,120.8949,884ba01b15fffff,894ba01b143ffff,8a4ba01b1437fff,8b4ba01b1434fff,50(頭份四號隧道)**,行動中區營運處,苗栗營運中心,
96,96+900.0,24.640245,120.8941,884ba01b15fffff,894ba01b15bffff,8a4ba01b15affff,8b4ba01b15abfff,50(頭份四號隧道)**,行動中區營運處,苗栗營運中心,延伸段
97,97+000.0,24.639729,120.8933,884ba01b15fffff,894ba01b15bffff,8a4ba01b1587fff,8b4ba01b1585fff,51(頭份四號隧道)**,行動中區營運處,苗栗營運中心,延伸段
97,97+100.0,24.639221,120.8925,884ba01b15fffff,894ba01b15bffff,8a4ba01b1587fff,8b4ba01b1586fff,51(頭份四號隧道)**,行動中區營運處,苗栗營運中心,延伸段
97,97+200.0,24.638722,120.8917,884ba01b03fffff,894ba01b15bffff,8a4ba01b02cffff,8b4ba01b02c9fff,51(頭份五號隧道)**,行動中區營運處,苗栗營運中心,延伸段
97,97+300.0,24.63823,120.8909,884ba01b03fffff,894ba01b02fffff,8a4ba01b02cffff,8b4ba01b02cafff,51(頭份五號隧道)**,行動中區營運處,苗栗營運中心,延伸段
97,97+400.0,24.637748,120.89,884ba01b03fffff,894ba01b02fffff,8a4ba01b02dffff,8b4ba01b02dcfff,51(頭份五號隧道)**,行動中區營運處,苗栗營運中心,延伸段
97,97+500.0,24.637274,120.8892,884ba01b03fffff,894ba01b02fffff,8a4ba01b02d7fff,8b4ba01b02d2fff,51(頭份五號隧道)**,行動中區營運處,苗栗營運中心,
97,97+521.2,24.637174,120.889,884ba01b03fffff,894ba01b393ffff,8a4ba01b02d7fff,8b4ba01b02d2fff,51(頭份五號隧道)**,行動中區營運處,苗栗營運中心,
97,97+600.0,24.636807,120.8883,884ba01b03fffff,894ba01b393ffff,8a4ba01b3927fff,8b4ba01b3920fff,51(頭份五號隧道)**,行動中區營運處,苗栗營運中心,
97,97+700.0,24.63635,120.8875,884ba01b03fffff,894ba01b393ffff,8a4ba01b029ffff,8b4ba01b029bfff,51(頭份五號隧道)**,行動中區營運處,苗栗營運中心,
97,97+800.0,24.635897,120.8866,884ba01b07fffff,894ba01b067ffff,8a4ba01b066ffff,8b4ba01b0668fff,51(頭份五號隧道)**,行動中區營運處,苗栗營運中心,
97,97+900.0,24.635446,120.8858,884ba01b07fffff,894ba01b067ffff,8a4ba01b0647fff,8b4ba01b0645fff,51(頭份五號隧道)**,行動中區營運處,苗栗營運中心,延伸段
97,97+921.2,24.63535,120.8856,884ba01b07fffff,894ba01b067ffff,8a4ba01b0647fff,8b4ba01b0645fff,51(頭份五號隧道)**,行動中區營運處,苗栗營運中心,延伸段
98,98+000.0,24.634995,120.8849,884ba01b07fffff,894ba01b067ffff,8a4ba01b0677fff,8b4ba01b0671fff,51(頭份五號隧道)**,行動中區營運處,苗栗營運中心,延伸段
98,98+100.0,24.634543,120.8841,884ba01b07fffff,894ba01b067ffff,8a4ba01b0677fff,8b4ba01b0672fff,51,行動中區營運處,苗栗營運中心,
98,98+200.0,24.634092,120.8832,884ba01b07fffff,894ba01b063ffff,8a4ba01b060ffff,8b4ba01b060efff,51,行動中區營運處,苗栗營運中心,
98,98+300.0,24.633642,120.8824,884ba01b07fffff,894ba01b063ffff,8a4ba01b0607fff,8b4ba01b0602fff,51,行動中區營運處,苗栗營運中心,
98,98+400.0,24.633191,120.8815,884ba01b07fffff,894ba01b063ffff,8a4ba01b0617fff,8b4ba01b0610fff,51,行動中區營運處,苗栗營運中心,
98,98+500.0,24.632739,120.8806,884ba01b07fffff,894ba01b07bffff,8a4ba01b078ffff,8b4ba01b078bfff,51,行動中區營運處,苗栗營運中心,
98,98+521.5,24.632643,120.8805,884ba01b07fffff,894ba01b07bffff,8a4ba01b078ffff,8b4ba01b078afff,51,行動中區營運處,苗栗營運中心,
98,98+600.0,24.632288,120.8798,884ba01b07fffff,894ba01b07bffff,8a4ba01b079ffff,8b4ba01b0798fff,51,行動中區營運處,苗栗營運中心,
98,98+700.0,24.631836,120.8789,884ba01b07fffff,894ba01b07bffff,8a4ba01b2b6ffff,8b4ba01b0793fff,51,行動中區營運處,苗栗營運中心,
98,98+771.5,24.631511,120.8783,884ba01b2bfffff,894ba01b2b7ffff,8a4ba01b2b67fff,8b4ba01b2b61fff,51,行動中區營運處,苗栗營運中心,
98,98+800.0,24.631379,120.8781,884ba01b2bfffff,894ba01b2b7ffff,8a4ba01b2b67fff,8b4ba01b2b61fff,51,行動中區營運處,苗栗營運中心,
98,98+900.0,24.630918,120.8772,884ba01b2bfffff,894ba01b2b7ffff,8a4ba01b2b77fff,8b4ba01b2b75fff,51,行動中區營運處,苗栗營運中心,
99,99+000.0,24.630452,120.8764,884ba01b2bfffff,894ba01b2b3ffff,8a4ba01b2b77fff,8b4ba01b2b29fff,52,行動中區營運處,苗栗營運中心,
99,99+100.0,24.62998,120.8755,884ba01b2bfffff,894ba01b2b3ffff,8a4ba01b2b2ffff,8b4ba01b2b2afff,52,行動中區營運處,苗栗營運中心,
99,99+200.0,24.629502,120.8747,884ba01b2bfffff,894ba01b2b3ffff,8a4ba01b2b07fff,8b4ba01b2b06fff,52,行動中區營運處,苗栗營運中心,
99,99+300.0,24.62902,120.8739,884ba01b2bfffff,894ba01b2b3ffff,8a4ba01b2b37fff,8b4ba01b2b14fff,52,行動中區營運處,苗栗營運中心,
99,99+326.5,24.628892,120.8737,884ba01b2bfffff,894ba01b2b3ffff,8a4ba01b284ffff,8b4ba01b2849fff,52,行動中區營運處,苗栗營運中心,
99,99+400.0,24.628533,120.873,884ba01b2bfffff,894ba01b287ffff,8a4ba01b284ffff,8b4ba01b2848fff,52,行動中區營運處,苗栗營運中心,
99,99+500.0,24.628042,120.8722,884ba01b29fffff,894ba01b287ffff,8a4ba01b285ffff,8b4ba01b285dfff,52,行動中區營運處,苗栗營運中心,
99,99+576.5,24.627666,120.8716,884ba01b29fffff,894ba01b287ffff,8a4ba01b2857fff,8b4ba01b285efff,52,行動中區營運處,苗栗營運中心,
99,99+600.0,24.62755,120.8714,884ba01b29fffff,894ba01b287ffff,8a4ba01b2857fff,8b4ba01b2853fff,52,行動中區營運處,苗栗營運中心,
99,99+700.0,24.627057,120.8706,884ba01b29fffff,894ba01b28fffff,8a4ba01b28e7fff,8b4ba01b28e1fff,52,行動中區營運處,苗栗營運中心,
99,99+800.0,24.626566,120.8697,884ba01b29fffff,894ba01b28fffff,8a4ba01b28e7fff,8b4ba01b28e6fff,52,行動中區營運處,苗栗營運中心,
99,99+900.0,24.626073,120.8689,884ba01b29fffff,894ba01b28bffff,8a4ba01b28affff,8b4ba01b28a9fff,52,行動中區營運處,苗栗營運中心,
100,100+000.0,24.625581,120.8681,884ba01b29fffff,894ba01b28bffff,8a4ba01b28affff,8b4ba01b28aafff,52,行動中區營運處,苗栗營運中心,
100,100+100.0,24.625088,120.8672,884ba01b29fffff,894ba01b28bffff,8a4ba01b2887fff,8b4ba01b2884fff,52,行動中區營運處,苗栗營運中心,
100,100+200.0,24.624596,120.8664,884ba01b29fffff,894ba01b28bffff,8a4ba01b28b7fff,8b4ba01b28b3fff,52,行動中區營運處,苗栗營運中心,
100,100+300.0,24.624103,120.8656,884ba01b2dfffff,894ba01b2d7ffff,8a4ba01b2d4ffff,8b4ba01b2d48fff,52,行動中區營運處,苗栗營運中心,
100,100+385.5,24.623682,120.8649,884ba01b2dfffff,894ba01b2d7ffff,8a4ba01b2d5ffff,8b4ba01b2d5dfff,52,行動中區營運處,苗栗營運中心,
100,100+400.0,24.623611,120.8648,884ba01b2dfffff,894ba01b2d7ffff,8a4ba01b2d5ffff,8b4ba01b2d5dfff,52,行動中區營運處,苗栗營運中心,
100,100+500.0,24.623119,120.8639,884ba01b2dfffff,894ba01b2d7ffff,8a4ba01b2d57fff,8b4ba01b2d51fff,52,行動中區營運處,苗栗營運中心,
100,100+600.0,24.622629,120.8631,884ba01b2dfffff,894ba01b2c3ffff,8a4ba01b2c27fff,8b4ba01b2c25fff,52,行動中區營運處,苗栗營運中心,
100,100+700.0,24.622143,120.8623,884ba01b2dfffff,894ba01b2c3ffff,8a4ba01b2c27fff,8b4ba01b2c26fff,52,行動中區營運處,苗栗營運中心,
100,100+785.5,24.621733,120.8616,884ba01b2dfffff,894ba01b2c3ffff,8a4ba01b2d1ffff,8b4ba01b2c34fff,52,行動中區營運處,苗栗營運中心,
100,100+800.0,24.621665,120.8614,884ba01b2dfffff,894ba01b2dbffff,8a4ba01b2daffff,8b4ba01b2da9fff,52,行動中區營運處,苗栗營運中心,
100,100+900.0,24.621194,120.8606,884ba01b2dfffff,894ba01b2dbffff,8a4ba01b2daffff,8b4ba01b2daefff,52,行動中區營運處,苗栗營運中心,
101,101+000.0,24.620733,120.8597,884ba01b2dfffff,894ba01b2dbffff,8a4ba01b2d87fff,8b4ba01b2d84fff,53,行動中區營運處,苗栗營運中心,
101,101+100.0,24.62028,120.8589,884ba01b2dfffff,894ba01b2dbffff,8a4ba01b2db7fff,8b4ba01b2db0fff,53,行動中區營運處,苗栗營運中心,
101,101+200.0,24.619836,120.858,884ba0ccdbfffff,894ba0ccdafffff,8a4ba0ccdacffff,8b4ba0ccdacdfff,53,行動中區營運處,苗栗營運中心,
101,101+300.0,24.619401,120.8572,884ba0ccdbfffff,894ba0ccdafffff,8a4ba0ccdac7fff,8b4ba0ccdac3fff,53,行動中區營運處,苗栗營運中心,
101,101+400.0,24.618975,120.8563,884ba0ccdbfffff,894ba0ccdafffff,8a4ba0ccdad7fff,8b4ba0ccdad5fff,53,行動中區營運處,苗栗營運中心,
101,101+500.0,24.618557,120.8554,884ba0ccdbfffff,894ba0ccdafffff,8a4ba0ccda8ffff,8b4ba0ccdad6fff,53,行動中區營運處,苗栗營運中心,
101,101+566.1,24.618286,120.8548,884ba0ccdbfffff,894ba0ccdabffff,8a4ba0ccda8ffff,8b4ba0ccda8afff,53,行動中區營運處,苗栗營運中心,
101,101+600.0,24.618149,120.8545,884ba0ccdbfffff,894ba0ccdabffff,8a4ba0ccda9ffff,8b4ba0ccda8afff,53,行動中區營運處,苗栗營運中心,
101,101+700.0,24.617749,120.8536,884ba0ccdbfffff,894ba0ccdabffff,8a4ba0ccda9ffff,8b4ba0ccda9efff,53,行動中區營運處,苗栗營運中心,
101,101+800.0,24.617355,120.8528,884ba0ccd1fffff,894ba0ccd07ffff,8a4ba0ccda97fff,8b4ba0ccda92fff,53,行動中區營運處,苗栗營運中心,
101,101+900.0,24.616965,120.8519,884ba0ccd1fffff,894ba0ccd07ffff,8a4ba0ccd067fff,8b4ba0ccd064fff,53,行動中區營運處,苗栗營運中心,
101,101+966.1,24.616708,120.8513,884ba0ccd1fffff,894ba0ccd07ffff,8a4ba0ccd15ffff,8b4ba0ccd15bfff,53,行動中區營運處,苗栗營運中心,
102,102+000.0,24.616576,120.851,884ba0ccd1fffff,894ba0ccd17ffff,8a4ba0ccd15ffff,8b4ba0ccd15bfff,53,行動中區營運處,苗栗營運中心,
102,102+100.0,24.616186,120.8501,884ba0ccd1fffff,894ba0ccd03ffff,8a4ba0ccd02ffff,8b4ba0ccd028fff,53,行動中區營運處,苗栗營運中心,
102,102+200.0,24.615797,120.8492,884ba0ccd1fffff,894ba0ccd03ffff,8a4ba0ccd027fff,8b4ba0ccd023fff,53,行動中區營運處,苗栗營運中心,
102,102+300.0,24.615408,120.8483,884ba0ccd1fffff,894ba0ccd03ffff,8a4ba0ccd037fff,8b4ba0ccd035fff,53,行動中區營運處,苗栗營運中心,
102,102+400.0,24.615018,120.8474,884ba0ccd1fffff,894ba0ccd1bffff,8a4ba0ccd1affff,8b4ba0ccd1abfff,53,行動中區營運處,苗栗營運中心,
102,102+500.0,24.614629,120.8465,884ba0ccd1fffff,894ba0ccd1bffff,8a4ba0ccd187fff,8b4ba0ccd185fff,53,行動中區營運處,苗栗營運中心,
102,102+600.0,24.61424,120.8456,884ba0ccd1fffff,894ba0ccd1bffff,8a4ba0ccd187fff,8b4ba0ccd186fff,53,行動中區營運處,苗栗營運中心,
102,102+700.0,24.613851,120.8447,884ba0ccddfffff,894ba0ccd1bffff,8a4ba0ccd1b7fff,8b4ba0ccd1b2fff,53,行動中區營運處,苗栗營運中心,
102,102+800.0,24.613462,120.8438,884ba0ccddfffff,894ba0ccdcfffff,8a4ba0ccdccffff,8b4ba0ccdcccfff,53,行動中區營運處,苗栗營運中心,
102,102+900.0,24.613072,120.843,884ba0ccddfffff,894ba0ccdcfffff,8a4ba0ccdcc7fff,8b4ba0ccdcc2fff,53,行動中區營運處,苗栗營運中心,
103,103+000.0,24.612683,120.8421,884ba0ccddfffff,894ba0ccdcfffff,8a4ba0ccdcd7fff,8b4ba0ccdcd4fff,54,行動中區營運處,苗栗營運中心,
103,103+100.0,24.612293,120.8412,884ba0ccddfffff,894ba0ccdcbffff,8a4ba0ccdc8ffff,8b4ba0ccdc8bfff,54,行動中區營運處,苗栗營運中心,
103,103+200.0,24.611904,120.8403,884ba0ccddfffff,894ba0ccdcbffff,8a4ba0ccdc9ffff,8b4ba0ccdc9dfff,54,行動中區營運處,苗栗營運中心,
103,103+300.0,24.611515,120.8394,884ba0ccddfffff,894ba0ccdcbffff,8a4ba0ccdc97fff,8b4ba0ccdc91fff,54,行動中區營運處,苗栗營運中心,
103,103+400.0,24.611126,120.8385,884ba0ccc3fffff,894ba0ccc27ffff,8a4ba0ccc267fff,8b4ba0ccc265fff,54,行動中區營運處,苗栗營運中心,
103,103+500.0,24.610737,120.8376,884ba0ccc3fffff,894ba0ccc37ffff,8a4ba0ccc35ffff,8b4ba0ccc359fff,54,行動中區營運處,苗栗營運中心,
103,103+600.0,24.610347,120.8367,884ba0ccc3fffff,894ba0ccc37ffff,8a4ba0ccc35ffff,8b4ba0ccc35afff,54,行動中區營運處,苗栗營運中心,
103,103+700.0,24.609957,120.8358,884ba0ccc3fffff,894ba0ccc23ffff,8a4ba0ccc22ffff,8b4ba0ccc22cfff,54,行動中區營運處,苗栗營運中心,
103,103+800.0,24.609568,120.8349,884ba0ccc3fffff,894ba0ccc23ffff,8a4ba0ccc227fff,8b4ba0ccc222fff,54,行動中區營運處,苗栗營運中心,
103,103+900.0,24.609179,120.834,884ba0ccc3fffff,894ba0ccc23ffff,8a4ba0ccc237fff,8b4ba0ccc234fff,54,行動中區營運處,苗栗營運中心,
104,104+000.0,24.60879,120.8332,884ba0ccc3fffff,894ba0ccc3bffff,8a4ba0ccc3affff,8b4ba0ccc3a8fff,54,行動中區營運處,苗栗營運中心,
104,104+100.0,24.6084,120.8323,884ba0ccc3fffff,894ba0ccc3bffff,8a4ba0ccc387fff,8b4ba0ccc385fff,54,行動中區營運處,苗栗營運中心,
104,104+200.0,24.608011,120.8314,884ba0ccc3fffff,894ba0ccc3bffff,8a4ba0ccc3b7fff,8b4ba0ccc3b1fff,54,行動中區營運處,苗栗營運中心,
104,104+300.0,24.607622,120.8305,884ba0ccc1fffff,894ba0ccc0fffff,8a4ba0ccc0cffff,8b4ba0ccc0cdfff,54,行動中區營運處,苗栗營運中心,
104,104+400.0,24.607232,120.8296,884ba0ccc1fffff,894ba0ccc0fffff,8a4ba0ccc0c7fff,8b4ba0ccc0c1fff,54,行動中區營運處,苗栗營運中心,
104,104+500.0,24.606843,120.8287,884ba0ccc1fffff,894ba0ccc0fffff,8a4ba0ccc0c7fff,8b4ba0ccc0c6fff,54,行動中區營運處,苗栗營運中心,
104,104+600.0,24.606453,120.8278,884ba0ccc1fffff,894ba0ccc0fffff,8a4ba0ccc0d7fff,8b4ba0ccc0d4fff,54,行動中區營運處,苗栗營運中心,
104,104+700.0,24.606064,120.8269,884ba0ccc1fffff,894ba0ccc0bffff,8a4ba0ccc08ffff,8b4ba0ccc088fff,54,行動中區營運處,苗栗營運中心,
104,104+800.0,24.605675,120.826,884ba0ccc1fffff,894ba0ccc0bffff,8a4ba0ccc09ffff,8b4ba0ccc09cfff,54,行動中區營運處,苗栗營運中心,
104,104+900.0,24.605285,120.8251,884ba0ccc5fffff,894ba0ccc0bffff,8a4ba0ccc097fff,8b4ba0ccc090fff,54,行動中區營運處,苗栗營運中心,
105,105+000.0,24.604896,120.8242,884ba0ccc5fffff,894ba0ccc57ffff,8a4ba0ccc467fff,8b4ba0ccc54bfff,55,行動中區營運處,苗栗營運中心,
105,105+100.0,24.604506,120.8234,884ba0ccc5fffff,894ba0ccc57ffff,8a4ba0ccc55ffff,8b4ba0ccc558fff,55,行動中區營運處,苗栗營運中心,
105,105+200.0,24.604117,120.8225,884ba0ccc5fffff,894ba0ccc57ffff,8a4ba0ccc42ffff,8b4ba0ccc42dfff,55,行動中區營運處,苗栗營運中心,
105,105+300.0,24.603727,120.8216,884ba0ccc5fffff,894ba0ccc43ffff,8a4ba0ccc427fff,8b4ba0ccc421fff,55,行動中區營運處,苗栗營運中心,
105,105+400.0,24.603338,120.8207,884ba0ccc5fffff,894ba0ccc43ffff,8a4ba0ccc427fff,8b4ba0ccc426fff,55,行動中區營運處,苗栗營運中心,
105,105+500.0,24.602949,120.8198,884ba0ccc5fffff,894ba0ccc5bffff,8a4ba0ccc5affff,8b4ba0ccc5a9fff,55,行動中區營運處,苗栗營運中心,
105,105+600.0,24.60256,120.8189,884ba0ccc5fffff,894ba0ccc5bffff,8a4ba0ccc5affff,8b4ba0ccc5aefff,55,行動中區營運處,苗栗營運中心,
105,105+700.0,24.60217,120.818,884ba0ccc5fffff,894ba0ccc5bffff,8a4ba0ccc5a7fff,8b4ba0ccc584fff,55,行動中區營運處,苗栗營運中心,
105,105+800.0,24.601781,120.8171,884ba0cc13fffff,894ba0ccc5bffff,8a4ba0ccc5b7fff,8b4ba0ccc5b0fff,55,行動中區營運處,苗栗營運中心,
105,105+900.0,24.601391,120.8162,884ba0cc13fffff,894ba0cc12fffff,8a4ba0cc12effff,8b4ba0cc12ebfff,55,行動中區營運處,苗栗營運中心,
106,106+000.0,24.601001,120.8153,884ba0cc13fffff,894ba0cc12fffff,8a4ba0cc12c7fff,8b4ba0cc12c0fff,55,行動中區營運處,苗栗營運中心,
106,106+100.0,24.600612,120.8144,884ba0cc13fffff,894ba0cc12fffff,8a4ba0cc12f7fff,8b4ba0cc12f3fff,55,行動中區營運處,苗栗營運中心,
106,106+200.0,24.600223,120.8136,884ba0cc13fffff,894ba0cc12bffff,8a4ba0cc128ffff,8b4ba0cc1289fff,55,行動中區營運處,苗栗營運中心,
106,106+300.0,24.599833,120.8127,884ba0cc13fffff,894ba0cc12bffff,8a4ba0cc128ffff,8b4ba0cc128efff,55,行動中區營運處,苗栗營運中心,
106,106+400.0,24.599444,120.8118,884ba0cc13fffff,894ba0cc12bffff,8a4ba0cc1297fff,8b4ba0cc1282fff,55,行動中區營運處,苗栗營運中心,
106,106+500.0,24.599055,120.8109,884ba0cc17fffff,894ba0cc12bffff,8a4ba0cc1297fff,8b4ba0cc1296fff,55,行動中區營運處,苗栗營運中心,
106,106+600.0,24.598665,120.81,884ba0cc17fffff,894ba0cc177ffff,8a4ba0cc174ffff,8b4ba0cc174afff,55,行動中區營運處,苗栗營運中心,
106,106+700.0,24.598275,120.8091,884ba0cc17fffff,894ba0cc177ffff,8a4ba0cc175ffff,8b4ba0cc1758fff,55,行動中區營運處,苗栗營運中心,
106,106+800.0,24.597886,120.8082,884ba0cc17fffff,894ba0cc177ffff,8a4ba0cc1757fff,8b4ba0cc1753fff,55,行動中區營運處,苗栗營運中心,
106,106+839.7,24.597731,120.8079,884ba0cc17fffff,894ba0cc163ffff,8a4ba0cc1757fff,8b4ba0cc1752fff,55(後龍隧道)**,行動中區營運處,苗栗營運中心,延伸段
106,106+900.0,24.597496,120.8073,884ba0cc17fffff,894ba0cc163ffff,8a4ba0cc1627fff,8b4ba0cc1620fff,55(後龍隧道)**,行動中區營運處,苗栗營運中心,延伸段
107,107+000.0,24.597106,120.8064,884ba0cc17fffff,894ba0cc163ffff,8a4ba0cc171ffff,8b4ba0cc171bfff,56(後龍隧道)**,行動中區營運處,苗栗營運中心,延伸段
107,107+100.0,24.596714,120.8055,884ba0cc17fffff,894ba0cc17bffff,8a4ba0cc17affff,8b4ba0cc17adfff,56(後龍隧道)**,行動中區營運處,苗栗營運中心,
107,107+200.0,24.596315,120.8047,884ba0cc17fffff,894ba0cc17bffff,8a4ba0cc17a7fff,8b4ba0cc17aefff,56(後龍隧道)**,行動中區營運處,苗栗營運中心,
107,107+300.0,24.595907,120.8038,884ba0cc17fffff,894ba0cc17bffff,8a4ba0cc17b7fff,8b4ba0cc17a2fff,56(後龍隧道)**,行動中區營運處,苗栗營運中心,
107,107+389.7,24.595531,120.803,884ba0cc15fffff,894ba0cc17bffff,8a4ba0cc17b7fff,8b4ba0cc17b6fff,56(後龍隧道)**,行動中區營運處,苗栗營運中心,
107,107+400.0,24.595487,120.8029,884ba0cc15fffff,894ba0cc17bffff,8a4ba0cc17b7fff,8b4ba0cc17b6fff,56(後龍隧道)**,行動中區營運處,苗栗營運中心,
107,107+500.0,24.595054,120.802,884ba0cc15fffff,894ba0cc14fffff,8a4ba0cc14effff,8b4ba0cc14eafff,56(後龍隧道)**,行動中區營運處,苗栗營運中心,
107,107+600.0,24.594609,120.8012,884ba0cc15fffff,894ba0cc14fffff,8a4ba0cc14c7fff,8b4ba0cc14c0fff,56(後龍隧道)**,行動中區營運處,苗栗營運中心,
107,107+700.0,24.594151,120.8003,884ba0cc15fffff,894ba0cc14fffff,8a4ba0cc14d7fff,8b4ba0cc14d4fff,56(後龍隧道)**,行動中區營運處,苗栗營運中心,
107,107+800.0,24.593681,120.7995,884ba0cc15fffff,894ba0cc14bffff,8a4ba0cc148ffff,8b4ba0cc1488fff,56(後龍隧道)**,行動中區營運處,苗栗營運中心,
107,107+900.0,24.593199,120.7986,884ba0cc15fffff,894ba0cc14bffff,8a4ba0cc149ffff,8b4ba0cc149dfff,56(後龍隧道)**,行動中區營運處,苗栗營運中心,
108,108+000.0,24.592704,120.7978,884ba0cc15fffff,894ba0cc14bffff,8a4ba0cc1497fff,8b4ba0cc1493fff,56(後龍隧道)**,行動中區營運處,苗栗營運中心,
108,108+100.0,24.592197,120.797,884ba0cc39fffff,894ba0cc387ffff,8a4ba0cc3867fff,8b4ba0cc3861fff,56(後龍隧道)**,行動中區營運處,苗栗營運中心,
108,108+200.0,24.591679,120.7962,884ba0cc39fffff,894ba0cc387ffff,8a4ba0cc3867fff,8b4ba0cc3866fff,56(後龍隧道)**,行動中區營運處,苗栗營運中心,
108,108+300.0,24.591149,120.7954,884ba0cc39fffff,894ba0cc387ffff,8a4ba0cc3877fff,8b4ba0cc3874fff,56(後龍隧道)**,行動中區營運處,苗栗營運中心,
108,108+400.0,24.590607,120.7946,884ba0cc39fffff,894ba0cc383ffff,8a4ba0cc382ffff,8b4ba0cc382afff,56(後龍隧道)**,行動中區營運處,苗栗營運中心,延伸段
108,108+500.0,24.590053,120.7938,884ba0cc39fffff,894ba0cc383ffff,8a4ba0cc3807fff,8b4ba0cc3800fff,56(後龍隧道)**,行動中區營運處,苗栗營運中心,延伸段
108,108+600.0,24.589489,120.7931,884ba0cc39fffff,894ba0cc383ffff,8a4ba0cc3817fff,8b4ba0cc3815fff,56(後龍隧道)**,行動中區營運處,苗栗營運中心,延伸段
108,108+700.0,24.588912,120.7923,884ba0cc39fffff,894ba0cc39bffff,8a4ba0cc398ffff,8b4ba0cc398bfff,56,行動中區營運處,苗栗營運中心,
108,108+800.0,24.588325,120.7915,884ba0cc39fffff,894ba0cc39bffff,8a4ba0cc399ffff,8b4ba0cc3999fff,56,行動中區營運處,苗栗營運中心,
108,108+900.0,24.587728,120.7908,884ba0cc39fffff,894ba0cc39bffff,8a4ba0cc3d6ffff,8b4ba0cc399afff,56,行動中區營運處,苗栗營運中心,
109,109+000.0,24.587119,120.7901,884ba0cc3dfffff,894ba0cc3d7ffff,8a4ba0cc3d6ffff,8b4ba0cc3d6efff,57,行動中區營運處,苗栗營運中心,
109,109+100.0,24.586499,120.7894,884ba0cc3dfffff,894ba0cc3d7ffff,8a4ba0cc3d47fff,8b4ba0cc3d44fff,57,行動中區營運處,苗栗營運中心,
109,109+200.0,24.58587,120.7886,884ba0cc3dfffff,894ba0cc3d7ffff,8a4ba0cc3d57fff,8b4ba0cc3d54fff,57,行動中區營運處,苗栗營運中心,
109,109+300.0,24.58523,120.788,884ba0cc3dfffff,894ba0cc3d3ffff,8a4ba0cc3d0ffff,8b4ba0cc3d0bfff,57,行動中區營運處,苗栗營運中心,
109,109+400.0,24.58458,120.7873,884ba0cc3dfffff,894ba0cc3d3ffff,8a4ba0cc3d1ffff,8b4ba0cc3d19fff,57,行動中區營運處,苗栗營運中心,
109,109+500.0,24.58392,120.7866,884ba0cc3dfffff,894ba0cc3dbffff,8a4ba0cc3daffff,8b4ba0cc3da9fff,57,行動中區營運處,苗栗營運中心,
109,109+569.0,24.583459,120.7861,884ba0cc3dfffff,894ba0cc3dbffff,8a4ba0cc3daffff,8b4ba0cc3da8fff,57,行動中區營運處,苗栗營運中心,
109,109+600.0,24.58325,120.7859,884ba0cc3dfffff,894ba0cc3dbffff,8a4ba0cc3daffff,8b4ba0cc3daafff,57(苗栗隧道)**,行動中區營運處,苗栗營運中心,延伸段
109,109+700.0,24.582571,120.7853,884ba0cc3dfffff,894ba0cc3dbffff,8a4ba0cc3d87fff,8b4ba0cc3d80fff,57(苗栗隧道)**,行動中區營運處,苗栗營運中心,延伸段
109,109+800.0,24.581884,120.7846,884ba0cc3dfffff,894ba0cc3dbffff,8a4ba0cc3d97fff,8b4ba0cc3d90fff,57(苗栗隧道)**,行動中區營運處,苗栗營運中心,延伸段
109,109+900.0,24.58119,120.784,884ba0cc23fffff,894ba0cc237ffff,8a4ba0cc2367fff,8b4ba0cc2365fff,57(苗栗隧道)**,行動中區營運處,苗栗營運中心,
110,110+000.0,24.580494,120.7834,884ba0cc23fffff,894ba0cc237ffff,8a4ba0cc2367fff,8b4ba0cc2375fff,57(苗栗隧道)**,行動中區營運處,苗栗營運中心,
110,110+100.0,24.579797,120.7828,884ba0cc23fffff,894ba0cc237ffff,8a4ba0cc2377fff,8b4ba0cc2376fff,57(苗栗隧道)**,行動中區營運處,苗栗營運中心,
110,110+119.0,24.579664,120.7826,884ba0cc23fffff,894ba0cc237ffff,8a4ba0cc2377fff,8b4ba0cc2376fff,57(苗栗隧道)**,行動中區營運處,苗栗營運中心,
110,110+200.0,24.579099,120.7821,884ba0cc23fffff,894ba0cc233ffff,8a4ba0cc230ffff,8b4ba0cc2308fff,57(苗栗隧道)**,行動中區營運處,苗栗營運中心,
110,110+300.0,24.578401,120.7815,884ba0cc23fffff,894ba0cc233ffff,8a4ba0cc231ffff,8b4ba0cc231dfff,57(苗栗隧道)**,行動中區營運處,苗栗營運中心,
110,110+400.0,24.577704,120.7809,884ba0cc23fffff,894ba0cc233ffff,8a4ba0cc23affff,8b4ba0cc23adfff,57(苗栗隧道)**,行動中區營運處,苗栗營運中心,
110,110+500.0,24.577006,120.7802,884ba0cc23fffff,894ba0cc23bffff,8a4ba0cc23affff,8b4ba0cc23aefff,57(苗栗隧道)**,行動中區營運處,苗栗營運中心,
110,110+600.0,24.576309,120.7796,884ba0cc23fffff,894ba0cc23bffff,8a4ba0cc2387fff,8b4ba0cc2384fff,57(苗栗隧道)**,行動中區營運處,苗栗營運中心,
110,110+700.0,24.575611,120.779,884ba0cc23fffff,894ba0cc23bffff,8a4ba0cc2397fff,8b4ba0cc2394fff,57(苗栗隧道)**,行動中區營運處,苗栗營運中心,
110,110+800.0,24.574914,120.7784,884ba0cc21fffff,894ba0cc20fffff,8a4ba0cc20cffff,8b4ba0cc20cbfff,57(苗栗隧道)**,行動中區營運處,苗栗營運中心,
110,110+900.0,24.574216,120.7777,884ba0cc27fffff,894ba0cc277ffff,8a4ba0cc20dffff,8b4ba0cc20dbfff,57(苗栗隧道)**,行動中區營運處,苗栗營運中心,
111,111+000.0,24.573518,120.7771,884ba0cc27fffff,894ba0cc273ffff,8a4ba0cc2777fff,8b4ba0cc2729fff,58(苗栗隧道)**,行動中區營運處,苗栗營運中心,
111,111+100.0,24.572821,120.7765,884ba0cc27fffff,894ba0cc273ffff,8a4ba0cc272ffff,8b4ba0cc270cfff,58(苗栗隧道)**,行動中區營運處,苗栗營運中心,
111,111+200.0,24.572123,120.7759,884ba0cc27fffff,894ba0cc273ffff,8a4ba0cc2707fff,8b4ba0cc2703fff,58(苗栗隧道)**,行動中區營運處,苗栗營運中心,
111,111+300.0,24.571426,120.7752,884ba0cc27fffff,894ba0cc273ffff,8a4ba0cc2717fff,8b4ba0cc2713fff,58(苗栗隧道)**,行動中區營運處,苗栗營運中心,
111,111+400.0,24.570728,120.7746,884ba0cc27fffff,894ba0cc27bffff,8a4ba0cc27a7fff,8b4ba0cc27a1fff,58(苗栗隧道)**,行動中區營運處,苗栗營運中心,
111,111+500.0,24.57003,120.774,884ba0cc27fffff,894ba0cc27bffff,8a4ba0cc27a7fff,8b4ba0cc27a2fff,58(苗栗隧道)**,行動中區營運處,苗栗營運中心,
111,111+513.8,24.569934,120.7739,884ba0cc27fffff,894ba0cc27bffff,8a4ba0cc27b7fff,8b4ba0cc27b1fff,58(苗栗隧道)**,行動中區營運處,苗栗營運中心,
111,111+600.0,24.569333,120.7733,884ba0cc25fffff,894ba0cc27bffff,8a4ba0cc27b7fff,8b4ba0cc27b2fff,58(苗栗隧道)**,行動中區營運處,苗栗營運中心,
111,111+700.0,24.568634,120.7727,884ba0cc25fffff,894ba0cc24fffff,8a4ba0cc24cffff,8b4ba0cc24c8fff,58(苗栗隧道)**,行動中區營運處,苗栗營運中心,
111,111+713.8,24.568538,120.7726,884ba0cc25fffff,894ba0cc24fffff,8a4ba0cc24cffff,8b4ba0cc24c8fff,58(苗栗隧道)**,行動中區營運處,苗栗營運中心,
111,111+800.0,24.567933,120.7721,884ba0cc25fffff,894ba0cc24fffff,8a4ba0cc24dffff,8b4ba0cc24d8fff,58(苗栗隧道)**,行動中區營運處,苗栗營運中心,
111,111+900.0,24.567229,120.7715,884ba0cd1bfffff,894ba0cc24fffff,8a4ba0cd1b2ffff,8b4ba0cd1b2dfff,58(苗栗隧道)**,行動中區營運處,苗栗營運中心,
112,112+000.0,24.566522,120.7709,884ba0cd1bfffff,894ba0cd1b3ffff,8a4ba0cd1b2ffff,8b4ba0cd1b2afff,58(苗栗隧道)**,行動中區營運處,苗栗營運中心,
112,112+100.0,24.565811,120.7703,884ba0cd1bfffff,894ba0cd1b3ffff,8a4ba0cd1b07fff,8b4ba0cd1b00fff,58(苗栗隧道)**,行動中區營運處,苗栗營運中心,
112,112+200.0,24.565099,120.7697,884ba0cd1bfffff,894ba0cd1b3ffff,8a4ba0cd1b17fff,8b4ba0cd1b10fff,58(苗栗隧道)**,行動中區營運處,苗栗營運中心,
112,112+300.0,24.564383,120.7691,884ba0cd1bfffff,894ba0cd1bbffff,8a4ba0cd1ba7fff,8b4ba0cd1ba5fff,58(苗栗隧道)**,行動中區營運處,苗栗營運中心,
112,112+368.1,24.563894,120.7686,884ba0cd1bfffff,894ba0cd1bbffff,8a4ba0cd1ba7fff,8b4ba0cd1ba0fff,58(苗栗隧道)**,行動中區營運處,苗栗營運中心,
112,112+400.0,24.563665,120.7685,884ba0cd1bfffff,894ba0cd1bbffff,8a4ba0cd1ba7fff,8b4ba0cd1ba2fff,58(苗栗隧道)**,行動中區營運處,苗栗營運中心,
112,112+500.0,24.562944,120.7679,884ba0cd19fffff,894ba0cd1bbffff,8a4ba0cd1bb7fff,8b4ba0cd1bb6fff,58(苗栗隧道)**,行動中區營運處,苗栗營運中心,
112,112+568.1,24.562452,120.7675,884ba0cd19fffff,894ba0cd18fffff,8a4ba0cd18cffff,8b4ba0cd18cdfff,58(苗栗隧道)**,行動中區營運處,苗栗營運中心,
112,112+600.0,24.562223,120.7673,884ba0cd19fffff,894ba0cd18fffff,8a4ba0cd18cffff,8b4ba0cd18c8fff,58(苗栗隧道)**,行動中區營運處,苗栗營運中心,
112,112+700.0,24.561501,120.7667,884ba0cd19fffff,894ba0cd18fffff,8a4ba0cd18dffff,8b4ba0cd18ddfff,58(苗栗隧道)**,行動中區營運處,苗栗營運中心,
112,112+800.0,24.56078,120.7661,884ba0cd11fffff,894ba0cd18fffff,8a4ba0cd112ffff,8b4ba0cd112dfff,58(苗栗隧道)**,行動中區營運處,苗栗營運中心,
112,112+900.0,24.560059,120.7655,884ba0cd11fffff,894ba0cd113ffff,8a4ba0cd112ffff,8b4ba0cd112efff,58(苗栗隧道)**,行動中區營運處,苗栗營運中心,
113,113+000.0,24.559337,120.7649,884ba0cd11fffff,894ba0cd113ffff,8a4ba0cd1107fff,8b4ba0cd1100fff,59(苗栗隧道)**,行動中區營運處,苗栗營運中心,
113,113+100.0,24.558616,120.7643,884ba0cd11fffff,894ba0cd113ffff,8a4ba0cd1117fff,8b4ba0cd1110fff,59(苗栗隧道)**,行動中區營運處,苗栗營運中心,延伸段
113,113+200.0,24.557894,120.7637,884ba0cd11fffff,894ba0cd11bffff,8a4ba0cd11a7fff,8b4ba0cd11a5fff,59(西湖一號隧道)**,行動中區營運處,苗栗營運中心,
113,113+300.0,24.557173,120.7631,884ba0cd11fffff,894ba0cd11bffff,8a4ba0cd11a7fff,8b4ba0cd11a6fff,59(西湖一號隧道)**,行動中區營運處,苗栗營運中心,
113,113+400.0,24.556451,120.7625,884ba0cd1dfffff,894ba0cd11bffff,8a4ba0cd11b7fff,8b4ba0cd11b0fff,59(西湖一號隧道)**,行動中區營運處,苗栗營運中心,
113,113+500.0,24.55573,120.7619,884ba0cd1dfffff,894ba0cd1cfffff,8a4ba0cd1ccffff,8b4ba0cd1cc8fff,59(西湖一號隧道)**,行動中區營運處,苗栗營運中心,
113,113+600.0,24.555009,120.7613,884ba0cd1dfffff,894ba0cd1cfffff,8a4ba0cd1cdffff,8b4ba0cd1cddfff,59(西湖一號隧道)**,行動中區營運處,苗栗營運中心,延伸段
113,113+700.0,24.554287,120.7607,884ba0cd15fffff,894ba0cd1cfffff,8a4ba0cd1cdffff,8b4ba0cd152dfff,59(西湖一號隧道)**,行動中區營運處,苗栗營運中心,延伸段
113,113+800.0,24.553566,120.7601,884ba0cd15fffff,894ba0cd153ffff,8a4ba0cd152ffff,8b4ba0cd152efff,59(西湖一號隧道)**,行動中區營運處,苗栗營運中心,延伸段
113,113+900.0,24.552844,120.7595,884ba0cd15fffff,894ba0cd153ffff,8a4ba0cd1507fff,8b4ba0cd1500fff,59(西湖二號隧道)**,行動中區營運處,苗栗營運中心,延伸段
114,114+000.0,24.552123,120.759,884ba0cd15fffff,894ba0cd153ffff,8a4ba0cd1517fff,8b4ba0cd1515fff,59(西湖二號隧道)**,行動中區營運處,苗栗營運中心,
114,114+100.0,24.551401,120.7584,884ba0cd15fffff,894ba0cd15bffff,8a4ba0cd15a7fff,8b4ba0cd15a5fff,59(西湖二號隧道)**,行動中區營運處,苗栗營運中心,
114,114+200.0,24.550679,120.7578,884ba0cd15fffff,894ba0cd15bffff,8a4ba0cd15a7fff,8b4ba0cd15a6fff,59(西湖二號隧道)**,行動中區營運處,苗栗營運中心,
114,114+300.0,24.549957,120.7572,884ba0cd03fffff,894ba0cd15bffff,8a4ba0cd15b7fff,8b4ba0cd15b0fff,59(西湖二號隧道)**,行動中區營運處,苗栗營運中心,
114,114+400.0,24.549236,120.7566,884ba0cd03fffff,894ba0cd02fffff,8a4ba0cd02cffff,8b4ba0cd02c8fff,59(西湖二號隧道)**,行動中區營運處,苗栗營運中心,
114,114+500.0,24.548515,120.756,884ba0cd03fffff,894ba0cd02fffff,8a4ba0cd02dffff,8b4ba0cd02ddfff,59(西湖二號隧道)**,行動中區營運處,苗栗營運中心,
114,114+600.0,24.547793,120.7554,884ba0cd39fffff,894ba0cd02fffff,8a4ba0cd02dffff,8b4ba0cd392dfff,59(西湖二號隧道)**,行動中區營運處,苗栗營運中心,
114,114+700.0,24.547072,120.7548,884ba0cd39fffff,894ba0cd393ffff,8a4ba0cd392ffff,8b4ba0cd392efff,59(西湖二號隧道)**,行動中區營運處,苗栗營運中心,
114,114+800.0,24.54635,120.7542,884ba0cd39fffff,894ba0cd393ffff,8a4ba0cd3907fff,8b4ba0cd3900fff,59(西湖二號隧道)**,行動中區營運處,苗栗營運中心,
114,114+900.0,24.545629,120.7536,884ba0cd39fffff,894ba0cd393ffff,8a4ba0cd3917fff,8b4ba0cd3915fff,59(西湖二號隧道)**,行動中區營運處,苗栗營運中心,
115,115+000.0,24.544907,120.753,884ba0cd39fffff,894ba0cd39bffff,8a4ba0cd39a7fff,8b4ba0cd39a5fff,60(西湖二號隧道)**,行動中區營運處,苗栗營運中心,
115,115+100.0,24.544186,120.7524,884ba0cd39fffff,894ba0cd39bffff,8a4ba0cd39a7fff,8b4ba0cd39a6fff,60(西湖二號隧道)**,行動中區營運處,苗栗營運中心,延伸段
115,115+200.0,24.543464,120.7518,884ba0cd07fffff,894ba0cd39bffff,8a4ba0cd39b7fff,8b4ba0cd39b0fff,60(西湖二號隧道)**,行動中區營運處,苗栗營運中心,延伸段
115,115+300.0,24.542743,120.7512,884ba0cd07fffff,894ba0cd06fffff,8a4ba0cd06cffff,8b4ba0cd06c8fff,60(西湖二號隧道)**,行動中區營運處,苗栗營運中心,延伸段
115,115+400.0,24.542021,120.7506,884ba0cd07fffff,894ba0cd06fffff,8a4ba0cd06dffff,8b4ba0cd06ddfff,60,行動中區營運處,苗栗營運中心,
115,115+500.0,24.5413,120.7501,884ba0cd3dfffff,894ba0cd06fffff,8a4ba0cd06dffff,8b4ba0cd06defff,60,行動中區營運處,苗栗營運中心,
115,115+600.0,24.540578,120.7495,884ba0cd3dfffff,894ba0cd3d3ffff,8a4ba0cd3d2ffff,8b4ba0cd3d2efff,60,行動中區營運處,苗栗營運中心,
115,115+700.0,24.539857,120.7489,884ba0cd3dfffff,894ba0cd3d3ffff,8a4ba0cd3d07fff,8b4ba0cd3d00fff,60,行動中區營運處,苗栗營運中心,
115,115+800.0,24.539135,120.7483,884ba0cd3dfffff,894ba0cd3d3ffff,8a4ba0cd3d17fff,8b4ba0cd3d15fff,60,行動中區營運處,苗栗營運中心,
115,115+900.0,24.538414,120.7477,884ba0cd3dfffff,894ba0cd3dbffff,8a4ba0cd3d17fff,8b4ba0cd3da5fff,60,行動中區營運處,苗栗營運中心,
116,116+000.0,24.537692,120.7471,884ba0cd3dfffff,894ba0cd3dbffff,8a4ba0cd3da7fff,8b4ba0cd3da6fff,60,行動中區營運處,苗栗營運中心,
116,116+100.0,24.536971,120.7465,884ba0cd2bfffff,894ba0cd3dbffff,8a4ba0cd3db7fff,8b4ba0cd3db0fff,60,行動中區營運處,苗栗營運中心,
116,116+200.0,24.536249,120.7459,884ba0cd2bfffff,894ba0cd2afffff,8a4ba0cd2acffff,8b4ba0cd2acdfff,60,行動中區營運處,苗栗營運中心,
116,116+300.0,24.535528,120.7453,884ba0cd2bfffff,894ba0cd2afffff,8a4ba0cd2adffff,8b4ba0cd2addfff,60,行動中區營運處,苗栗營運中心,
116,116+368.9,24.535031,120.7449,884ba0cd2bfffff,894ba0cd2afffff,8a4ba0cd2adffff,8b4ba0cd2adefff,60,行動中區營運處,苗栗營運中心,
116,116+400.0,24.534806,120.7447,884ba0cd23fffff,894ba0cd2afffff,8a4ba0cd2adffff,8b4ba0cd2adefff,60(西湖三號隧道)**,行動中區營運處,苗栗營運中心,延伸段
116,116+500.0,24.534084,120.7441,884ba0cd23fffff,894ba0cd233ffff,8a4ba0cd232ffff,8b4ba0cd232efff,60(西湖三號隧道)**,行動中區營運處,苗栗營運中心,延伸段
116,116+600.0,24.533361,120.7435,884ba0cd23fffff,894ba0cd233ffff,8a4ba0cd2307fff,8b4ba0cd2304fff,60(西湖三號隧道)**,行動中區營運處,苗栗營運中心,延伸段
116,116+700.0,24.532633,120.7429,884ba0cd23fffff,894ba0cd233ffff,8a4ba0cd2317fff,8b4ba0cd2315fff,60(西湖三號隧道)**,行動中區營運處,苗栗營運中心,
116,116+718.9,24.532495,120.7428,884ba0cd23fffff,894ba0cd233ffff,8a4ba0cd2317fff,8b4ba0cd2315fff,60(西湖三號隧道)**,行動中區營運處,苗栗營運中心,
116,116+800.0,24.5319,120.7424,884ba0cd23fffff,894ba0cd233ffff,8a4ba0cd2317fff,8b4ba0cd2316fff,60(西湖三號隧道)**,行動中區營運處,苗栗營運中心,
116,116+900.0,24.531163,120.7418,884ba0cd23fffff,894ba0cd23bffff,8a4ba0cd23a7fff,8b4ba0cd23a6fff,60(西湖三號隧道)**,行動中區營運處,苗栗營運中心,
117,117+000.0,24.53042,120.7412,884ba0cd21fffff,894ba0cd23bffff,8a4ba0cd23b7fff,8b4ba0cd23b0fff,61(西湖三號隧道)**,行動中區營運處,苗栗營運中心,
117,117+100.0,24.529672,120.7407,884ba0cd21fffff,894ba0cd20fffff,8a4ba0cd20cffff,8b4ba0cd20cdfff,61(西湖三號隧道)**,行動中區營運處,苗栗營運中心,
117,117+200.0,24.528919,120.7401,884ba0cd21fffff,894ba0cd20fffff,8a4ba0cd20dffff,8b4ba0cd20ddfff,61(西湖三號隧道)**,行動中區營運處,苗栗營運中心,
117,117+300.0,24.52816,120.7396,884ba0cd27fffff,894ba0cd20fffff,8a4ba0cd20dffff,8b4ba0cd20dafff,61(西湖三號隧道)**,行動中區營運處,苗栗營運中心,
117,117+400.0,24.527398,120.7391,884ba0cd27fffff,894ba0cd273ffff,8a4ba0cd272ffff,8b4ba0cd2728fff,61(西湖三號隧道)**,行動中區營運處,苗栗營運中心,
117,117+500.0,24.52663,120.7386,884ba0cd27fffff,894ba0cd273ffff,8a4ba0cd2707fff,8b4ba0cd2701fff,61(西湖三號隧道)**,行動中區營運處,苗栗營運中心,延伸段
117,117+600.0,24.525857,120.738,884ba0cd27fffff,894ba0cd273ffff,8a4ba0cd2717fff,8b4ba0cd2711fff,61(西湖三號隧道)**,行動中區營運處,苗栗營運中心,延伸段
117,117+700.0,24.525081,120.7375,884ba0cd27fffff,894ba0cd27bffff,8a4ba0cd27affff,8b4ba0cd27acfff,61(西湖三號隧道)**,行動中區營運處,苗栗營運中心,延伸段
117,117+800.0,24.524299,120.7371,884ba0cd27fffff,894ba0cd27bffff,8a4ba0cd27a7fff,8b4ba0cd27a3fff,61(通霄一號隧道)**,行動中區營運處,苗栗營運中心,延伸段
117,117+900.0,24.523513,120.7366,884ba0cd27fffff,894ba0cd27bffff,8a4ba0cd27b7fff,8b4ba0cd2786fff,61(通霄一號隧道)**,行動中區營運處,苗栗營運中心,延伸段
118,118+000.0,24.522722,120.7361,884ba0cd27fffff,894ba0cd27bffff,8a4ba0cd2797fff,8b4ba0cd2796fff,61(通霄一號隧道)**,行動中區營運處,苗栗營運中心,延伸段
118,118+060.7,24.52224,120.7358,884ba0521bfffff,894ba0521b7ffff,8a4ba0521b67fff,8b4ba0521b65fff,61(通霄一號隧道)**,行動中區營運處,苗栗營運中心,
118,118+100.0,24.521927,120.7356,884ba0521bfffff,894ba0521b7ffff,8a4ba0521b67fff,8b4ba0521b60fff,61(通霄一號隧道)**,行動中區營運處,苗栗營運中心,
118,118+200.0,24.521128,120.7352,884ba0521bfffff,894ba0521b7ffff,8a4ba0521b77fff,8b4ba0521b71fff,61(通霄一號隧道)**,行動中區營運處,苗栗營運中心,
118,118+300.0,24.520327,120.7347,884ba0521bfffff,894ba0521b7ffff,8a4ba0521b0ffff,8b4ba0521b09fff,61(通霄一號隧道)**,行動中區營運處,苗栗營運中心,
118,118+400.0,24.519524,120.7343,884ba0521bfffff,894ba0521b3ffff,8a4ba0521b0ffff,8b4ba0521a24fff,61(通霄一號隧道)**,行動中區營運處,苗栗營運中心,
118,118+410.7,24.519438,120.7342,884ba0521bfffff,894ba0521b3ffff,8a4ba0521a27fff,8b4ba0521a24fff,61(通霄一號隧道)**,行動中區營運處,苗栗營運中心,
118,118+500.0,24.518722,120.7338,884ba0521bfffff,894ba0521a3ffff,8a4ba0521b1ffff,8b4ba0521b1bfff,61(通霄一號隧道)**,行動中區營運處,苗栗營運中心,
118,118+600.0,24.517919,120.7334,884ba0521bfffff,894ba0521bbffff,8a4ba0521a37fff,8b4ba0521a36fff,61(通霄一號隧道)**,行動中區營運處,苗栗營運中心,
118,118+700.0,24.517116,120.7329,884ba0521bfffff,894ba0521bbffff,8a4ba0521b8ffff,8b4ba0521b88fff,61(通霄一號隧道)**,行動中區營運處,苗栗營運中心,延伸段
118,118+800.0,24.516314,120.7324,884ba0521bfffff,894ba0521bbffff,8a4ba0521b9ffff,8b4ba0521b98fff,61(通霄一號隧道)**,行動中區營運處,苗栗營運中心,延伸段
118,118+900.0,24.515511,120.732,884ba0521bfffff,894ba052117ffff,8a4ba052116ffff,8b4ba0521169fff,61(通霄一號隧道)**,行動中區營運處,苗栗營運中心,延伸段
119,119+000.0,24.514709,120.7315,884ba05211fffff,894ba052117ffff,8a4ba052116ffff,8b4ba052114cfff,62,行動中區營運處,苗栗營運中心,
119,119+100.0,24.513906,120.7311,884ba05211fffff,894ba052117ffff,8a4ba0521147fff,8b4ba0521143fff,62,行動中區營運處,苗栗營運中心,
119,119+200.0,24.513103,120.7306,884ba05211fffff,894ba052117ffff,8a4ba052115ffff,8b4ba052115efff,62,行動中區營運處,苗栗營運中心,
119,119+300.0,24.5123,120.7302,884ba05211fffff,894ba052103ffff,8a4ba052102ffff,8b4ba052102efff,62(通霄二號隧道)**,行動中區營運處,苗栗營運中心,延伸段
119,119+400.0,24.511498,120.7297,884ba05211fffff,894ba052103ffff,8a4ba0521007fff,8b4ba0521000fff,62(通霄二號隧道)**,行動中區營運處,苗栗營運中心,延伸段
119,119+500.0,24.510695,120.7293,884ba05211fffff,894ba052103ffff,8a4ba0521017fff,8b4ba0521011fff,62(通霄二號隧道)**,行動中區營運處,苗栗營運中心,延伸段
119,119+600.0,24.509892,120.7288,884ba05211fffff,894ba05210bffff,8a4ba05210a7fff,8b4ba05210a1fff,62(通霄二號隧道)**,行動中區營運處,苗栗營運中心,
119,119+700.0,24.50909,120.7284,884ba05211fffff,894ba05210bffff,8a4ba0521087fff,8b4ba0521084fff,62(通霄二號隧道)**,行動中區營運處,苗栗營運中心,
119,119+800.0,24.508287,120.7279,884ba05211fffff,894ba05210bffff,8a4ba0521097fff,8b4ba0521095fff,62(通霄二號隧道)**,行動中區營運處,苗栗營運中心,
119,119+900.0,24.507485,120.7275,884ba05215fffff,894ba05210bffff,8a4ba0521097fff,8b4ba0521096fff,62(通霄二號隧道)**,行動中區營運處,苗栗營運中心,延伸段
120,120+000.0,24.506682,120.727,884ba05215fffff,894ba052147ffff,8a4ba0521467fff,8b4ba0521460fff,62(通霄二號隧道)**,行動中區營運處,苗栗營運中心,延伸段
120,120+100.0,24.505879,120.7266,884ba05215fffff,894ba052147ffff,8a4ba0521477fff,8b4ba0521470fff,62(通霄二號隧道)**,行動中區營運處,苗栗營運中心,延伸段
120,120+200.0,24.505076,120.7261,884ba05215fffff,894ba052147ffff,8a4ba052140ffff,8b4ba0521409fff,62(通霄三號隧道)**,行動中區營運處,苗栗營運中心,延伸段
120,120+300.0,24.504273,120.7257,884ba05215fffff,894ba052143ffff,8a4ba05214e7fff,8b4ba05214e4fff,62(通霄三號隧道)**,行動中區營運處,苗栗營運中心,延伸段
120,120+400.0,24.503471,120.7252,884ba05215fffff,894ba05214fffff,8a4ba05214f7fff,8b4ba052141bfff,62(通霄三號隧道)**,行動中區營運處,苗栗營運中心,
120,120+500.0,24.502668,120.7248,884ba05215fffff,894ba05214bffff,8a4ba05214f7fff,8b4ba05214f6fff,62(通霄三號隧道)**,行動中區營運處,苗栗營運中心,
120,120+600.0,24.501866,120.7243,884ba05215fffff,894ba05214bffff,8a4ba052148ffff,8b4ba052148efff,62(通霄三號隧道)**,行動中區營運處,苗栗營運中心,延伸段
120,120+700.0,24.501063,120.7239,884ba05215fffff,894ba05214bffff,8a4ba052149ffff,8b4ba0521498fff,62(通霄三號隧道)**,行動中區營運處,苗栗營運中心,延伸段
120,120+800.0,24.50026,120.7234,884ba05239fffff,894ba052387ffff,8a4ba052386ffff,8b4ba0523869fff,62(通霄三號隧道)**,行動中區營運處,苗栗營運中心,延伸段
120,120+900.0,24.499457,120.723,884ba05239fffff,894ba052387ffff,8a4ba052384ffff,8b4ba052384cfff,62,行動中區營運處,苗栗營運中心,
121,121+000.0,24.498654,120.7225,884ba05239fffff,894ba052387ffff,8a4ba052385ffff,8b4ba052385cfff,63,行動中區營運處,苗栗營運中心,
121,121+100.0,24.497852,120.7221,884ba05239fffff,894ba052387ffff,8a4ba05238effff,8b4ba05238edfff,63,行動中區營運處,苗栗營運中心,
121,121+120.0,24.497691,120.722,884ba05239fffff,894ba05238fffff,8a4ba05238effff,8b4ba05238edfff,63,行動中區營運處,苗栗營運中心,
121,121+200.0,24.497049,120.7216,884ba05239fffff,894ba05238fffff,8a4ba05238effff,8b4ba05238eefff,63,行動中區營運處,苗栗營運中心,
121,121+300.0,24.496247,120.7212,884ba05239fffff,894ba05238fffff,8a4ba05238c7fff,8b4ba05238c0fff,63,行動中區營運處,苗栗營運中心,
121,121+370.0,24.495687,120.7208,884ba05239fffff,894ba05238fffff,8a4ba05238d7fff,8b4ba05238d1fff,63,行動中區營運處,苗栗營運中心,
121,121+400.0,24.495448,120.7207,884ba05239fffff,894ba05238fffff,8a4ba05238d7fff,8b4ba05238d1fff,63,行動中區營運處,苗栗營運中心,
121,121+500.0,24.49465,120.7202,884ba05231fffff,894ba052313ffff,8a4ba0523127fff,8b4ba0523121fff,63,行動中區營運處,苗栗營運中心,
121,121+600.0,24.493857,120.7198,884ba05231fffff,894ba052313ffff,8a4ba0523107fff,8b4ba0523104fff,63(通霄四號隧道)**,行動中區營運處,苗栗營運中心,延伸段
121,121+700.0,24.493065,120.7193,884ba05231fffff,894ba052313ffff,8a4ba0523117fff,8b4ba0523115fff,63(通霄四號隧道)**,行動中區營運處,苗栗營運中心,延伸段
121,121+710.0,24.492986,120.7192,884ba05231fffff,894ba052313ffff,8a4ba0523117fff,8b4ba0523114fff,63(通霄四號隧道)**,行動中區營運處,苗栗營運中心,延伸段
121,121+800.0,24.492277,120.7188,884ba05231fffff,894ba052313ffff,8a4ba0523117fff,8b4ba0523116fff,63(通霄四號隧道)**,行動中區營運處,苗栗營運中心,
121,121+900.0,24.49149,120.7183,884ba05231fffff,894ba05231bffff,8a4ba05231a7fff,8b4ba05231a6fff,63(通霄四號隧道)**,行動中區營運處,苗栗營運中心,
121,121+960.0,24.491018,120.718,884ba05231fffff,894ba05231bffff,8a4ba05231b7fff,8b4ba05231b5fff,63(通霄四號隧道)**,行動中區營運處,苗栗營運中心,
122,122+000.0,24.490705,120.7178,884ba05231fffff,894ba05231bffff,8a4ba05231b7fff,8b4ba05231b0fff,63(通霄四號隧道)**,行動中區營運處,苗栗營運中心,
122,122+100.0,24.489918,120.7173,884ba0523dfffff,894ba0523cfffff,8a4ba0523ccffff,8b4ba0523cc9fff,63(通霄四號隧道)**,行動中區營運處,苗栗營運中心,延伸段
122,122+200.0,24.489133,120.7169,884ba0523dfffff,894ba0523cfffff,8a4ba0523cdffff,8b4ba0523cd9fff,63(通霄四號隧道)**,行動中區營運處,苗栗營運中心,延伸段
122,122+300.0,24.488347,120.7164,884ba05235fffff,894ba052357ffff,8a4ba0523cdffff,8b4ba0523574fff,63(通霄四號隧道)**,行動中區營運處,苗栗營運中心,延伸段
122,122+400.0,24.487561,120.7159,884ba05235fffff,894ba052353ffff,8a4ba052352ffff,8b4ba052352bfff,63,行動中區營運處,苗栗營運中心,
122,122+500.0,24.486775,120.7154,884ba05235fffff,894ba052353ffff,8a4ba052350ffff,8b4ba052350efff,63,行動中區營運處,苗栗營運中心,
122,122+600.0,24.48599,120.7149,884ba05235fffff,894ba052353ffff,8a4ba052351ffff,8b4ba052351efff,63,行動中區營運處,苗栗營運中心,
122,122+700.0,24.485203,120.7144,884ba05235fffff,894ba05235bffff,8a4ba05235affff,8b4ba05235a8fff,63,行動中區營運處,苗栗營運中心,
122,122+800.0,24.484418,120.7139,884ba05235fffff,894ba05235bffff,8a4ba0523587fff,8b4ba0523585fff,63,行動中區營運處,苗栗營運中心,
122,122+900.0,24.483632,120.7135,884ba05235fffff,894ba05235bffff,8a4ba0523587fff,8b4ba0523582fff,63,行動中區營運處,苗栗營運中心,
122,122+951.6,24.483226,120.7132,884ba05235fffff,894ba05235bffff,8a4ba0523597fff,8b4ba0523591fff,64,行動中區營運處,苗栗營運中心,
123,123+000.0,24.482846,120.713,884ba05235fffff,894ba05235bffff,8a4ba0523597fff,8b4ba0523592fff,64,行動中區營運處,苗栗營運中心,
123,123+100.0,24.48206,120.7125,884ba05049fffff,894ba050497ffff,8a4ba0504967fff,8b4ba0504963fff,64,行動中區營運處,苗栗營運中心,
123,123+200.0,24.481272,120.712,884ba05049fffff,894ba050497ffff,8a4ba0504947fff,8b4ba0504946fff,64,行動中區營運處,苗栗營運中心,
123,123+300.0,24.480482,120.7115,884ba05049fffff,894ba050497ffff,8a4ba0504957fff,8b4ba0504954fff,64,行動中區營運處,苗栗營運中心,
123,123+400.0,24.479687,120.7111,884ba05049fffff,894ba050483ffff,8a4ba0504827fff,8b4ba0504825fff,64(通霄五號隧道)**,行動中區營運處,苗栗營運中心,延伸段
123,123+401.6,24.479674,120.7111,884ba05049fffff,894ba050483ffff,8a4ba0504827fff,8b4ba0504825fff,64(通霄五號隧道)**,行動中區營運處,苗栗營運中心,延伸段
123,123+500.0,24.478886,120.7106,884ba05049fffff,894ba050483ffff,8a4ba0504837fff,8b4ba0504835fff,64(通霄五號隧道)**,行動中區營運處,苗栗營運中心,延伸段
123,123+600.0,24.478081,120.7102,884ba05049fffff,894ba050483ffff,8a4ba0504837fff,8b4ba0504832fff,64(通霄五號隧道)**,行動中區營運處,苗栗營運中心,
123,123+700.0,24.47727,120.7097,884ba05049fffff,894ba05049bffff,8a4ba050498ffff,8b4ba050498bfff,64(通霄五號隧道)**,行動中區營運處,苗栗營運中心,
123,123+800.0,24.476454,120.7093,884ba05049fffff,894ba05048bffff,8a4ba050499ffff,8b4ba05048a6fff,64(通霄五號隧道)**,行動中區營運處,苗栗營運中心,
123,123+900.0,24.475633,120.7089,884ba05049fffff,894ba05048bffff,8a4ba05048b7fff,8b4ba05048b6fff,64(通霄五號隧道)**,行動中區營運處,苗栗營運中心,
124,124+000.0,24.474808,120.7085,884ba0504dfffff,894ba0504d7ffff,8a4ba0504d4ffff,8b4ba0504d48fff,64(通霄五號隧道)**,行動中區營運處,苗栗營運中心,
124,124+100.0,24.473978,120.7081,884ba0504dfffff,894ba0504d7ffff,8a4ba0504d5ffff,8b4ba0504d59fff,64(通霄五號隧道)**,行動中區營運處,苗栗營運中心,
124,124+200.0,24.473144,120.7077,884ba0504dfffff,894ba0504c7ffff,8a4ba0504d5ffff,8b4ba0504c74fff,64(通霄五號隧道)**,行動中區營運處,苗栗營運中心,延伸段
124,124+300.0,24.472307,120.7074,884ba0504dfffff,894ba0504c3ffff,8a4ba0504c0ffff,8b4ba0504c0dfff,64(通霄五號隧道)**,行動中區營運處,苗栗營運中心,延伸段
124,124+400.0,24.471463,120.707,884ba0504dfffff,894ba0504c3ffff,8a4ba0504c0ffff,8b4ba0504c0efff,64(通霄五號隧道)**,行動中區營運處,苗栗營運中心,延伸段
124,124+500.0,24.470618,120.7067,884ba0504dfffff,894ba0504c3ffff,8a4ba0504c1ffff,8b4ba0504c1afff,64(通霄六號隧道)**,行動中區營運處,苗栗營運中心,
124,124+600.0,24.469767,120.7063,884ba0504dfffff,894ba0504cbffff,8a4ba0504caffff,8b4ba0504cabfff,64(通霄六號隧道)**,行動中區營運處,苗栗營運中心,
124,124+700.0,24.468914,120.706,884ba0504dfffff,894ba0504cbffff,8a4ba0504c8ffff,8b4ba0504c8efff,64(通霄六號隧道)**,行動中區營運處,苗栗營運中心,
124,124+800.0,24.468055,120.7057,884ba0504dfffff,894ba0504cbffff,8a4ba0504c9ffff,8b4ba0504c98fff,64(通霄六號隧道)**,行動中區營運處,苗栗營運中心,
124,124+900.0,24.467194,120.7054,884ba05313fffff,894ba053127ffff,8a4ba053126ffff,8b4ba0531269fff,64(通霄六號隧道)**,行動中區營運處,苗栗營運中心,
125,125+000.0,24.46633,120.7051,884ba05313fffff,894ba053127ffff,8a4ba053124ffff,8b4ba053124cfff,65(通霄六號隧道)**,行動中區營運處,苗栗營運中心,
125,125+100.0,24.465462,120.7048,884ba05313fffff,894ba053127ffff,8a4ba053125ffff,8b4ba0531259fff,65(通霄六號隧道)**,行動中區營運處,苗栗營運中心,
125,125+200.0,24.464592,120.7046,884ba05313fffff,894ba05045bffff,8a4ba05045b7fff,8b4ba05045b4fff,65(通霄六號隧道)**,行動中區營運處,苗栗營運中心,
125,125+300.0,24.463719,120.7043,884ba05313fffff,894ba05312fffff,8a4ba05312cffff,8b4ba05312cdfff,65(通霄六號隧道)**,行動中區營運處,苗栗營運中心,
125,125+329.9,24.463457,120.7043,884ba05313fffff,894ba05312fffff,8a4ba05312cffff,8b4ba05312cdfff,65(通霄六號隧道)**,行動中區營運處,苗栗營運中心,
125,125+400.0,24.462842,120.7041,884ba05313fffff,894ba05312fffff,8a4ba05312cffff,8b4ba05312cafff,65(通霄六號隧道)**,行動中區營運處,苗栗營運中心,
125,125+500.0,24.461963,120.7039,884ba05069fffff,894ba050697ffff,8a4ba05312dffff,8b4ba05312dbfff,65(通霄六號隧道)**,行動中區營運處,苗栗營運中心,
125,125+600.0,24.461083,120.7037,884ba05069fffff,894ba050697ffff,8a4ba0506977fff,8b4ba0506972fff,65(通霄六號隧道)**,行動中區營運處,苗栗營運中心,
125,125+700.0,24.460201,120.7034,884ba05069fffff,894ba050693ffff,8a4ba050690ffff,8b4ba050690bfff,65(通霄六號隧道)**,行動中區營運處,苗栗營運中心,
125,125+779.9,24.459497,120.7033,884ba05069fffff,894ba050683ffff,8a4ba0506827fff,8b4ba0506824fff,65(通霄六號隧道)**,行動中區營運處,苗栗營運中心,
125,125+800.0,24.459319,120.7032,884ba05069fffff,894ba050683ffff,8a4ba0506827fff,8b4ba0506826fff,65(通霄六號隧道)**,行動中區營運處,苗栗營運中心,
125,125+900.0,24.458438,120.703,884ba05069fffff,894ba050683ffff,8a4ba0506837fff,8b4ba0506830fff,65(通霄六號隧道)**,行動中區營運處,苗栗營運中心,
126,126+000.0,24.457557,120.7028,884ba05069fffff,894ba050683ffff,8a4ba0506817fff,8b4ba0506816fff,65(通霄六號隧道)**,行動中區營運處,苗栗營運中心,
126,126+100.0,24.456675,120.7026,884ba05069fffff,894ba05068bffff,8a4ba05068a7fff,8b4ba05068a0fff,65(通霄六號隧道)**,行動中區營運處,苗栗營運中心,延伸段
126,126+200.0,24.455794,120.7024,884ba05069fffff,894ba05068bffff,8a4ba0506887fff,8b4ba05068b1fff,65(通霄六號隧道)**,行動中區營運處,苗栗營運中心,延伸段
126,126+300.0,24.454912,120.7022,884ba05069fffff,894ba05068bffff,8a4ba0506897fff,8b4ba0506895fff,65(通霄六號隧道)**,行動中區營運處,苗栗營運中心,延伸段
126,126+400.0,24.45403,120.7019,884ba0506dfffff,894ba0506c7ffff,8a4ba0506c67fff,8b4ba0506c61fff,65,行動中區營運處,苗栗營運中心,
126,126+500.0,24.453149,120.7017,884ba0506dfffff,894ba0506c7ffff,8a4ba0506c47fff,8b4ba0506c44fff,65,行動中區營運處,苗栗營運中心,
126,126+600.0,24.452267,120.7015,884ba0506dfffff,894ba0506c7ffff,8a4ba0506c47fff,8b4ba0506c42fff,65,行動中區營運處,苗栗營運中心,
126,126+700.0,24.451386,120.7013,884ba0506dfffff,894ba0506c7ffff,8a4ba0506c57fff,8b4ba0506c53fff,65,行動中區營運處,苗栗營運中心,
126,126+800.0,24.450504,120.7011,884ba0506dfffff,894ba0506cfffff,8a4ba0506ceffff,8b4ba0506ceefff,66(苑裡隧道)**,行動中區營運處,苗栗營運中心,延伸段
126,126+900.0,24.449622,120.7009,884ba0506dfffff,894ba0506cfffff,8a4ba0506cc7fff,8b4ba0506cc3fff,66(苑裡隧道)**,行動中區營運處,苗栗營運中心,延伸段
127,127+000.0,24.448741,120.7007,884ba0506dfffff,894ba0506cfffff,8a4ba0506cdffff,8b4ba0506cdefff,66(苑裡隧道)**,行動中區營運處,苗栗營運中心,延伸段
127,127+100.0,24.447859,120.7005,884ba05065fffff,894ba050653ffff,8a4ba050652ffff,8b4ba0506528fff,66(苑裡隧道)**,行動中區營運處,苗栗營運中心,
127,127+200.0,24.446977,120.7002,884ba05065fffff,894ba050653ffff,8a4ba0506507fff,8b4ba0506501fff,66(苑裡隧道)**,行動中區營運處,苗栗營運中心,
127,127+300.0,24.446096,120.7,884ba05065fffff,894ba050653ffff,8a4ba050651ffff,8b4ba0506518fff,66(苑裡隧道)**,行動中區營運處,苗栗營運中心,
127,127+400.0,24.445214,120.6998,884ba05065fffff,894ba05065bffff,8a4ba05065affff,8b4ba05065a9fff,66(苑裡隧道)**,行動中區營運處,苗栗營運中心,
127,127+500.0,24.444332,120.6996,884ba05065fffff,894ba05065bffff,8a4ba050658ffff,8b4ba050658cfff,66(苑裡隧道)**,行動中區營運處,苗栗營運中心,
127,127+600.0,24.443451,120.6994,884ba05065fffff,894ba05065bffff,8a4ba050659ffff,8b4ba050659dfff,66(苑裡隧道)**,行動中區營運處,苗栗營運中心,
127,127+700.0,24.442569,120.6992,884ba05065fffff,894ba05064bffff,8a4ba05064b7fff,8b4ba05064b4fff,66(苑裡隧道)**,行動中區營運處,苗栗營運中心,
127,127+800.0,24.441687,120.699,884ba05159fffff,894ba051597ffff,8a4ba051594ffff,8b4ba051594dfff,66(苑裡隧道)**,行動中區營運處,苗栗營運中心,
127,127+900.0,24.440806,120.6988,884ba05159fffff,894ba051597ffff,8a4ba051594ffff,8b4ba051594afff,66(苑裡隧道)**,行動中區營運處,苗栗營運中心,
128,128+000.0,24.439924,120.6985,884ba05159fffff,894ba051587ffff,8a4ba0515877fff,8b4ba0515875fff,66(苑裡隧道)**,行動中區營運處,苗栗營運中心,
128,128+100.0,24.439042,120.6983,884ba05159fffff,894ba051587ffff,8a4ba0515877fff,8b4ba0515872fff,66(苑裡隧道)**,行動中區營運處,苗栗營運中心,
128,128+200.0,24.438161,120.6981,884ba05159fffff,894ba051583ffff,8a4ba051580ffff,8b4ba051580bfff,66(苑裡隧道)**,行動中區營運處,苗栗營運中心,
128,128+300.0,24.437279,120.6979,884ba05159fffff,894ba05158fffff,8a4ba05158e7fff,8b4ba05158e6fff,66(苑裡隧道)**,行動中區營運處,苗栗營運中心,延伸段
128,128+400.0,24.436398,120.6977,884ba05159fffff,894ba05158fffff,8a4ba05158f7fff,8b4ba05158f3fff,66(苑裡隧道)**,行動中區營運處,苗栗營運中心,延伸段
128,128+500.0,24.435516,120.6975,884ba05159fffff,894ba05158fffff,8a4ba05158d7fff,8b4ba05158d6fff,66(苑裡隧道)**,行動中區營運處,苗栗營運中心,延伸段
128,128+600.0,24.434634,120.6973,884ba05151fffff,894ba051513ffff,8a4ba0515127fff,8b4ba0515120fff,66,行動中區營運處,苗栗營運中心,
128,128+700.0,24.433753,120.6971,884ba05151fffff,894ba051513ffff,8a4ba0515107fff,8b4ba0515104fff,66,行動中區營運處,苗栗營運中心,
128,128+800.0,24.432871,120.6968,884ba05151fffff,894ba051513ffff,8a4ba0515117fff,8b4ba0515115fff,66,行動中區營運處,苗栗營運中心,
128,128+900.0,24.431989,120.6966,884ba05151fffff,894ba05151bffff,8a4ba05151a7fff,8b4ba05151a1fff,66,行動中區營運處,苗栗營運中心,
129,129+000.0,24.431108,120.6964,884ba05151fffff,894ba05151bffff,8a4ba0515187fff,8b4ba0515185fff,67,行動中區營運處,苗栗營運中心,
129,129+100.0,24.430226,120.6962,884ba05151fffff,894ba05151bffff,8a4ba0515187fff,8b4ba0515182fff,67,行動中區營運處,苗栗營運中心,
129,129+200.0,24.429344,120.696,884ba05151fffff,894ba05151bffff,8a4ba0515197fff,8b4ba0515193fff,67,行動中區營運處,苗栗營運中心,
129,129+300.0,24.428463,120.6958,884ba05155fffff,894ba051557ffff,8a4ba051556ffff,8b4ba051556afff,67,行動中區營運處,苗栗營運中心,
129,129+400.0,24.427581,120.6956,884ba05155fffff,894ba051557ffff,8a4ba0515547fff,8b4ba0515543fff,67,行動中區營運處,苗栗營運中心,
129,129+500.0,24.426699,120.6954,884ba05155fffff,894ba051557ffff,8a4ba051555ffff,8b4ba051555efff,67,行動中區營運處,苗栗營運中心,
129,129+600.0,24.425818,120.6951,884ba05155fffff,894ba051543ffff,8a4ba051542ffff,8b4ba0515428fff,67,行動中區營運處,苗栗營運中心,
129,129+700.0,24.424936,120.6949,884ba05155fffff,894ba051543ffff,8a4ba0515407fff,8b4ba051540efff,67,行動中區營運處,苗栗營運中心,
129,129+800.0,24.424054,120.6947,884ba05155fffff,894ba051543ffff,8a4ba051541ffff,8b4ba0515418fff,67,行動中區營運處,苗栗營運中心,
129,129+900.0,24.423173,120.6945,884ba05155fffff,894ba05154bffff,8a4ba05154affff,8b4ba05154a9fff,67,行動中區營運處,苗栗營運中心,
130,130+000.0,24.422291,120.6943,884ba05155fffff,894ba05154bffff,8a4ba051548ffff,8b4ba051548cfff,67,行動中區營運處,苗栗營運中心,
130,130+100.0,24.421409,120.6941,884ba05155fffff,894ba05154bffff,8a4ba051549ffff,8b4ba0515499fff,67,行動中區營運處,苗栗營運中心,
130,130+200.0,24.420528,120.6939,884ba0510bfffff,894ba0510b3ffff,8a4ba0510b37fff,8b4ba0510b34fff,67,行動中區營運處,苗栗營運中心,
130,130+300.0,24.419646,120.6937,884ba0510bfffff,894ba051087ffff,8a4ba051084ffff,8b4ba051084dfff,67,行動中區營運處,苗栗營運中心,
130,130+400.0,24.418764,120.6934,884ba0510bfffff,894ba051087ffff,8a4ba051084ffff,8b4ba051084afff,67,行動中區營運處,苗栗營運中心,
130,130+500.0,24.417883,120.6932,884ba0510bfffff,894ba0510bbffff,8a4ba0510bb7fff,8b4ba0510bb5fff,67,行動中區營運處,苗栗營運中心,
130,130+600.0,24.417001,120.693,884ba05109fffff,894ba0510bbffff,8a4ba0510bb7fff,8b4ba0510bb2fff,67,行動中區營運處,苗栗營運中心,
130,130+700.0,24.416119,120.6928,884ba05109fffff,894ba05108fffff,8a4ba05108cffff,8b4ba05108cbfff,67,行動中區營運處,苗栗營運中心,
130,130+800.0,24.415238,120.6926,884ba05101fffff,894ba051017ffff,8a4ba0510167fff,8b4ba0510162fff,67,行動中區營運處,苗栗營運中心,
130,130+900.0,24.414356,120.6924,884ba05101fffff,894ba051017ffff,8a4ba0510177fff,8b4ba0510173fff,67,行動中區營運處,苗栗營運中心,
131,131+000.0,24.413475,120.6922,884ba05101fffff,894ba051017ffff,8a4ba0510157fff,8b4ba0510156fff,68,行動中區營運處,苗栗營運中心,
131,131+100.0,24.412594,120.692,884ba05101fffff,894ba051003ffff,8a4ba0510027fff,8b4ba0510021fff,68,行動中區營運處,苗栗營運中心,
131,131+200.0,24.411712,120.6917,884ba05101fffff,894ba051003ffff,8a4ba0510007fff,8b4ba0510004fff,68,行動中區營運處,苗栗營運中心,
131,131+300.0,24.41083,120.6915,884ba05101fffff,894ba051003ffff,8a4ba0510017fff,8b4ba0510010fff,68,行動中區營運處,苗栗營運中心,
131,131+400.0,24.409949,120.6913,884ba05101fffff,894ba05100bffff,8a4ba05100affff,8b4ba05100a1fff,68,行動中區營運處,苗栗營運中心,
131,131+500.0,24.409067,120.6911,884ba05101fffff,894ba05100bffff,8a4ba0510087fff,8b4ba0510085fff,68,行動中區營運處,苗栗營運中心,
131,131+600.0,24.408185,120.6909,884ba05101fffff,894ba05100bffff,8a4ba0510087fff,8b4ba0510082fff,68,行動中區營運處,苗栗營運中心,
131,131+700.0,24.407304,120.6907,884ba05105fffff,894ba05100bffff,8a4ba051046ffff,8b4ba0510093fff,68,行動中區營運處,苗栗營運中心,
131,131+800.0,24.406422,120.6905,884ba05105fffff,894ba051047ffff,8a4ba051046ffff,8b4ba051046afff,68,行動中區營運處,苗栗營運中心,
131,131+900.0,24.40554,120.6902,884ba05105fffff,894ba051047ffff,8a4ba0510447fff,8b4ba0510443fff,68,行動中區營運處,苗栗營運中心,
132,132+000.0,24.404659,120.69,884ba05105fffff,894ba051047ffff,8a4ba051045ffff,8b4ba051045efff,68,行動中區營運處,苗栗營運中心,
132,132+100.0,24.403777,120.6898,884ba05105fffff,894ba05104fffff,8a4ba05104effff,8b4ba05104e8fff,68,行動中區營運處,苗栗營運中心,
132,132+200.0,24.402895,120.6896,884ba05105fffff,894ba05104fffff,8a4ba05104cffff,8b4ba05104cefff,68,行動中區營運處,苗栗營運中心,
132,132+300.0,24.402014,120.6894,884ba0512bfffff,894ba05104fffff,8a4ba05104dffff,8b4ba05104d8fff,68,行動中區營運處,苗栗營運中心,
132,132+400.0,24.401132,120.6892,884ba0512bfffff,894ba0512b3ffff,8a4ba0512b2ffff,8b4ba0512b29fff,68,行動中區營運處,苗栗營運中心,
132,132+500.0,24.40025,120.689,884ba0512bfffff,894ba0512b3ffff,8a4ba0512b0ffff,8b4ba0512b08fff,68,行動中區營運處,苗栗營運中心,
132,132+600.0,24.399369,120.6888,884ba0512bfffff,894ba0512b3ffff,8a4ba0512b1ffff,8b4ba0512b19fff,68,行動中區營運處,苗栗營運中心,
132,132+700.0,24.398487,120.6885,884ba0512bfffff,894ba0512a3ffff,8a4ba0512a37fff,8b4ba0512a34fff,68,行動中區營運處,苗栗營運中心,
132,132+800.0,24.397605,120.6883,884ba0512bfffff,894ba0512bbffff,8a4ba0512b8ffff,8b4ba0512b8dfff,68,行動中區營運處,苗栗營運中心,
132,132+900.0,24.396724,120.6881,884ba0512bfffff,894ba0512bbffff,8a4ba0512b8ffff,8b4ba0512aa4fff,68,行動中區營運處,苗栗營運中心,
133,133+000.0,24.395842,120.6879,884ba0512bfffff,894ba0512abffff,8a4ba0512ab7fff,8b4ba0512ab5fff,69,行動中區營運處,苗栗營運中心,
133,133+100.0,24.39496,120.6877,884ba0512bfffff,894ba0512abffff,8a4ba0512ab7fff,8b4ba0512ab2fff,69,行動中區營運處,苗栗營運中心,
133,133+200.0,24.394079,120.6875,884ba05121fffff,894ba051217ffff,8a4ba051214ffff,8b4ba051214bfff,69,行動中區營運處,苗栗營運中心,
133,133+300.0,24.393197,120.6873,884ba05121fffff,894ba051207ffff,8a4ba0512067fff,8b4ba0512062fff,69,行動中區營運處,苗栗營運中心,
133,133+400.0,24.392315,120.6871,884ba05121fffff,894ba051207ffff,8a4ba0512077fff,8b4ba0512073fff,69,行動中區營運處,苗栗營運中心,
133,133+500.0,24.391434,120.6868,884ba05121fffff,894ba051207ffff,8a4ba0512057fff,8b4ba0512056fff,69,行動中區營運處,苗栗營運中心,
133,133+600.0,24.390552,120.6866,884ba05121fffff,894ba05120fffff,8a4ba05120e7fff,8b4ba05120e1fff,69,行動中區營運處,苗栗營運中心,
133,133+700.0,24.38967,120.6864,884ba05121fffff,894ba05120fffff,8a4ba05120c7fff,8b4ba05120c4fff,69,行動中區營運處,苗栗營運中心,
133,133+800.0,24.388789,120.6862,884ba05121fffff,894ba05120fffff,8a4ba05120d7fff,8b4ba05120d0fff,69,行動中區營運處,苗栗營運中心,
133,133+900.0,24.387907,120.686,884ba05127fffff,894ba051273ffff,8a4ba051272ffff,8b4ba051272cfff,69,行動中區營運處,苗栗營運中心,
134,134+000.0,24.387025,120.6858,884ba05127fffff,894ba051273ffff,8a4ba0512707fff,8b4ba0512705fff,69,行動中區營運處,苗栗營運中心,
134,134+100.0,24.386144,120.6856,884ba05127fffff,894ba051273ffff,8a4ba0512707fff,8b4ba0512702fff,69,行動中區營運處,苗栗營運中心,
134,134+200.0,24.385262,120.6854,884ba05127fffff,894ba051273ffff,8a4ba05127affff,8b4ba05127adfff,69,行動中區營運處,苗栗營運中心,
134,134+300.0,24.38438,120.6851,884ba05127fffff,894ba05127bffff,8a4ba05127affff,8b4ba05127aafff,69,行動中區營運處,苗栗營運中心,
134,134+400.0,24.383499,120.6849,884ba05127fffff,894ba05127bffff,8a4ba0512787fff,8b4ba0512783fff,69,行動中區營運處,苗栗營運中心,
134,134+500.0,24.382617,120.6847,884ba05127fffff,894ba05127bffff,8a4ba051279ffff,8b4ba051279efff,69,行動中區營運處,苗栗營運中心,
134,134+600.0,24.381735,120.6845,884ba05a1bfffff,894ba05a1b7ffff,8a4ba05a1b6ffff,8b4ba05a1b6bfff,69,行動中區營運處,苗栗營運中心,
134,134+700.0,24.380854,120.6843,884ba05a1bfffff,894ba05a1b7ffff,8a4ba05a1b4ffff,8b4ba05a1b4efff,69,行動中區營運處,苗栗營運中心,
134,134+800.0,24.379972,120.6841,884ba05a1bfffff,894ba05a1b7ffff,8a4ba05a1b5ffff,8b4ba05a1b58fff,69,行動中區營運處,苗栗營運中心,
134,134+900.0,24.37909,120.6839,884ba05a1bfffff,894ba05a1a3ffff,8a4ba05a1a77fff,8b4ba05a1a29fff,69,行動中區營運處,苗栗營運中心,
135,135+000.0,24.378209,120.6837,884ba05a1bfffff,894ba05a1a3ffff,8a4ba05a1a0ffff,8b4ba05a1a08fff,70,行動中區營運處,苗栗營運中心,
135,135+100.0,24.377327,120.6834,884ba05a1bfffff,894ba05a1a3ffff,8a4ba05a1a1ffff,8b4ba05a1a19fff,70,行動中區營運處,苗栗營運中心,
135,135+200.0,24.376445,120.6832,884ba05a1bfffff,894ba05a1afffff,8a4ba05a1af7fff,8b4ba05a1af4fff,70,行動中區營運處,豐原/台中營運中心,
135,135+300.0,24.375564,120.683,884ba05a1bfffff,894ba05a1abffff,8a4ba05a1a8ffff,8b4ba05a1a89fff,70,行動中區營運處,豐原/台中營運中心,
135,135+400.0,24.374682,120.6828,884ba05a1bfffff,894ba05a1abffff,8a4ba05a1327fff,8b4ba05a1324fff,70,行動中區營運處,豐原/台中營運中心,
135,135+500.0,24.3738,120.6826,884ba05a13fffff,894ba05a133ffff,8a4ba05a1337fff,8b4ba05a1335fff,70,行動中區營運處,豐原/台中營運中心,
135,135+600.0,24.372919,120.6824,884ba05a13fffff,894ba05a133ffff,8a4ba05a1337fff,8b4ba05a1332fff,70,行動中區營運處,豐原/台中營運中心,
135,135+700.0,24.372037,120.6822,884ba05a13fffff,894ba05a133ffff,8a4ba05a1317fff,8b4ba05a1316fff,70,行動中區營運處,豐原/台中營運中心,
135,135+800.0,24.371155,120.682,884ba05a13fffff,894ba05a13bffff,8a4ba05a13a7fff,8b4ba05a13a2fff,70,行動中區營運處,豐原/台中營運中心,
135,135+900.0,24.370274,120.6817,884ba05a13fffff,894ba05a13bffff,8a4ba05a13b7fff,8b4ba05a13b3fff,70,行動中區營運處,豐原/台中營運中心,
136,136+000.0,24.369393,120.6815,884ba05a13fffff,894ba05a13bffff,8a4ba05a1397fff,8b4ba05a1390fff,70,行動中區營運處,豐原/台中營運中心,
136,136+100.0,24.368511,120.6813,884ba05a17fffff,894ba05a177ffff,8a4ba05a1767fff,8b4ba05a1761fff,70,行動中區營運處,豐原/台中營運中心,
136,136+200.0,24.367629,120.6811,884ba05a17fffff,894ba05a177ffff,8a4ba05a1747fff,8b4ba05a1744fff,70,行動中區營運處,豐原/台中營運中心,
136,136+300.0,24.366748,120.6809,884ba05a17fffff,894ba05a177ffff,8a4ba05a1757fff,8b4ba05a1751fff,70,行動中區營運處,豐原/台中營運中心,
136,136+400.0,24.365866,120.6807,884ba05a17fffff,894ba05a163ffff,8a4ba05a162ffff,8b4ba05a162cfff,70,行動中區營運處,豐原/台中營運中心,
136,136+500.0,24.364984,120.6805,884ba05a17fffff,894ba05a163ffff,8a4ba05a1607fff,8b4ba05a1605fff,70,行動中區營運處,豐原/台中營運中心,
136,136+600.0,24.364103,120.6803,884ba05a17fffff,894ba05a163ffff,8a4ba05a1607fff,8b4ba05a161cfff,70,行動中區營運處,豐原/台中營運中心,
136,136+700.0,24.363221,120.68,884ba05a17fffff,894ba05a163ffff,8a4ba05a16affff,8b4ba05a16adfff,70,行動中區營運處,豐原/台中營運中心,
136,136+800.0,24.362339,120.6798,884ba05a17fffff,894ba05a16bffff,8a4ba05a16affff,8b4ba05a16aafff,70,行動中區營運處,豐原/台中營運中心,
136,136+900.0,24.361458,120.6796,884ba05a17fffff,894ba05a16bffff,8a4ba05a1687fff,8b4ba05a1683fff,70,行動中區營運處,豐原/台中營運中心,
137,137+000.0,24.360576,120.6794,884ba05a17fffff,894ba05a16bffff,8a4ba05a169ffff,8b4ba05a169afff,71,行動中區營運處,豐原/台中營運中心,
137,137+100.0,24.359694,120.6792,884ba05a3bfffff,894ba05a3a7ffff,8a4ba05a3a6ffff,8b4ba05a3a6bfff,71,行動中區營運處,豐原/台中營運中心,
137,137+200.0,24.358813,120.679,884ba05a3bfffff,894ba05a3a7ffff,8a4ba05a3a4ffff,8b4ba05a3a4efff,71,行動中區營運處,豐原/台中營運中心,
137,137+300.0,24.357931,120.6788,884ba05a3bfffff,894ba05a3a7ffff,8a4ba05a3a5ffff,8b4ba05a3a58fff,71,行動中區營運處,豐原/台中營運中心,
137,137+400.0,24.357049,120.6786,884ba05a3bfffff,894ba05a3afffff,8a4ba05aedb7fff,8b4ba05aedb6fff,71,行動中區營運處,豐原/台中營運中心,
137,137+500.0,24.356168,120.6783,884ba05a3bfffff,894ba05a3afffff,8a4ba05a3acffff,8b4ba05a3ac8fff,71,行動中區營運處,豐原/台中營運中心,
137,137+600.0,24.355286,120.6781,884ba05a33fffff,894ba05a3afffff,8a4ba05a3adffff,8b4ba05a3ad9fff,71,行動中區營運處,豐原/台中營運中心,
137,137+654.1,24.354809,120.678,884ba05a33fffff,894ba05a337ffff,8a4ba05a3adffff,8b4ba05a3adbfff,71,行動中區營運處,豐原/台中營運中心,
137,137+700.0,24.354404,120.6779,884ba05a33fffff,894ba05a337ffff,8a4ba05a3377fff,8b4ba05a3374fff,71,行動中區營運處,豐原/台中營運中心,
137,137+800.0,24.353523,120.6777,884ba05a33fffff,894ba05a337ffff,8a4ba05a330ffff,8b4ba05a3309fff,71,行動中區營運處,豐原/台中營運中心,
137,137+900.0,24.35264,120.6775,884ba05a33fffff,894ba05a333ffff,8a4ba05a3227fff,8b4ba05a3224fff,71,行動中區營運處,豐原/台中營運中心,
138,138+000.0,24.351757,120.6773,884ba05a33fffff,894ba05a323ffff,8a4ba05a3237fff,8b4ba05a3235fff,71,行動中區營運處,豐原/台中營運中心,
138,138+100.0,24.35087,120.6771,884ba05a33fffff,894ba05a323ffff,8a4ba05a3237fff,8b4ba05a3233fff,71,行動中區營運處,豐原/台中營運中心,
138,138+104.1,24.350834,120.6771,884ba05a33fffff,894ba05a323ffff,8a4ba05a3237fff,8b4ba05a3233fff,71,行動中區營運處,豐原/台中營運中心,
138,138+200.0,24.349982,120.6769,884ba05a33fffff,894ba05a32bffff,8a4ba05a3217fff,8b4ba05a32a5fff,71,行動中區營運處,豐原/台中營運中心,
138,138+300.0,24.349093,120.6768,884ba05a33fffff,894ba05a32bffff,8a4ba05a32a7fff,8b4ba05a32a3fff,71,行動中區營運處,豐原/台中營運中心,
138,138+400.0,24.348201,120.6766,884ba05a33fffff,894ba05a32bffff,8a4ba05a3287fff,8b4ba05a3286fff,71,行動中區營運處,豐原/台中營運中心,
138,138+500.0,24.347308,120.6765,884ba05a37fffff,894ba05a32bffff,8a4ba05a3297fff,8b4ba05a3293fff,71,行動中區營運處,豐原/台中營運中心,
138,138+600.0,24.346414,120.6763,884ba05a37fffff,894ba05a367ffff,8a4ba05a366ffff,8b4ba05a366efff,71,行動中區營運處,豐原/台中營運中心,
138,138+700.0,24.345517,120.6762,884ba05a37fffff,894ba05a367ffff,8a4ba05a3647fff,8b4ba05a3640fff,71,行動中區營運處,豐原/台中營運中心,
138,138+756.6,24.345009,120.6761,884ba05a37fffff,894ba05a367ffff,8a4ba05a365ffff,8b4ba05a365cfff,71,行動中區營運處,豐原/台中營運中心,
138,138+800.0,24.344619,120.6761,884ba05a37fffff,894ba05a367ffff,8a4ba05a365ffff,8b4ba05a365efff,71,行動中區營運處,豐原/台中營運中心,
138,138+900.0,24.343721,120.676,884ba05a37fffff,894ba05a36fffff,8a4ba05a36effff,8b4ba05a36e9fff,71,行動中區營運處,豐原/台中營運中心,
139,139+000.0,24.342821,120.6759,884ba05a37fffff,894ba05a36fffff,8a4ba05a36cffff,8b4ba05a36ccfff,72,行動中區營運處,豐原/台中營運中心,
139,139+100.0,24.341922,120.6758,884ba05a37fffff,894ba05a36fffff,8a4ba05a36dffff,8b4ba05a36d9fff,72,行動中區營運處,豐原/台中營運中心,
139,139+200.0,24.341021,120.6758,884ba0585dfffff,894ba0585d7ffff,8a4ba0585d77fff,8b4ba0585d74fff,72,行動中區營運處,豐原/台中營運中心,
139,139+206.6,24.340963,120.6758,884ba0585dfffff,894ba0585d7ffff,8a4ba0585d77fff,8b4ba0585d74fff,72,行動中區營運處,豐原/台中營運中心,
139,139+300.0,24.340121,120.6757,884ba0585dfffff,894ba0585d7ffff,8a4ba0585d77fff,8b4ba0585d72fff,72,行動中區營運處,豐原/台中營運中心,
139,139+400.0,24.339221,120.6756,884ba0585dfffff,894ba0585c3ffff,8a4ba0585c27fff,8b4ba0585c25fff,72,行動中區營運處,豐原/台中營運中心,
139,139+500.0,24.338321,120.6755,884ba0585dfffff,894ba0585c3ffff,8a4ba0585c27fff,8b4ba0585c22fff,72,行動中區營運處,豐原/台中營運中心,
139,139+600.0,24.337421,120.6754,884ba0585dfffff,894ba0585c3ffff,8a4ba0585c17fff,8b4ba0585c15fff,72,行動中區營運處,豐原/台中營運中心,
139,139+700.0,24.336521,120.6754,884ba0585dfffff,894ba0585c3ffff,8a4ba0585c17fff,8b4ba0585c13fff,72,行動中區營運處,豐原/台中營運中心,
139,139+800.0,24.335621,120.6753,884ba0585dfffff,894ba0585cbffff,8a4ba0585caffff,8b4ba0585caefff,72,行動中區營運處,豐原/台中營運中心,
139,139+900.0,24.334721,120.6752,884ba0585dfffff,894ba0585cbffff,8a4ba0585c87fff,8b4ba0585c83fff,72,行動中區營運處,豐原/台中營運中心,
140,140+000.0,24.333821,120.6751,884ba0585dfffff,894ba0585cbffff,8a4ba0585c9ffff,8b4ba0585c9efff,72,行動中區營運處,豐原/台中營運中心,
140,140+100.0,24.332921,120.6751,884ba05843fffff,894ba058427ffff,8a4ba058426ffff,8b4ba058426bfff,72,行動中區營運處,豐原/台中營運中心,
140,140+200.0,24.33202,120.675,884ba05843fffff,894ba058427ffff,8a4ba058424ffff,8b4ba0584248fff,72,行動中區營運處,豐原/台中營運中心,
140,140+300.0,24.331121,120.6749,884ba05855fffff,894ba058427ffff,8a4ba05855a7fff,8b4ba0584259fff,72,行動中區營運處,豐原/台中營運中心,
140,140+400.0,24.330221,120.6748,884ba05855fffff,894ba05855bffff,8a4ba05855b7fff,8b4ba05855b0fff,72,行動中區營運處,豐原/台中營運中心,
140,140+500.0,24.32932,120.6747,884ba05855fffff,894ba05855bffff,8a4ba0585597fff,8b4ba0585594fff,72,行動中區營運處,豐原/台中營運中心,
140,140+600.0,24.328421,120.6747,884ba05809fffff,894ba058097ffff,8a4ba0580967fff,8b4ba0580961fff,72,行動中區營運處,豐原/台中營運中心,
140,140+700.0,24.32752,120.6746,884ba05809fffff,894ba058097ffff,8a4ba0580947fff,8b4ba0580944fff,72,行動中區營運處,豐原/台中營運中心,
140,140+800.0,24.326621,120.6745,884ba05809fffff,894ba058097ffff,8a4ba0580957fff,8b4ba0580951fff,72,行動中區營運處,豐原/台中營運中心,
140,140+900.0,24.325721,120.6744,884ba05809fffff,894ba058083ffff,8a4ba058082ffff,8b4ba058082cfff,72,行動中區營運處,豐原/台中營運中心,
141,141+000.0,24.32482,120.6744,884ba05809fffff,894ba058083ffff,8a4ba058082ffff,8b4ba058082afff,73,行動中區營運處,豐原/台中營運中心,
141,141+100.0,24.323921,120.6743,884ba05809fffff,894ba058083ffff,8a4ba058081ffff,8b4ba058081dfff,73,行動中區營運處,豐原/台中營運中心,
141,141+200.0,24.32302,120.6742,884ba05809fffff,894ba058083ffff,8a4ba058081ffff,8b4ba058081afff,73,行動中區營運處,豐原/台中營運中心,
141,141+300.0,24.32212,120.6741,884ba05809fffff,894ba05808bffff,8a4ba05808f7fff,8b4ba05808f6fff,73,行動中區營運處,豐原/台中營運中心,
141,141+400.0,24.321221,120.674,884ba05809fffff,894ba05808bffff,8a4ba058088ffff,8b4ba058088bfff,73,行動中區營運處,豐原/台中營運中心,
141,141+500.0,24.32032,120.674,884ba05809fffff,894ba058013ffff,8a4ba0580127fff,8b4ba0580126fff,73,行動中區營運處,豐原/台中營運中心,
141,141+600.0,24.31942,120.6739,884ba05801fffff,894ba058013ffff,8a4ba0580137fff,8b4ba0580133fff,73,行動中區營運處,豐原/台中營運中心,
141,141+700.0,24.31852,120.6738,884ba05801fffff,894ba058013ffff,8a4ba0580117fff,8b4ba0580116fff,73,行動中區營運處,豐原/台中營運中心,
141,141+800.0,24.31762,120.6737,884ba05801fffff,894ba05801bffff,8a4ba05801a7fff,8b4ba05801a1fff,73,行動中區營運處,豐原/台中營運中心,
141,141+900.0,24.31672,120.6736,884ba05801fffff,894ba05801bffff,8a4ba0580187fff,8b4ba0580180fff,73,行動中區營運處,豐原/台中營運中心,
142,142+000.0,24.31582,120.6736,884ba05801fffff,894ba05801bffff,8a4ba0580197fff,8b4ba0580191fff,73,行動中區營運處,豐原/台中營運中心,
142,142+100.0,24.31492,120.6735,884ba05801fffff,894ba058057ffff,8a4ba058056ffff,8b4ba0580568fff,73,行動中區營運處,豐原/台中營運中心,
142,142+200.0,24.314019,120.6734,884ba05805fffff,894ba058057ffff,8a4ba058054ffff,8b4ba058054cfff,73,行動中區營運處,豐原/台中營運中心,
142,142+300.0,24.31312,120.6733,884ba05805fffff,894ba058057ffff,8a4ba058055ffff,8b4ba058055dfff,73,行動中區營運處,豐原/台中營運中心,
142,142+400.0,24.31222,120.6733,884ba05805fffff,894ba058047ffff,8a4ba0580477fff,8b4ba0580474fff,73,行動中區營運處,豐原/台中營運中心,
142,142+500.0,24.311319,120.6732,884ba05805fffff,894ba058043ffff,8a4ba058040ffff,8b4ba058040dfff,73,行動中區營運處,豐原/台中營運中心,
142,142+600.0,24.31042,120.6731,884ba05805fffff,894ba058043ffff,8a4ba058040ffff,8b4ba058040bfff,73,行動中區營運處,豐原/台中營運中心,
142,142+700.0,24.309519,120.673,884ba05805fffff,894ba05804fffff,8a4ba05804e7fff,8b4ba05804e2fff,73,行動中區營運處,豐原/台中營運中心,
142,142+800.0,24.308619,120.6729,884ba05805fffff,894ba05804fffff,8a4ba05804f7fff,8b4ba05804f3fff,73,行動中區營運處,豐原/台中營運中心,
142,142+900.0,24.30772,120.6729,884ba05805fffff,894ba05804fffff,8a4ba05804d7fff,8b4ba05804d2fff,73,行動中區營運處,豐原/台中營運中心,
143,143+000.0,24.306819,120.6728,884ba0582bfffff,894ba0582b3ffff,8a4ba0582b27fff,8b4ba0582b2efff,74,行動中區營運處,豐原/台中營運中心,
143,143+100.0,24.305919,120.6727,884ba0582bfffff,894ba0582b3ffff,8a4ba0582b07fff,8b4ba0582b00fff,74,行動中區營運處,豐原/台中營運中心,
143,143+200.0,24.305019,120.6726,884ba0582bfffff,894ba0582b3ffff,8a4ba0582b1ffff,8b4ba0582b1efff,74,行動中區營運處,豐原/台中營運中心,
143,143+300.0,24.304119,120.6726,884ba0582bfffff,894ba0582bbffff,8a4ba0582baffff,8b4ba0582ba8fff,74,行動中區營運處,豐原/台中營運中心,
143,143+400.0,24.303219,120.6725,884ba0582bfffff,894ba0582bbffff,8a4ba0582b8ffff,8b4ba0582b8efff,74,行動中區營運處,豐原/台中營運中心,
143,143+500.0,24.302319,120.6724,884ba0582bfffff,894ba0582bbffff,8a4ba0582b9ffff,8b4ba0582b99fff,74,行動中區營運處,豐原/台中營運中心,
143,143+600.0,24.301419,120.6723,884ba0582bfffff,894ba0582abffff,8a4ba0582ab7fff,8b4ba0582ab4fff,74,行動中區營運處,豐原/台中營運中心,
143,143+700.0,24.300519,120.6722,884ba05821fffff,894ba0582abffff,8a4ba058214ffff,8b4ba0582149fff,74,行動中區營運處,豐原/台中營運中心,
143,143+778.6,24.299811,120.6722,884ba05821fffff,894ba058207ffff,8a4ba0582067fff,8b4ba0582065fff,74,行動中區營運處,豐原/台中營運中心,
143,143+800.0,24.299619,120.6722,884ba05821fffff,894ba058207ffff,8a4ba0582067fff,8b4ba0582065fff,74,行動中區營運處,豐原/台中營運中心,
143,143+900.0,24.298719,120.6721,884ba05821fffff,894ba058207ffff,8a4ba0582067fff,8b4ba0582062fff,74,行動中區營運處,豐原/台中營運中心,
144,144+000.0,24.297819,120.672,884ba05821fffff,894ba058207ffff,8a4ba0582057fff,8b4ba0582055fff,74,行動中區營運處,豐原/台中營運中心,
144,144+100.0,24.29692,120.6719,884ba05821fffff,894ba05820fffff,8a4ba0582057fff,8b4ba0582052fff,74,行動中區營運處,豐原/台中營運中心,
144,144+200.0,24.296021,120.6718,884ba05821fffff,894ba05820fffff,8a4ba05820effff,8b4ba05820c5fff,74,行動中區營運處,豐原/台中營運中心,
144,144+300.0,24.295123,120.6717,884ba05821fffff,894ba05820fffff,8a4ba05820c7fff,8b4ba05820c3fff,74,行動中區營運處,豐原/台中營運中心,
144,144+328.6,24.294868,120.6717,884ba05821fffff,894ba05820fffff,8a4ba05820dffff,8b4ba05820dcfff,74,行動中區營運處,豐原/台中營運中心,
144,144+400.0,24.294228,120.6716,884ba05827fffff,894ba05820fffff,8a4ba05820dffff,8b4ba05820defff,74,行動中區營運處,豐原/台中營運中心,
144,144+500.0,24.293334,120.6714,884ba05827fffff,894ba058273ffff,8a4ba058272ffff,8b4ba058272bfff,74,行動中區營運處,豐原/台中營運中心,
144,144+600.0,24.292443,120.6713,884ba05827fffff,894ba058273ffff,8a4ba058270ffff,8b4ba058270efff,74,行動中區營運處,豐原/台中營運中心,
144,144+700.0,24.291554,120.6711,884ba05827fffff,894ba058273ffff,8a4ba058271ffff,8b4ba0582718fff,74,行動中區營運處,豐原/台中營運中心,
144,144+800.0,24.290667,120.6709,884ba05827fffff,894ba058263ffff,8a4ba0582637fff,8b4ba0582636fff,74,行動中區營運處,豐原/台中營運中心,
144,144+900.0,24.289783,120.6707,884ba05827fffff,894ba05827bffff,8a4ba058278ffff,8b4ba0582788fff,74,行動中區營運處,豐原/台中營運中心,
145,145+000.0,24.288902,120.6705,884ba05827fffff,894ba05827bffff,8a4ba058279ffff,8b4ba0582799fff,75,行動中區營運處,豐原/台中營運中心,
145,145+100.0,24.288025,120.6703,884ba05827fffff,894ba05826bffff,8a4ba05826b7fff,8b4ba05826b4fff,75,行動中區營運處,豐原/台中營運中心,
145,145+200.0,24.287151,120.67,884ba0591bfffff,894ba05826bffff,8a4ba0591b4ffff,8b4ba0591b49fff,75,行動中區營運處,豐原/台中營運中心,
145,145+300.0,24.286281,120.6698,884ba0591bfffff,894ba0591b7ffff,8a4ba0591a67fff,8b4ba0591a64fff,75,行動中區營運處,豐原/台中營運中心,
145,145+400.0,24.285416,120.6695,884ba0591bfffff,894ba0591a7ffff,8a4ba0591a77fff,8b4ba0591a75fff,75,行動中區營運處,豐原/台中營運中心,
145,145+500.0,24.284554,120.6692,884ba0591bfffff,894ba0591a7ffff,8a4ba0591a77fff,8b4ba0591a72fff,75,行動中區營運處,豐原/台中營運中心,
145,145+600.0,24.283696,120.6689,884ba0591bfffff,894ba0591a3ffff,8a4ba0591a0ffff,8b4ba0591a0bfff,75,行動中區營運處,豐原/台中營運中心,
145,145+700.0,24.282844,120.6686,884ba0591bfffff,894ba0591afffff,8a4ba0591ae7fff,8b4ba0591ae6fff,75,行動中區營運處,豐原/台中營運中心,
145,145+800.0,24.281996,120.6682,884ba0591bfffff,894ba0591afffff,8a4ba0591af7fff,8b4ba0591af0fff,75,行動中區營運處,豐原/台中營運中心,
145,145+900.0,24.281153,120.6679,884ba0591bfffff,894ba0591abffff,8a4ba0591a8ffff,8b4ba0591a89fff,75,行動中區營運處,豐原/台中營運中心,
146,146+000.0,24.280315,120.6675,884ba0591bfffff,894ba059133ffff,8a4ba0591327fff,8b4ba0591324fff,75,行動中區營運處,豐原/台中營運中心,
146,146+100.0,24.279484,120.6671,884ba05913fffff,894ba059133ffff,8a4ba0591337fff,8b4ba0591335fff,75(神岡隧道)**,行動中區營運處,豐原/台中營運中心,延伸段
146,146+200.0,24.278657,120.6667,884ba05913fffff,894ba059107ffff,8a4ba059104ffff,8b4ba059104dfff,75(神岡隧道)**,行動中區營運處,豐原/台中營運中心,延伸段
146,146+300.0,24.277837,120.6663,884ba05913fffff,894ba059107ffff,8a4ba059104ffff,8b4ba059104afff,75(神岡隧道)**,行動中區營運處,豐原/台中營運中心,延伸段
146,146+400.0,24.277023,120.6659,884ba05911fffff,894ba059107ffff,8a4ba059105ffff,8b4ba059105bfff,75(神岡隧道)**,行動中區營運處,豐原/台中營運中心,
146,146+500.0,24.276214,120.6654,884ba05911fffff,894ba05910fffff,8a4ba05913b7fff,8b4ba05913b6fff,75(神岡隧道)**,行動中區營運處,豐原/台中營運中心,
146,146+600.0,24.275413,120.665,884ba05911fffff,894ba05910fffff,8a4ba05910cffff,8b4ba05910cefff,75(神岡隧道)**,行動中區營運處,豐原/台中營運中心,
146,146+700.0,24.274619,120.6645,884ba05911fffff,894ba05910fffff,8a4ba05910dffff,8b4ba05910d8fff,75(神岡隧道)**,行動中區營運處,豐原/台中營運中心,
146,146+800.0,24.273831,120.664,884ba05917fffff,894ba059173ffff,8a4ba059172ffff,8b4ba059172dfff,75(神岡隧道)**,行動中區營運處,豐原/台中營運中心,
146,146+900.0,24.273051,120.6636,884ba05917fffff,894ba059173ffff,8a4ba059172ffff,8b4ba059172afff,75(神岡隧道)**,行動中區營運處,豐原/台中營運中心,
147,147+000.0,24.272278,120.663,884ba05917fffff,894ba059173ffff,8a4ba0591707fff,8b4ba0591702fff,76(神岡隧道)**,行動中區營運處,豐原/台中營運中心,
147,147+100.0,24.271512,120.6625,884ba05917fffff,894ba059173ffff,8a4ba0591717fff,8b4ba0591713fff,75(神岡隧道)**,行動中區營運處,豐原/台中營運中心,延伸段
147,147+200.0,24.270754,120.662,884ba05917fffff,894ba05917bffff,8a4ba05917a7fff,8b4ba05917a1fff,75(神岡隧道)**,行動中區營運處,豐原/台中營運中心,延伸段
147,147+300.0,24.270004,120.6614,884ba05917fffff,894ba05917bffff,8a4ba0591787fff,8b4ba0591784fff,75(神岡隧道)**,行動中區營運處,豐原/台中營運中心,延伸段
147,147+400.0,24.269263,120.6609,884ba05917fffff,894ba05917bffff,8a4ba05917b7fff,8b4ba0591794fff,76,行動中區營運處,豐原/台中營運中心,
147,147+401.1,24.269255,120.6609,884ba05917fffff,894ba05917bffff,8a4ba05917b7fff,8b4ba0591794fff,76,行動中區營運處,豐原/台中營運中心,
147,147+500.0,24.268529,120.6603,884ba05915fffff,894ba05914fffff,8a4ba05914cffff,8b4ba05914cbfff,76,行動中區營運處,豐原/台中營運中心,
147,147+600.0,24.267804,120.6597,884ba0593bfffff,894ba05914fffff,8a4ba05914dffff,8b4ba05914d9fff,76,行動中區營運處,豐原/台中營運中心,
147,147+700.0,24.267084,120.6591,884ba0593bfffff,894ba0593b3ffff,8a4ba0593b77fff,8b4ba0593b29fff,76,行動中區營運處,豐原/台中營運中心,
147,147+800.0,24.266368,120.6585,884ba0593bfffff,894ba0593b3ffff,8a4ba0593b0ffff,8b4ba0593b0cfff,76,行動中區營運處,豐原/台中營運中心,
147,147+900.0,24.265654,120.6579,884ba0593bfffff,894ba0593b3ffff,8a4ba0593b07fff,8b4ba0593b03fff,76,行動中區營運處,豐原/台中營運中心,
147,147+951.1,24.265289,120.6576,884ba0593bfffff,894ba0593b3ffff,8a4ba0593b1ffff,8b4ba0593b1cfff,76,行動中區營運處,豐原/台中營運中心,
148,148+000.0,24.264941,120.6573,884ba0593bfffff,894ba0593b3ffff,8a4ba0593b17fff,8b4ba0593b13fff,76,行動中區營運處,豐原/台中營運中心,
148,148+100.0,24.264226,120.6567,884ba0593bfffff,894ba0593bbffff,8a4ba0593ba7fff,8b4ba0593ba1fff,76,行動中區營運處,豐原/台中營運中心,
148,148+200.0,24.263512,120.6561,884ba0593bfffff,894ba0593bbffff,8a4ba0593b87fff,8b4ba0593b84fff,76,行動中區營運處,豐原/台中營運中心,
148,148+300.0,24.262798,120.6555,884ba0593bfffff,894ba0593bbffff,8a4ba0593bb7fff,8b4ba0593bb3fff,76,行動中區營運處,豐原/台中營運中心,
148,148+400.0,24.262085,120.6549,884ba05939fffff,894ba05938fffff,8a4ba05938cffff,8b4ba05938cbfff,76,行動中區營運處,豐原/台中營運中心,
148,148+500.0,24.261371,120.6543,884ba05931fffff,894ba05938fffff,8a4ba05938dffff,8b4ba05938d9fff,76,行動中區營運處,豐原/台中營運中心,
148,148+600.0,24.260657,120.6537,884ba05931fffff,894ba059313ffff,8a4ba059312ffff,8b4ba0593129fff,76,行動中區營運處,豐原/台中營運中心,
148,148+668.5,24.260169,120.6533,884ba05931fffff,894ba059313ffff,8a4ba059312ffff,8b4ba059312bfff,76,行動中區營運處,豐原/台中營運中心,
148,148+700.0,24.259943,120.6531,884ba05931fffff,894ba059313ffff,8a4ba059312ffff,8b4ba059312afff,76,行動中區營運處,豐原/台中營運中心,
148,148+800.0,24.259229,120.6525,884ba05931fffff,894ba059313ffff,8a4ba0593107fff,8b4ba0593103fff,76,行動中區營運處,豐原/台中營運中心,
148,148+900.0,24.258514,120.6519,884ba05931fffff,894ba059313ffff,8a4ba0593117fff,8b4ba0593111fff,76,行動中區營運處,豐原/台中營運中心,
149,149+000.0,24.257795,120.6513,884ba05931fffff,894ba05931bffff,8a4ba05931a7fff,8b4ba05931a1fff,77,行動中區營運處,豐原/台中營運中心,
149,149+100.0,24.257071,120.6507,884ba05931fffff,894ba05931bffff,8a4ba05931a7fff,8b4ba05931a2fff,77,行動中區營運處,豐原/台中營運中心,
149,149+200.0,24.256338,120.6501,884ba05931fffff,894ba05931bffff,8a4ba05931b7fff,8b4ba05931b3fff,77,行動中區營運處,豐原/台中營運中心,
149,149+218.5,24.256203,120.65,884ba05931fffff,894ba05931bffff,8a4ba05931b7fff,8b4ba05931b2fff,77,行動中區營運處,豐原/台中營運中心,
149,149+300.0,24.255599,120.6496,884ba0593dfffff,894ba0593cfffff,8a4ba0593ccffff,8b4ba0593ccbfff,77,行動中區營運處,豐原/台中營運中心,
149,149+400.0,24.254851,120.649,884ba05935fffff,894ba0593cfffff,8a4ba0593cdffff,8b4ba0593cd9fff,77,行動中區營運處,豐原/台中營運中心,
149,149+500.0,24.254094,120.6485,884ba05935fffff,894ba059357ffff,8a4ba0593577fff,8b4ba0593574fff,77,行動中區營運處,豐原/台中營運中心,
149,149+600.0,24.25333,120.6479,884ba05935fffff,894ba059353ffff,8a4ba059352ffff,8b4ba059350cfff,77,行動中區營運處,豐原/台中營運中心,
149,149+700.0,24.252558,120.6474,884ba05935fffff,894ba059353ffff,8a4ba0593507fff,8b4ba0593503fff,77,行動中區營運處,豐原/台中營運中心,
149,149+800.0,24.251779,120.6469,884ba05935fffff,894ba059353ffff,8a4ba059351ffff,8b4ba059351efff,77,行動中區營運處,豐原/台中營運中心,
149,149+900.0,24.250993,120.6465,884ba05935fffff,894ba05935bffff,8a4ba05935affff,8b4ba05935a8fff,77,行動中區營運處,豐原/台中營運中心,
150,150+000.0,24.2502,120.646,884ba05935fffff,894ba05935bffff,8a4ba0593587fff,8b4ba0593580fff,77,行動中區營運處,豐原/台中營運中心,
150,150+100.0,24.2494,120.6455,884ba05935fffff,894ba05935bffff,8a4ba0593597fff,8b4ba0593591fff,77,行動中區營運處,豐原/台中營運中心,
150,150+200.0,24.248592,120.6451,884ba05935fffff,894ba296c97ffff,8a4ba0593597fff,8b4ba0593592fff,77,行動中區營運處,豐原/台中營運中心,
150,150+300.0,24.24778,120.6447,884ba296c9fffff,894ba296c97ffff,8a4ba296c967fff,8b4ba296c963fff,77,行動中區營運處,豐原/台中營運中心,
150,150+400.0,24.246961,120.6442,884ba296c9fffff,894ba296c97ffff,8a4ba296c947fff,8b4ba296c946fff,77,行動中區營運處,豐原/台中營運中心,
150,150+500.0,24.246135,120.6438,884ba296c9fffff,894ba296c97ffff,8a4ba296c957fff,8b4ba296c956fff,77,行動中區營運處,豐原/台中營運中心,
150,150+600.0,24.245305,120.6435,884ba296c9fffff,894ba296c83ffff,8a4ba296c827fff,8b4ba296c820fff,77,行動中區營運處,豐原/台中營運中心,
150,150+700.0,24.244468,120.6431,884ba296c9fffff,894ba296c83ffff,8a4ba296c837fff,8b4ba296c831fff,77,行動中區營運處,豐原/台中營運中心,
150,150+800.0,24.243626,120.6427,884ba296c9fffff,894ba296c83ffff,8a4ba296c817fff,8b4ba296c814fff,77,行動中區營運處,豐原/台中營運中心,
150,150+900.0,24.242779,120.6424,884ba296c9fffff,894ba296c8bffff,8a4ba296c8a7fff,8b4ba296c8a5fff,77,行動中區營運處,豐原/台中營運中心,
151,151+000.0,24.241927,120.6421,884ba296c9fffff,894ba296c8bffff,8a4ba296c8a7fff,8b4ba296c8a2fff,78,行動中區營運處,豐原/台中營運中心,
151,151+100.0,24.241071,120.6418,884ba296c9fffff,894ba296c8bffff,8a4ba296c8b7fff,8b4ba296c8b3fff,78,行動中區營運處,豐原/台中營運中心,
151,151+200.0,24.240209,120.6415,884ba296cdfffff,894ba296c8bffff,8a4ba296c897fff,8b4ba296c896fff,78,行動中區營運處,豐原/台中營運中心,
151,151+300.0,24.239345,120.6412,884ba296cdfffff,894ba296cc7ffff,8a4ba296cc67fff,8b4ba296cc62fff,78,行動中區營運處,豐原/台中營運中心,
151,151+400.0,24.238475,120.6409,884ba296cdfffff,894ba296cc7ffff,8a4ba296cc77fff,8b4ba296cc73fff,78,行動中區營運處,豐原/台中營運中心,
151,151+500.0,24.237602,120.6407,884ba296cdfffff,894ba296cc7ffff,8a4ba296cc57fff,8b4ba296cc50fff,78,行動中區營運處,豐原/台中營運中心,
151,151+600.0,24.236725,120.6404,884ba296cdfffff,894ba296ccfffff,8a4ba296cce7fff,8b4ba296cce1fff,78,行動中區營運處,豐原/台中營運中心,
151,151+700.0,24.235845,120.6402,884ba296cdfffff,894ba296ccfffff,8a4ba296ccc7fff,8b4ba296ccc4fff,78,行動中區營運處,豐原/台中營運中心,
151,151+800.0,24.234962,120.64,884ba296cdfffff,894ba296ccfffff,8a4ba296ccd7fff,8b4ba296ccd5fff,78,行動中區營運處,豐原/台中營運中心,
151,151+900.0,24.234076,120.6398,884ba296c5fffff,894ba296c53ffff,8a4ba296c52ffff,8b4ba296c52cfff,78,行動中區營運處,豐原/台中營運中心,
152,152+000.0,24.233188,120.6396,884ba296c5fffff,894ba296c53ffff,8a4ba296c507fff,8b4ba296c505fff,78,行動中區營運處,豐原/台中營運中心,
152,152+100.0,24.232296,120.6395,884ba296c5fffff,894ba296c53ffff,8a4ba296c507fff,8b4ba296c502fff,78,行動中區營運處,豐原/台中營運中心,
152,152+200.0,24.231403,120.6393,884ba296c5fffff,894ba296c53ffff,8a4ba296c5affff,8b4ba296c5adfff,78,行動中區營運處,豐原/台中營運中心,
152,152+300.0,24.230508,120.6392,884ba296c5fffff,894ba296c5bffff,8a4ba296c5affff,8b4ba296c5aafff,78,行動中區營運處,豐原/台中營運中心,
152,152+341.7,24.230134,120.6392,884ba296c5fffff,894ba296c5bffff,8a4ba296c58ffff,8b4ba296c58cfff,78,行動中區營運處,豐原/台中營運中心,
152,152+400.0,24.229611,120.6391,884ba296c5fffff,894ba296c5bffff,8a4ba296c58ffff,8b4ba296c59dfff,78,行動中區營運處,豐原/台中營運中心,
152,152+500.0,24.228712,120.639,884ba296c5fffff,894ba296c5bffff,8a4ba296c59ffff,8b4ba296c59bfff,78,行動中區營運處,豐原/台中營運中心,
152,152+600.0,24.227813,120.6389,884ba296c5fffff,894ba296c4bffff,8a4ba296c4b7fff,8b4ba296c4b6fff,78,行動中區營運處,豐原/台中營運中心,
152,152+700.0,24.226912,120.6388,884ba296e9fffff,894ba296e97ffff,8a4ba296e94ffff,8b4ba296e94bfff,78,行動中區營運處,豐原/台中營運中心,
152,152+800.0,24.226012,120.6388,884ba296e9fffff,894ba296e87ffff,8a4ba296e867fff,8b4ba296e866fff,78,行動中區營運處,豐原/台中營運中心,
152,152+891.7,24.225186,120.6387,884ba296e9fffff,894ba296e87ffff,8a4ba296e877fff,8b4ba296e871fff,78,行動中區營運處,豐原/台中營運中心,
152,152+900.0,24.225111,120.6387,884ba296e9fffff,894ba296e87ffff,8a4ba296e877fff,8b4ba296e871fff,78,行動中區營運處,豐原/台中營運中心,
153,153+000.0,24.22421,120.6386,884ba296e9fffff,894ba296e87ffff,8a4ba296e857fff,8b4ba296e850fff,79,行動中區營運處,豐原/台中營運中心,
153,153+100.0,24.22331,120.6386,884ba296e9fffff,894ba296e8fffff,8a4ba296e8e7fff,8b4ba296e8e1fff,79,行動中區營運處,豐原/台中營運中心,
153,153+200.0,24.222409,120.6385,884ba296e9fffff,894ba296e8fffff,8a4ba296e8c7fff,8b4ba296e8c0fff,79,行動中區營運處,豐原/台中營運中心,
153,153+300.0,24.221508,120.6384,884ba296e9fffff,894ba296e8fffff,8a4ba296e8dffff,8b4ba296e8dcfff,79,行動中區營運處,豐原/台中營運中心,
153,153+400.0,24.220608,120.6383,884ba296e1fffff,894ba296e13ffff,8a4ba296e12ffff,8b4ba296e12dfff,79,行動中區營運處,豐原/台中營運中心,
153,153+500.0,24.219707,120.6383,884ba296e1fffff,894ba296e13ffff,8a4ba296e10ffff,8b4ba296e10cfff,79,行動中區營運處,豐原/台中營運中心,
153,153+600.0,24.218807,120.6382,884ba296e1fffff,894ba296e13ffff,8a4ba296e11ffff,8b4ba296e10afff,79,行動中區營運處,豐原/台中營運中心,
153,153+700.0,24.217906,120.6381,884ba296e1fffff,894ba296e03ffff,8a4ba296e037fff,8b4ba296e11bfff,79,行動中區營運處,豐原/台中營運中心,
153,153+800.0,24.217005,120.6381,884ba296e1fffff,894ba296e03ffff,8a4ba296e037fff,8b4ba296e032fff,79,行動中區營運處,豐原/台中營運中心,
153,153+900.0,24.216105,120.638,884ba296e1fffff,894ba296e0bffff,8a4ba296e0a7fff,8b4ba296e0a5fff,79,行動中區營運處,豐原/台中營運中心,
153,153+919.7,24.215928,120.638,884ba296e1fffff,894ba296e0bffff,8a4ba296e0a7fff,8b4ba296e0a5fff,79,行動中區營運處,豐原/台中營運中心,
154,154+000.0,24.215204,120.6379,884ba296e1fffff,894ba296e0bffff,8a4ba296e0a7fff,8b4ba296e0a2fff,79,行動中區營運處,豐原/台中營運中心,
154,154+100.0,24.214303,120.6379,884ba296e1fffff,894ba296e0bffff,8a4ba296e087fff,8b4ba296e086fff,79,行動中區營運處,豐原/台中營運中心,
154,154+200.0,24.213403,120.6378,884ba296e5fffff,894ba296e0bffff,8a4ba296e097fff,8b4ba296e093fff,79,行動中區營運處,豐原/台中營運中心,
154,154+300.0,24.212503,120.6377,884ba296e5fffff,894ba296e47ffff,8a4ba296e46ffff,8b4ba296e46efff,79,行動中區營運處,豐原/台中營運中心,
154,154+400.0,24.211605,120.6376,884ba296e5fffff,894ba296e47ffff,8a4ba296e447fff,8b4ba296e441fff,79,行動中區營運處,豐原/台中營運中心,
154,154+469.7,24.21098,120.6375,884ba296e5fffff,894ba296e47ffff,8a4ba296e45ffff,8b4ba296e45cfff,79,行動中區營運處,豐原/台中營運中心,
154,154+500.0,24.210708,120.6375,884ba296e5fffff,894ba296e47ffff,8a4ba296e45ffff,8b4ba296e45efff,79,行動中區營運處,豐原/台中營運中心,
154,154+600.0,24.209812,120.6374,884ba296e5fffff,894ba296e4fffff,8a4ba296e4effff,8b4ba296e4e9fff,79,行動中區營運處,豐原/台中營運中心,
154,154+700.0,24.208919,120.6372,884ba296e5fffff,894ba296e4fffff,8a4ba296e4cffff,8b4ba296e4ccfff,79,行動中區營運處,豐原/台中營運中心,
154,154+800.0,24.208027,120.6371,884ba296e5fffff,894ba296e4fffff,8a4ba296e4dffff,8b4ba296e4d9fff,79,行動中區營運處,豐原/台中營運中心,
154,154+900.0,24.207138,120.6369,884ba2945bfffff,894ba2945b7ffff,8a4ba2945b77fff,8b4ba2945b74fff,79,行動中區營運處,豐原/台中營運中心,
155,155+000.0,24.206252,120.6367,884ba2945bfffff,894ba2945b3ffff,8a4ba2945b0ffff,8b4ba2945b0dfff,80,行動中區營運處,豐原/台中營運中心,
155,155+100.0,24.205368,120.6365,884ba2945bfffff,894ba2945b3ffff,8a4ba2945b0ffff,8b4ba2945a24fff,80,行動中區營運處,豐原/台中營運中心,
155,155+200.0,24.204489,120.6363,884ba2945bfffff,894ba2945a3ffff,8a4ba2945a37fff,8b4ba2945a35fff,80,行動中區營運處,豐原/台中營運中心,
155,155+300.0,24.203611,120.6361,884ba2945bfffff,894ba2945a3ffff,8a4ba2945a37fff,8b4ba2945a32fff,80,行動中區營運處,豐原/台中營運中心,
155,155+400.0,24.202738,120.6358,884ba2945bfffff,894ba2945bbffff,8a4ba2945b8ffff,8b4ba2945b8bfff,80,行動中區營運處,豐原/台中營運中心,
155,155+442.8,24.202365,120.6357,884ba2945bfffff,894ba2945abffff,8a4ba2945aa7fff,8b4ba2945aa5fff,80,行動中區營運處,豐原/台中營運中心,
155,155+500.0,24.201868,120.6355,884ba2945bfffff,894ba2945abffff,8a4ba2945aa7fff,8b4ba2945aa6fff,80,行動中區營運處,豐原/台中營運中心,
155,155+600.0,24.201002,120.6353,884ba2945bfffff,894ba2945abffff,8a4ba2945ab7fff,8b4ba2945ab3fff,80,行動中區營運處,豐原/台中營運中心,
155,155+700.0,24.20014,120.635,884ba29451fffff,894ba2945abffff,8a4ba2945a97fff,8b4ba2945a96fff,80,行動中區營運處,豐原/台中營運中心,
155,155+800.0,24.199279,120.6347,884ba29451fffff,894ba294507ffff,8a4ba2945067fff,8b4ba2945060fff,80,行動中區營運處,豐原/台中營運中心,
155,155+900.0,24.19842,120.6344,884ba29451fffff,894ba294507ffff,8a4ba2945077fff,8b4ba2945071fff,80,行動中區營運處,豐原/台中營運中心,
155,155+992.8,24.197624,120.6341,884ba29451fffff,894ba294507ffff,8a4ba2945057fff,8b4ba2945054fff,80,行動中區營運處,豐原/台中營運中心,
156,156+000.0,24.197561,120.6341,884ba29451fffff,894ba294507ffff,8a4ba2945057fff,8b4ba2945054fff,80,行動中區營運處,豐原/台中營運中心,
156,156+100.0,24.196703,120.6338,884ba29451fffff,894ba29450fffff,8a4ba29450e7fff,8b4ba29450e5fff,80,行動中區營運處,豐原/台中營運中心,
156,156+200.0,24.195844,120.6335,884ba29451fffff,894ba29450fffff,8a4ba29450e7fff,8b4ba29450e2fff,80,行動中區營運處,豐原/台中營運中心,
156,156+300.0,24.194986,120.6331,884ba29451fffff,894ba29450fffff,8a4ba29450f7fff,8b4ba29450f3fff,80,行動中區營運處,豐原/台中營運中心,
156,156+400.0,24.194127,120.6328,884ba29451fffff,894ba29450fffff,8a4ba29450d7fff,8b4ba29450d6fff,80,行動中區營運處,豐原/台中營運中心,
156,156+500.0,24.193269,120.6325,884ba29457fffff,894ba294573ffff,8a4ba2945727fff,8b4ba2945720fff,80,行動中區營運處,豐原/台中營運中心,
156,156+600.0,24.19241,120.6322,884ba29457fffff,894ba294573ffff,8a4ba2945737fff,8b4ba2945733fff,80,行動中區營運處,豐原/台中營運中心,
156,156+700.0,24.191552,120.6319,884ba29457fffff,894ba294573ffff,8a4ba2945717fff,8b4ba2945716fff,80,行動中區營運處,豐原/台中營運中心,
156,156+800.0,24.190693,120.6316,884ba29457fffff,894ba29457bffff,8a4ba29457a7fff,8b4ba29457a0fff,80,行動中區營運處,豐原/台中營運中心,
156,156+900.0,24.189835,120.6313,884ba29457fffff,894ba29457bffff,8a4ba29457b7fff,8b4ba29457b1fff,80,行動中區營運處,豐原/台中營運中心,
157,157+000.0,24.188976,120.631,884ba29457fffff,894ba29457bffff,8a4ba2945797fff,8b4ba2945794fff,81,行動中區營運處,豐原/台中營運中心,
157,157+100.0,24.188118,120.6307,884ba2940bfffff,894ba2940b7ffff,8a4ba2940b67fff,8b4ba2940b65fff,81,行動中區營運處,豐原/台中營運中心,
157,157+200.0,24.187259,120.6304,884ba2940bfffff,894ba2940b7ffff,8a4ba2940b67fff,8b4ba2940b62fff,81,行動中區營運處,豐原/台中營運中心,
157,157+300.0,24.186401,120.6301,884ba2940bfffff,894ba2940b7ffff,8a4ba2940b57fff,8b4ba2940b73fff,81,行動中區營運處,豐原/台中營運中心,
157,157+400.0,24.185542,120.6298,884ba2940bfffff,894ba2940b7ffff,8a4ba2940b57fff,8b4ba2940b52fff,81,行動中區營運處,豐原/台中營運中心,
157,157+500.0,24.184684,120.6295,884ba2940bfffff,894ba2940a3ffff,8a4ba2940a27fff,8b4ba2940a23fff,81,行動中區營運處,豐原/台中營運中心,
157,157+600.0,24.183825,120.6292,884ba2940bfffff,894ba2940a3ffff,8a4ba2940a07fff,8b4ba2940a06fff,81,行動中區營運處,豐原/台中營運中心,
157,157+700.0,24.182967,120.6289,884ba2940bfffff,894ba2940a3ffff,8a4ba2940a17fff,8b4ba2940a10fff,81,行動中區營運處,豐原/台中營運中心,
157,157+800.0,24.182108,120.6286,884ba2940bfffff,894ba2940abffff,8a4ba2940aa7fff,8b4ba2940aa1fff,81,行動中區營運處,豐原/台中營運中心,
157,157+900.0,24.181249,120.6283,884ba2940bfffff,894ba2940abffff,8a4ba2940a87fff,8b4ba2940a84fff,81,行動中區營運處,豐原/台中營運中心,
158,158+000.0,24.18039,120.628,884ba2940bfffff,894ba2940abffff,8a4ba2940a97fff,8b4ba2940a95fff,81,行動中區營運處,豐原/台中營運中心,
158,158+100.0,24.179532,120.6277,884ba29401fffff,894ba294007ffff,8a4ba2940067fff,8b4ba2940a92fff,81,行動中區營運處,豐原/台中營運中心,
158,158+200.0,24.178673,120.6274,884ba29401fffff,894ba294007ffff,8a4ba2940067fff,8b4ba2940063fff,81,行動中區營運處,豐原/台中營運中心,
158,158+300.0,24.177815,120.6271,884ba29401fffff,894ba294007ffff,8a4ba2940057fff,8b4ba2940055fff,81,行動中區營運處,豐原/台中營運中心,
158,158+400.0,24.176956,120.6267,884ba29401fffff,894ba294007ffff,8a4ba2940057fff,8b4ba2940052fff,81,行動中區營運處,豐原/台中營運中心,
158,158+500.0,24.176098,120.6264,884ba29401fffff,894ba29400fffff,8a4ba29400e7fff,8b4ba29400e3fff,81,行動中區營運處,豐原/台中營運中心,
158,158+600.0,24.175239,120.6261,884ba29401fffff,894ba29400fffff,8a4ba29400c7fff,8b4ba29400c6fff,81,行動中區營運處,豐原/台中營運中心,
158,158+700.0,24.174381,120.6258,884ba29401fffff,894ba29400fffff,8a4ba29400d7fff,8b4ba29400d0fff,81,行動中區營運處,豐原/台中營運中心,
158,158+800.0,24.173522,120.6255,884ba29407fffff,894ba294073ffff,8a4ba2940727fff,8b4ba2940721fff,81,行動中區營運處,豐原/台中營運中心,
158,158+900.0,24.172664,120.6252,884ba29407fffff,894ba294073ffff,8a4ba2940707fff,8b4ba2940704fff,81,行動中區營運處,豐原/台中營運中心,
158,158+956.4,24.172179,120.6251,884ba29407fffff,894ba294073ffff,8a4ba2940707fff,8b4ba2940706fff,82,行動中區營運處,豐原/台中營運中心,
159,159+000.0,24.171805,120.6249,884ba29407fffff,894ba294073ffff,8a4ba2940717fff,8b4ba2940715fff,82,行動中區營運處,豐原/台中營運中心,
159,159+100.0,24.170947,120.6246,884ba29407fffff,894ba29407bffff,8a4ba2940717fff,8b4ba2940712fff,82,行動中區營運處,豐原/台中營運中心,
159,159+200.0,24.170087,120.6243,884ba29407fffff,894ba29407bffff,8a4ba2940787fff,8b4ba29407a3fff,82,行動中區營運處,豐原/台中營運中心,
159,159+300.0,24.169225,120.624,884ba29407fffff,894ba29407bffff,8a4ba2940787fff,8b4ba2940786fff,82,行動中區營運處,豐原/台中營運中心,
159,159+400.0,24.168361,120.6237,884ba29407fffff,894ba29407bffff,8a4ba2940797fff,8b4ba2940793fff,82,行動中區營運處,豐原/台中營運中心,
159,159+406.4,24.168305,120.6237,884ba29407fffff,894ba29407bffff,8a4ba2940797fff,8b4ba2940792fff,82,行動中區營運處,豐原/台中營運中心,
159,159+500.0,24.167494,120.6235,884ba2942bfffff,894ba2942b7ffff,8a4ba2942b67fff,8b4ba2942b6efff,82,行動中區營運處,豐原/台中營運中心,
159,159+600.0,24.166623,120.6232,884ba2942bfffff,894ba2942b7ffff,8a4ba2942b47fff,8b4ba2942b40fff,82,行動中區營運處,豐原/台中營運中心,
159,159+700.0,24.16575,120.623,884ba2942bfffff,894ba2942b7ffff,8a4ba2942b57fff,8b4ba2942b51fff,82,行動中區營運處,豐原/台中營運中心,
159,159+800.0,24.164873,120.6227,884ba2942bfffff,894ba2942a3ffff,8a4ba2942a2ffff,8b4ba2942a2cfff,82,行動中區營運處,豐原/台中營運中心,
159,159+900.0,24.163994,120.6225,884ba2942bfffff,894ba2942a3ffff,8a4ba2942a07fff,8b4ba2942a01fff,82,行動中區營運處,豐原/台中營運中心,
160,160+000.0,24.163113,120.6223,884ba2942bfffff,894ba2942a3ffff,8a4ba2942a1ffff,8b4ba2942a1cfff,82,行動中區營運處,豐原/台中營運中心,
160,160+100.0,24.162229,120.6221,884ba2942bfffff,894ba2942abffff,8a4ba2942aaffff,8b4ba2942aadfff,82,行動中區營運處,豐原/台中營運中心,
160,160+200.0,24.161343,120.6219,884ba2942bfffff,894ba2942abffff,8a4ba2942aaffff,8b4ba2942aaafff,82,行動中區營運處,豐原/台中營運中心,
160,160+300.0,24.160455,120.6217,884ba2942bfffff,894ba2942abffff,8a4ba2942a9ffff,8b4ba2942a9dfff,82,行動中區營運處,豐原/台中營運中心,
160,160+375.0,24.159787,120.6216,884ba2942bfffff,894ba2942abffff,8a4ba2942a9ffff,8b4ba2942a9afff,82,行動中區營運處,豐原/台中營運中心,
160,160+400.0,24.159565,120.6215,884ba2942bfffff,894ba2942abffff,8a4ba2942a9ffff,8b4ba2942a9afff,82,行動中區營運處,豐原/台中營運中心,
160,160+500.0,24.158673,120.6214,884ba29421fffff,894ba294207ffff,8a4ba294204ffff,8b4ba294206bfff,82,行動中區營運處,豐原/台中營運中心,
160,160+600.0,24.15778,120.6212,884ba29421fffff,894ba294207ffff,8a4ba294204ffff,8b4ba294204afff,82,行動中區營運處,豐原/台中營運中心,
160,160+700.0,24.156886,120.6211,884ba29421fffff,894ba29423bffff,8a4ba294205ffff,8b4ba294205bfff,82,行動中區營運處,豐原/台中營運中心,
160,160+800.0,24.155991,120.621,884ba29421fffff,894ba29423bffff,8a4ba29423b7fff,8b4ba29423b0fff,82,行動中區營運處,豐原/台中營運中心,
160,160+825.0,24.155767,120.6209,884ba29421fffff,894ba29423bffff,8a4ba29423b7fff,8b4ba29423b2fff,82,行動中區營運處,豐原/台中營運中心,
160,160+900.0,24.155097,120.6208,884ba29421fffff,894ba29423bffff,8a4ba29420cffff,8b4ba2942396fff,82,行動中區營運處,豐原/台中營運中心,
161,161+000.0,24.154202,120.6207,884ba29427fffff,894ba294277ffff,8a4ba2942767fff,8b4ba2942760fff,83,行動中區營運處,豐原/台中營運中心,
161,161+100.0,24.153308,120.6206,884ba29427fffff,894ba294277ffff,8a4ba2942777fff,8b4ba2942771fff,83,行動中區營運處,豐原/台中營運中心,
161,161+200.0,24.152414,120.6204,884ba29427fffff,894ba294277ffff,8a4ba2942757fff,8b4ba2942750fff,83,行動中區營運處,豐原/台中營運中心,
161,161+300.0,24.151519,120.6203,884ba29427fffff,894ba294263ffff,8a4ba294262ffff,8b4ba2942621fff,83,行動中區營運處,豐原/台中營運中心,
161,161+400.0,24.150625,120.6202,884ba29427fffff,894ba294263ffff,8a4ba2942607fff,8b4ba2942605fff,83,行動中區營運處,豐原/台中營運中心,
161,161+500.0,24.14973,120.62,884ba29427fffff,894ba294263ffff,8a4ba294261ffff,8b4ba294261cfff,83,行動中區營運處,豐原/台中營運中心,
161,161+600.0,24.148836,120.6199,884ba29427fffff,894ba29426bffff,8a4ba29426affff,8b4ba29426adfff,83,行動中區營運處,豐原/台中營運中心,
161,161+700.0,24.147942,120.6198,884ba29427fffff,894ba29426bffff,8a4ba29426affff,8b4ba29426aafff,83,行動中區營運處,豐原/台中營運中心,
161,161+800.0,24.147047,120.6196,884ba29427fffff,894ba29426bffff,8a4ba294269ffff,8b4ba294269dfff,83,行動中區營運處,豐原/台中營運中心,
161,161+900.0,24.146152,120.6195,884ba29427fffff,894ba29426bffff,8a4ba294269ffff,8b4ba294269afff,83,行動中區營運處,豐原/台中營運中心,
162,162+000.0,24.145258,120.6194,884ba295cdfffff,894ba2951a7ffff,8a4ba295cd37fff,8b4ba295cd36fff,83,行動中區營運處,豐原/台中營運中心,
162,162+014.5,24.145128,120.6193,884ba295cdfffff,894ba2951a7ffff,8a4ba2951a4ffff,8b4ba2951a4dfff,83,行動中區營運處,豐原/台中營運中心,
162,162+100.0,24.144364,120.6192,884ba295cdfffff,894ba2951a7ffff,8a4ba2951a4ffff,8b4ba2951a4afff,83,行動中區營運處,豐原/台中營運中心,
162,162+200.0,24.14347,120.6191,884ba295cdfffff,894ba295cdbffff,8a4ba295cda7fff,8b4ba295cda6fff,83,行動中區營運處,豐原/台中營運中心,
162,162+300.0,24.142574,120.619,884ba295cdfffff,894ba295cdbffff,8a4ba295cdb7fff,8b4ba295cdb0fff,83,行動中區營運處,豐原/台中營運中心,
162,162+314.5,24.142443,120.6189,884ba295cdfffff,894ba295cdbffff,8a4ba295cdb7fff,8b4ba295cdb3fff,83,行動中區營運處,豐原/台中營運中心,
162,162+400.0,24.141678,120.6188,884ba295cdfffff,894ba295cdbffff,8a4ba295cd97fff,8b4ba295cd96fff,83,行動中區營運處,豐原/台中營運中心,
162,162+500.0,24.140781,120.6187,884ba29513fffff,894ba295137ffff,8a4ba2951367fff,8b4ba2951360fff,83,行動中區營運處,豐原/台中營運中心,
162,162+600.0,24.139883,120.6186,884ba29513fffff,894ba295137ffff,8a4ba2951347fff,8b4ba2951344fff,83,行動中區營運處,豐原/台中營運中心,
162,162+636.7,24.139553,120.6186,884ba29513fffff,894ba295137ffff,8a4ba2951347fff,8b4ba2951346fff,83,行動中區營運處,豐原/台中營運中心,
162,162+700.0,24.138984,120.6185,884ba29513fffff,894ba295137ffff,8a4ba2951357fff,8b4ba2951351fff,83,行動中區營運處,豐原/台中營運中心,
162,162+800.0,24.138086,120.6184,884ba29513fffff,894ba295123ffff,8a4ba295122ffff,8b4ba295122cfff,83,行動中區營運處,豐原/台中營運中心,
162,162+900.0,24.137186,120.6183,884ba29513fffff,894ba295123ffff,8a4ba2951207fff,8b4ba2951201fff,83,行動中區營運處,豐原/台中營運中心,
162,162+936.7,24.136856,120.6183,884ba29513fffff,894ba295123ffff,8a4ba2951207fff,8b4ba2951201fff,84,行動中區營運處,豐原/台中營運中心,
163,163+000.0,24.136287,120.6183,884ba29513fffff,894ba295123ffff,8a4ba295121ffff,8b4ba295121cfff,84,行動中區營運處,豐原/台中營運中心,
163,163+100.0,24.135387,120.6182,884ba29513fffff,894ba295123ffff,8a4ba295121ffff,8b4ba295121afff,84,行動中區營運處,豐原/台中營運中心,
163,163+200.0,24.134487,120.6181,884ba29513fffff,894ba29512bffff,8a4ba295128ffff,8b4ba295128dfff,84,行動中區營運處,豐原/台中營運中心,
163,163+300.0,24.133588,120.618,884ba29513fffff,894ba29512bffff,8a4ba295128ffff,8b4ba295128afff,84,行動中區營運處,豐原/台中營運中心,
163,163+400.0,24.132688,120.6179,884ba295e9fffff,894ba295e93ffff,8a4ba295e927fff,8b4ba295e935fff,84,行動中區營運處,豐原/台中營運中心,
163,163+500.0,24.131789,120.6178,884ba295e9fffff,894ba295e93ffff,8a4ba295e937fff,8b4ba295e932fff,84,行動中區營運處,豐原/台中營運中心,
163,163+600.0,24.130889,120.6177,884ba295e9fffff,894ba295e93ffff,8a4ba295e917fff,8b4ba295e916fff,84,行動中區營運處,豐原/台中營運中心,
163,163+700.0,24.12999,120.6177,884ba295e9fffff,894ba295e9bffff,8a4ba295e9a7fff,8b4ba295e9a3fff,84,行動中區營運處,豐原/台中營運中心,
163,163+800.0,24.12909,120.6176,884ba295e9fffff,894ba295e9bffff,8a4ba295e987fff,8b4ba295e986fff,84,行動中區營運處,豐原/台中營運中心,
163,163+900.0,24.128192,120.6175,884ba295e9fffff,894ba295e9bffff,8a4ba295e997fff,8b4ba295e991fff,84,行動中區營運處,豐原/台中營運中心,
164,164+000.0,24.127292,120.6174,884ba295edfffff,894ba295ed7ffff,8a4ba295ed6ffff,8b4ba295ed68fff,84,行動中區營運處,豐原/台中營運中心,
164,164+100.0,24.126393,120.6173,884ba295edfffff,894ba295ed7ffff,8a4ba295ed47fff,8b4ba295ed41fff,84,行動中區營運處,豐原/台中營運中心,
164,164+200.0,24.125493,120.6172,884ba295edfffff,894ba295ed7ffff,8a4ba295ed5ffff,8b4ba295ed58fff,84,行動中區營運處,豐原/台中營運中心,
164,164+300.0,24.124594,120.6171,884ba295edfffff,894ba295ec3ffff,8a4ba295ec2ffff,8b4ba295ec29fff,84,行動中區營運處,豐原/台中營運中心,
164,164+400.0,24.123694,120.6171,884ba295edfffff,894ba295ec3ffff,8a4ba295ec0ffff,8b4ba295ec0dfff,84,行動中區營運處,豐原/台中營運中心,
164,164+500.0,24.122794,120.617,884ba295edfffff,894ba295ec3ffff,8a4ba295ec0ffff,8b4ba295ece4fff,84,行動中區營運處,豐原/台中營運中心,
164,164+600.0,24.121895,120.6169,884ba295edfffff,894ba295ecfffff,8a4ba295ecf7fff,8b4ba295ecf5fff,84,行動中區營運處,豐原/台中營運中心,
164,164+700.0,24.120995,120.6168,884ba295edfffff,894ba295ecfffff,8a4ba295ecf7fff,8b4ba295ecf3fff,84,行動中區營運處,豐原/台中營運中心,
164,164+800.0,24.120096,120.6167,884ba295edfffff,894ba295e53ffff,8a4ba295ecd7fff,8b4ba295e525fff,84,行動中區營運處,豐原/台中營運中心,
164,164+900.0,24.119196,120.6166,884ba295e5fffff,894ba295e53ffff,8a4ba295e527fff,8b4ba295e523fff,84,行動中區營運處,豐原/台中營運中心,
165,165+000.0,24.118297,120.6165,884ba295e5fffff,894ba295e53ffff,8a4ba295e507fff,8b4ba295e502fff,85,行動中區營運處,豐原/台中營運中心,
165,165+100.0,24.117397,120.6165,884ba295e5fffff,894ba295e53ffff,8a4ba295e517fff,8b4ba295e513fff,85,行動中區營運處,豐原/台中營運中心,
165,165+200.0,24.116499,120.6164,884ba295e5fffff,894ba295e5bffff,8a4ba295e5affff,8b4ba295e5a8fff,85,行動中區營運處,豐原/台中營運中心,
165,165+300.0,24.115599,120.6163,884ba295e5fffff,894ba295e5bffff,8a4ba295e587fff,8b4ba295e581fff,85,行動中區營運處,豐原/台中營運中心,
165,165+400.0,24.1147,120.6162,884ba295e5fffff,894ba295e5bffff,8a4ba295e59ffff,8b4ba295e598fff,85,行動中區營運處,豐原/台中營運中心,
165,165+500.0,24.1138,120.6161,884ba295e5fffff,894ba282d97ffff,8a4ba295e4b7fff,8b4ba282d969fff,85,行動中區營運處,豐原/台中營運中心,
165,165+600.0,24.112901,120.616,884ba282d9fffff,894ba282d97ffff,8a4ba282d94ffff,8b4ba282d948fff,85,行動中區營運處,豐原/台中營運中心,
165,165+700.0,24.112001,120.6159,884ba282d9fffff,894ba282d97ffff,8a4ba282d867fff,8b4ba282d864fff,85,行動中區營運處,豐原/台中營運中心,
165,165+800.0,24.111101,120.6159,884ba282d9fffff,894ba282d87ffff,8a4ba282d877fff,8b4ba282d875fff,85,行動中區營運處,豐原/台中營運中心,
165,165+900.0,24.110202,120.6158,884ba282d9fffff,894ba282d87ffff,8a4ba282d857fff,8b4ba282d854fff,85,行動中區營運處,豐原/台中營運中心,
166,166+000.0,24.109302,120.6157,884ba282d9fffff,894ba282d8fffff,8a4ba282d8e7fff,8b4ba282d852fff,85,行動中區營運處,豐原/台中營運中心,
166,166+100.0,24.108403,120.6156,884ba282d9fffff,894ba282d8fffff,8a4ba282d8c7fff,8b4ba282d8c4fff,85,行動中區營運處,豐原/台中營運中心,
166,166+200.0,24.107503,120.6155,884ba282d9fffff,894ba282d8fffff,8a4ba282d8c7fff,8b4ba282d8c2fff,85,行動中區營運處,豐原/台中營運中心,
166,166+300.0,24.106604,120.6154,884ba282d1fffff,894ba282d8fffff,8a4ba282d12ffff,8b4ba282d8d3fff,85,行動中區營運處,豐原/台中營運中心,
166,166+400.0,24.105704,120.6153,884ba282d1fffff,894ba282d13ffff,8a4ba282d12ffff,8b4ba282d12afff,85,行動中區營運處,豐原/台中營運中心,
166,166+500.0,24.104805,120.6153,884ba282d1fffff,894ba282d13ffff,8a4ba282d10ffff,8b4ba282d10efff,85,行動中區營運處,豐原/台中營運中心,
166,166+600.0,24.103906,120.6152,884ba282d1fffff,894ba282d13ffff,8a4ba282d11ffff,8b4ba282d118fff,85,行動中區營運處,豐原/台中營運中心,
166,166+700.0,24.103007,120.6151,884ba282d1fffff,894ba282d1bffff,8a4ba282d037fff,8b4ba282d036fff,85,行動中區營運處,豐原/台中營運中心,
166,166+800.0,24.102107,120.615,884ba282d1fffff,894ba282d1bffff,8a4ba282d18ffff,8b4ba282d188fff,85,行動中區營運處,豐原/台中營運中心,
166,166+900.0,24.101208,120.6149,884ba282d1fffff,894ba282d0bffff,8a4ba282d0a7fff,8b4ba282d0a6fff,85,行動中區營運處,豐原/台中營運中心,
167,167+000.0,24.100308,120.6148,884ba282d1fffff,894ba282d0bffff,8a4ba282d0b7fff,8b4ba282d0b1fff,86,行動中區營運處,豐原/台中營運中心,
167,167+100.0,24.099408,120.6147,884ba282d1fffff,894ba282d0bffff,8a4ba282d097fff,8b4ba282d094fff,86,行動中區營運處,豐原/台中營運中心,
167,167+200.0,24.098509,120.6147,884ba282d5fffff,894ba282d47ffff,8a4ba282d467fff,8b4ba282d461fff,86,行動中區營運處,豐原/台中營運中心,
167,167+300.0,24.097609,120.6146,884ba282d5fffff,894ba282d47ffff,8a4ba282d447fff,8b4ba282d444fff,86,行動中區營運處,豐原/台中營運中心,
167,167+400.0,24.09671,120.6145,884ba282d5fffff,894ba282d47ffff,8a4ba282d457fff,8b4ba282d442fff,86,行動中區營運處,豐原/台中營運中心,
167,167+500.0,24.09581,120.6144,884ba282d5fffff,894ba282d4fffff,8a4ba282d4effff,8b4ba282d4edfff,86,行動中區營運處,豐原/台中營運中心,
167,167+600.0,24.094911,120.6143,884ba282d5fffff,894ba282d4fffff,8a4ba282d4effff,8b4ba282d4eafff,86,行動中區營運處,豐原/台中營運中心,
167,167+700.0,24.094011,120.6142,884ba282d5fffff,894ba282d4fffff,8a4ba282d4dffff,8b4ba282d4ddfff,86,行動中區營運處,豐原/台中營運中心,
167,167+800.0,24.093112,120.6141,884ba2828bfffff,894ba282d4fffff,8a4ba282d4dffff,8b4ba282d4dbfff,86,行動中區營運處,彰化營運中心,
167,167+900.0,24.092213,120.614,884ba2828bfffff,894ba2828b7ffff,8a4ba2828b77fff,8b4ba2828b76fff,86,行動中區營運處,彰化營運中心,
168,168+000.0,24.091314,120.614,884ba2828bfffff,894ba2828b3ffff,8a4ba2828b0ffff,8b4ba2828b0bfff,86,行動中區營運處,彰化營運中心,
168,168+100.0,24.090414,120.6139,884ba2828bfffff,894ba2828a3ffff,8a4ba2828a27fff,8b4ba2828a26fff,86,行動中區營運處,彰化營運中心,
168,168+200.0,24.089514,120.6138,884ba2828bfffff,894ba2828a3ffff,8a4ba2828a37fff,8b4ba2828a33fff,86,行動中區營運處,彰化營運中心,
168,168+300.0,24.088615,120.6137,884ba2828bfffff,894ba2828a3ffff,8a4ba2828a17fff,8b4ba2828a10fff,86,行動中區營運處,彰化營運中心,
168,168+400.0,24.087715,120.6136,884ba2828bfffff,894ba2828abffff,8a4ba2828aa7fff,8b4ba2828aa1fff,86,行動中區營運處,彰化營運中心,
168,168+500.0,24.086816,120.6135,884ba2828bfffff,894ba2828abffff,8a4ba2828a87fff,8b4ba2828a80fff,86,行動中區營運處,彰化營運中心,
168,168+600.0,24.085916,120.6134,884ba2828bfffff,894ba2828abffff,8a4ba2828a9ffff,8b4ba2828a91fff,86,行動中區營運處,彰化營運中心,
168,168+656.6,24.085407,120.6134,884ba2828bfffff,894ba2828abffff,8a4ba2828a9ffff,8b4ba282806dfff,86,行動中區營運處,彰化營運中心,
168,168+700.0,24.085017,120.6134,884ba28281fffff,894ba282807ffff,8a4ba282806ffff,8b4ba282806dfff,86,行動中區營運處,彰化營運中心,
168,168+800.0,24.084117,120.6133,884ba28281fffff,894ba282807ffff,8a4ba282804ffff,8b4ba282804cfff,86,行動中區營運處,彰化營運中心,
168,168+900.0,24.083219,120.6132,884ba28281fffff,894ba282807ffff,8a4ba282805ffff,8b4ba282805dfff,86,行動中區營運處,彰化營運中心,
169,169+000.0,24.08232,120.6131,884ba28281fffff,894ba28283bffff,8a4ba28283b7fff,8b4ba28283b4fff,87,行動中區營運處,彰化營運中心,
169,169+100.0,24.081422,120.613,884ba28281fffff,894ba28280fffff,8a4ba28283b7fff,8b4ba28280cdfff,87,行動中區營運處,彰化營運中心,
169,169+200.0,24.080526,120.6129,884ba28281fffff,894ba28280fffff,8a4ba28280cffff,8b4ba28280cbfff,87,行動中區營運處,彰化營運中心,
169,169+206.6,24.080467,120.6129,884ba28281fffff,894ba28280fffff,8a4ba28280cffff,8b4ba28280cbfff,87,行動中區營運處,彰化營運中心,
169,169+300.0,24.079632,120.6127,884ba28287fffff,894ba282877ffff,8a4ba2828767fff,8b4ba2828762fff,87,行動中區營運處,彰化營運中心,
169,169+400.0,24.078739,120.6126,884ba28287fffff,894ba282877ffff,8a4ba2828777fff,8b4ba2828773fff,87,行動中區營運處,彰化營運中心,
169,169+500.0,24.07785,120.6124,884ba28287fffff,894ba282877ffff,8a4ba2828757fff,8b4ba2828756fff,87,行動中區營運處,彰化營運中心,
169,169+600.0,24.076962,120.6122,884ba28287fffff,894ba282863ffff,8a4ba2828627fff,8b4ba2828623fff,87,行動中區營運處,彰化營運中心,
169,169+700.0,24.076078,120.612,884ba28287fffff,894ba282863ffff,8a4ba2828607fff,8b4ba2828606fff,87,行動中區營運處,彰化營運中心,
169,169+800.0,24.075196,120.6118,884ba28287fffff,894ba282863ffff,8a4ba2828617fff,8b4ba2828610fff,87,行動中區營運處,彰化營運中心,
169,169+900.0,24.074318,120.6116,884ba28287fffff,894ba28286bffff,8a4ba28286affff,8b4ba28286a1fff,87,行動中區營運處,彰化營運中心,
170,170+000.0,24.073443,120.6113,884ba28287fffff,894ba28286bffff,8a4ba2828687fff,8b4ba2828680fff,87,行動中區營運處,彰化營運中心,
170,170+100.0,24.072572,120.6111,884ba28287fffff,894ba28286bffff,8a4ba2828697fff,8b4ba2828691fff,87,行動中區營運處,彰化營運中心,
170,170+115.2,24.07244,120.611,884ba28287fffff,894ba28286bffff,8a4ba2828697fff,8b4ba2828691fff,87,行動中區營運處,彰化營運中心,
170,170+200.0,24.071706,120.6108,884ba282abfffff,894ba282aa7ffff,8a4ba282aa6ffff,8b4ba282aa6cfff,87,行動中區營運處,彰化營運中心,
170,170+300.0,24.070842,120.6105,884ba282abfffff,894ba282aa7ffff,8a4ba282aa47fff,8b4ba282aa45fff,87,行動中區營運處,彰化營運中心,
170,170+400.0,24.069982,120.6102,884ba282abfffff,894ba282aa7ffff,8a4ba282aa47fff,8b4ba282aa42fff,87,行動中區營運處,彰化營運中心,
170,170+500.0,24.069125,120.6099,884ba282abfffff,894ba282aa7ffff,8a4ba282aa57fff,8b4ba282aa53fff,87,行動中區營運處,彰化營運中心,
170,170+600.0,24.06827,120.6096,884ba282abfffff,894ba282aafffff,8a4ba282aaeffff,8b4ba282aaeefff,87,行動中區營運處,彰化營運中心,
170,170+700.0,24.067416,120.6093,884ba282abfffff,894ba282aafffff,8a4ba282aac7fff,8b4ba282aac0fff,88(彰化一號隧道)**,行動中區營運處,彰化營運中心,延伸段
170,170+800.0,24.066561,120.609,884ba282abfffff,894ba282aafffff,8a4ba282aad7fff,8b4ba282aad1fff,88(彰化一號隧道)**,行動中區營運處,彰化營運中心,延伸段
170,170+900.0,24.065703,120.6087,884ba282a3fffff,894ba282a33ffff,8a4ba282a32ffff,8b4ba282a32cfff,88(彰化一號隧道)**,行動中區營運處,彰化營運中心,延伸段
171,171+000.0,24.064843,120.6084,884ba282a3fffff,894ba282a33ffff,8a4ba282a307fff,8b4ba282a305fff,88(彰化一號隧道)**,行動中區營運處,彰化營運中心,
171,171+015.2,24.064712,120.6083,884ba282a3fffff,894ba282a33ffff,8a4ba282a307fff,8b4ba282a300fff,88(彰化一號隧道)**,行動中區營運處,彰化營運中心,
171,171+100.0,24.06398,120.6081,884ba282a3fffff,894ba282a33ffff,8a4ba282a31ffff,8b4ba282a31cfff,88(彰化一號隧道)**,行動中區營運處,彰化營運中心,
171,171+200.0,24.063116,120.6078,884ba282a3fffff,894ba282a3bffff,8a4ba282a3affff,8b4ba282a3adfff,88(彰化一號隧道)**,行動中區營運處,彰化營運中心,
171,171+300.0,24.062248,120.6075,884ba282a3fffff,894ba282a3bffff,8a4ba282a3affff,8b4ba282a3aafff,88(彰化一號隧道)**,行動中區營運處,彰化營運中心,
171,171+400.0,24.061378,120.6072,884ba282a3fffff,894ba282a3bffff,8a4ba282a387fff,8b4ba282a383fff,88(彰化一號隧道)**,行動中區營運處,彰化營運中心,
171,171+500.0,24.060505,120.607,884ba282a3fffff,894ba282a3bffff,8a4ba282a39ffff,8b4ba282a39efff,88(彰化一號隧道)**,行動中區營運處,彰化營運中心,
171,171+600.0,24.05963,120.6067,884ba282a7fffff,894ba282a77ffff,8a4ba282a76ffff,8b4ba282a768fff,88(彰化一號隧道)**,行動中區營運處,彰化營運中心,
171,171+700.0,24.058754,120.6065,884ba282a7fffff,894ba282a77ffff,8a4ba282a747fff,8b4ba282a743fff,88(彰化一號隧道)**,行動中區營運處,彰化營運中心,
171,171+800.0,24.057875,120.6063,884ba282a7fffff,894ba282a77ffff,8a4ba282a75ffff,8b4ba282a758fff,88(彰化一號隧道)**,行動中區營運處,彰化營運中心,延伸段
171,171+900.0,24.056994,120.6061,884ba282a7fffff,894ba282a63ffff,8a4ba282a62ffff,8b4ba282a629fff,88(彰化一號隧道)**,行動中區營運處,彰化營運中心,延伸段
172,172+000.0,24.05611,120.6059,884ba282a7fffff,894ba282a63ffff,8a4ba282a60ffff,8b4ba282a60cfff,88(彰化二號隧道)**,行動中區營運處,彰化營運中心,
172,172+100.0,24.055226,120.6057,884ba282a7fffff,894ba282a63ffff,8a4ba282a61ffff,8b4ba282a619fff,88(彰化二號隧道)**,行動中區營運處,彰化營運中心,
172,172+200.0,24.054339,120.6055,884ba282a7fffff,894ba282a6fffff,8a4ba282a6f7fff,8b4ba282a6f4fff,88(彰化二號隧道)**,行動中區營運處,彰化營運中心,
172,172+300.0,24.05345,120.6053,884ba282a7fffff,894ba282a6bffff,8a4ba282a68ffff,8b4ba282a68dfff,88(彰化二號隧道)**,行動中區營運處,彰化營運中心,
172,172+400.0,24.052561,120.6051,884ba282a7fffff,894ba282a6bffff,8a4ba282a68ffff,8b4ba280cd24fff,88(彰化二號隧道)**,行動中區營運處,彰化營運中心,
172,172+500.0,24.051669,120.605,884ba280cdfffff,894ba280cd3ffff,8a4ba280cd37fff,8b4ba280cd35fff,88(彰化二號隧道)**,行動中區營運處,彰化營運中心,延伸段
172,172+600.0,24.050777,120.6048,884ba280cdfffff,894ba280cd3ffff,8a4ba280cd37fff,8b4ba280cd32fff,88(彰化二號隧道)**,行動中區營運處,彰化營運中心,延伸段
172,172+700.0,24.049882,120.6047,884ba280cdfffff,894ba280cd3ffff,8a4ba280cd17fff,8b4ba280cd16fff,88(彰化二號隧道)**,行動中區營運處,彰化營運中心,延伸段
172,172+800.0,24.048987,120.6046,884ba280cdfffff,894ba280cdbffff,8a4ba280cda7fff,8b4ba280cda3fff,88(八卦山隧道)**,行動中區營運處,彰化營運中心,延伸段
172,172+900.0,24.048091,120.6045,884ba280cdfffff,894ba280cdbffff,8a4ba280cd87fff,8b4ba280cd86fff,88(八卦山隧道)**,行動中區營運處,彰化營運中心,延伸段
173,173+000.0,24.047193,120.6043,884ba280cdfffff,894ba280cdbffff,8a4ba280cd97fff,8b4ba280cd93fff,89(八卦山隧道)**,行動中區營運處,彰化營運中心,北口
173,173+100.0,24.046296,120.6043,884ba28013fffff,894ba280137ffff,8a4ba280136ffff,8b4ba280136efff,89(八卦山隧道)**,行動中區營運處,彰化營運中心,
173,173+200.0,24.045396,120.6042,884ba28013fffff,894ba280137ffff,8a4ba2801347fff,8b4ba2801341fff,89(八卦山隧道)**,行動中區營運處,彰化營運中心,
173,173+300.0,24.044496,120.6041,884ba28013fffff,894ba280137ffff,8a4ba280135ffff,8b4ba2801358fff,89(八卦山隧道)**,行動中區營運處,彰化營運中心,
173,173+400.0,24.043595,120.604,884ba28013fffff,894ba280123ffff,8a4ba280122ffff,8b4ba2801229fff,89(八卦山隧道)**,行動中區營運處,彰化營運中心,
173,173+500.0,24.042694,120.604,884ba28013fffff,894ba280123ffff,8a4ba280120ffff,8b4ba2801208fff,89(八卦山隧道)**,行動中區營運處,彰化營運中心,
173,173+600.0,24.041793,120.6039,884ba28013fffff,894ba280123ffff,8a4ba28012e7fff,8b4ba28012e4fff,89(八卦山隧道)**,行動中區營運處,彰化營運中心,
173,173+700.0,24.04089,120.6039,884ba28013fffff,894ba28012fffff,8a4ba28012f7fff,8b4ba28012f5fff,89(八卦山隧道)**,行動中區營運處,彰化營運中心,
173,173+800.0,24.039988,120.6038,884ba28013fffff,894ba28012fffff,8a4ba28012d7fff,8b4ba28012d4fff,89(八卦山隧道)**,行動中區營運處,彰化營運中心,
173,173+900.0,24.039085,120.6038,884ba28013fffff,894ba280e93ffff,8a4ba28012d7fff,8b4ba28012d2fff,89(八卦山隧道)**,行動中區營運處,彰化營運中心,
174,174+000.0,24.038182,120.6038,884ba280e9fffff,894ba280e93ffff,8a4ba280e907fff,8b4ba280e905fff,89(八卦山隧道)**,行動中區營運處,彰化營運中心,
174,174+100.0,24.037279,120.6038,884ba280e9fffff,894ba280e93ffff,8a4ba280e907fff,8b4ba280e902fff,89(八卦山隧道)**,行動中區營運處,彰化營運中心,
174,174+200.0,24.036376,120.6038,884ba280e9fffff,894ba280e93ffff,8a4ba280e91ffff,8b4ba280e91efff,89(八卦山隧道)**,行動中區營運處,彰化營運中心,
174,174+300.0,24.035474,120.6038,884ba280e9fffff,894ba280e9bffff,8a4ba280e9affff,8b4ba280e9abfff,89(八卦山隧道)**,行動中區營運處,彰化營運中心,
174,174+400.0,24.034571,120.6039,884ba280e9fffff,894ba280e9bffff,8a4ba280e98ffff,8b4ba280e988fff,89(八卦山隧道)**,行動中區營運處,彰化營運中心,
174,174+500.0,24.033669,120.6039,884ba280e9fffff,894ba280e8bffff,8a4ba280e8a7fff,8b4ba280e8a6fff,89(八卦山隧道)**,行動中區營運處,彰化營運中心,
174,174+600.0,24.032767,120.604,884ba280e9fffff,894ba280e8bffff,8a4ba280e8b7fff,8b4ba280e8b1fff,89(八卦山隧道)**,行動中區營運處,彰化營運中心,
174,174+700.0,24.031865,120.604,884ba280edfffff,894ba280e8bffff,8a4ba280e897fff,8b4ba280e890fff,89(八卦山隧道)**,行動中區營運處,彰化營運中心,
174,174+800.0,24.030965,120.6041,884ba280edfffff,894ba280ec7ffff,8a4ba280ec6ffff,8b4ba280ec6cfff,89(八卦山隧道)**,行動中區營運處,彰化營運中心,
174,174+900.0,24.030065,120.6042,884ba280edfffff,894ba280ec7ffff,8a4ba280ec47fff,8b4ba280ec41fff,89(八卦山隧道)**,行動中區營運處,彰化營運中心,
175,175+000.0,24.029165,120.6042,884ba280edfffff,894ba280ec7ffff,8a4ba280ec5ffff,8b4ba280ec5dfff,90(八卦山隧道)**,行動中區營運處,彰化營運中心,
175,175+100.0,24.028267,120.6043,884ba280edfffff,894ba280e1bffff,8a4ba280e1b7fff,8b4ba280e1b4fff,90(八卦山隧道)**,行動中區營運處,彰化營運中心,
175,175+200.0,24.02737,120.6044,884ba280edfffff,894ba280e1bffff,8a4ba280eccffff,8b4ba280e1b2fff,90(八卦山隧道)**,行動中區營運處,彰化營運中心,
175,175+218.0,24.027208,120.6045,884ba280edfffff,894ba280e1bffff,8a4ba280eccffff,8b4ba280ecc9fff,90(八卦山隧道)**,行動中區營運處,彰化營運中心,
175,175+300.0,24.026472,120.6046,884ba280e5fffff,894ba280e57ffff,8a4ba280e567fff,8b4ba280e565fff,90(八卦山隧道)**,行動中區營運處,彰化營運中心,
175,175+400.0,24.025577,120.6047,884ba280e5fffff,894ba280e57ffff,8a4ba280e567fff,8b4ba280e563fff,90(八卦山隧道)**,行動中區營運處,彰化營運中心,
175,175+500.0,24.024683,120.6048,884ba280e5fffff,894ba280e57ffff,8a4ba280e547fff,8b4ba280e542fff,90(八卦山隧道)**,行動中區營運處,彰化營運中心,
175,175+568.0,24.024074,120.6049,884ba280e5fffff,894ba280e57ffff,8a4ba280e55ffff,8b4ba280e55efff,90(八卦山隧道)**,行動中區營運處,彰化營運中心,
175,175+600.0,24.023787,120.605,884ba280e5fffff,894ba280e57ffff,8a4ba280e55ffff,8b4ba280e55efff,90(八卦山隧道)**,行動中區營運處,彰化營運中心,
175,175+700.0,24.022893,120.6051,884ba280e5fffff,894ba280e43ffff,8a4ba280e42ffff,8b4ba280e476fff,90(八卦山隧道)**,行動中區營運處,彰化營運中心,
175,175+800.0,24.021997,120.6052,884ba280e5fffff,894ba280e43ffff,8a4ba280e40ffff,8b4ba280e40bfff,90(八卦山隧道)**,行動中區營運處,彰化營運中心,
175,175+900.0,24.021103,120.6053,884ba280e5fffff,894ba280e4fffff,8a4ba280e4e7fff,8b4ba280e4e0fff,90(八卦山隧道)**,行動中區營運處,彰化營運中心,
176,176+000.0,24.020208,120.6055,884ba280e5fffff,894ba280e4fffff,8a4ba280e4c7fff,8b4ba280e4c6fff,90(八卦山隧道)**,行動中區營運處,彰化營運中心,
176,176+100.0,24.019313,120.6056,884ba280e5fffff,894ba280e4fffff,8a4ba280e4d7fff,8b4ba280e4d1fff,90(八卦山隧道)**,行動中區營運處,彰化營運中心,
176,176+200.0,24.018419,120.6057,884ba281dbfffff,894ba281db3ffff,8a4ba281db2ffff,8b4ba281db2dfff,90(八卦山隧道)**,行動中區營運處,彰化營運中心,
176,176+300.0,24.017523,120.6059,884ba281dbfffff,894ba281db3ffff,8a4ba281db0ffff,8b4ba281db0cfff,90(八卦山隧道)**,行動中區營運處,彰化營運中心,
176,176+400.0,24.016629,120.606,884ba281dbfffff,894ba281db3ffff,8a4ba281db0ffff,8b4ba281da24fff,90(八卦山隧道)**,行動中區營運處,彰化營運中心,
176,176+500.0,24.015734,120.6061,884ba281dbfffff,894ba281da3ffff,8a4ba281da37fff,8b4ba281da22fff,90(八卦山隧道)**,行動中區營運處,彰化營運中心,
176,176+600.0,24.014839,120.6063,884ba281dbfffff,894ba281da3ffff,8a4ba281da17fff,8b4ba281da15fff,90(八卦山隧道)**,行動中區營運處,彰化營運中心,
176,176+700.0,24.013944,120.6064,884ba281dbfffff,894ba281da3ffff,8a4ba281da17fff,8b4ba281da13fff,90(八卦山隧道)**,行動中區營運處,彰化營運中心,
176,176+800.0,24.013049,120.6065,884ba281dbfffff,894ba281dabffff,8a4ba281daaffff,8b4ba281daaafff,90(八卦山隧道)**,行動中區營運處,彰化營運中心,
176,176+900.0,24.012155,120.6067,884ba281dbfffff,894ba281dabffff,8a4ba281da8ffff,8b4ba281da8efff,90(八卦山隧道)**,行動中區營運處,彰化營運中心,
177,177+000.0,24.011259,120.6068,884ba281dbfffff,894ba281dabffff,8a4ba281da9ffff,8b4ba281da9bfff,91(八卦山隧道)**,行動中區營運處,彰化營運中心,
177,177+100.0,24.010365,120.6069,884ba281d3fffff,894ba281d33ffff,8a4ba281d337fff,8b4ba281d330fff,91(八卦山隧道)**,行動中區營運處,彰化營運中心,
177,177+200.0,24.00947,120.6071,884ba281d3fffff,894ba281d33ffff,8a4ba281d317fff,8b4ba281d310fff,91(八卦山隧道)**,行動中區營運處,彰化營運中心,
177,177+300.0,24.008575,120.6072,884ba281d3fffff,894ba281d3bffff,8a4ba281d3affff,8b4ba281d3acfff,91(八卦山隧道)**,行動中區營運處,彰化營運中心,
177,177+400.0,24.00768,120.6073,884ba281d3fffff,894ba281d3bffff,8a4ba281d387fff,8b4ba281d381fff,91(八卦山隧道)**,行動中區營運處,彰化營運中心,
177,177+500.0,24.006785,120.6074,884ba281d3fffff,894ba281d3bffff,8a4ba281d39ffff,8b4ba281d39dfff,91(八卦山隧道)**,行動中區營運處,彰化營運中心,
177,177+600.0,24.005891,120.6076,884ba281d3fffff,894ba281d2bffff,8a4ba281d2b7fff,8b4ba281d2b4fff,91(八卦山隧道)**,行動中區營運處,彰化營運中心,
177,177+700.0,24.004996,120.6077,884ba281d3fffff,894ba281d2bffff,8a4ba281d2b7fff,8b4ba281d2b2fff,91(八卦山隧道)**,行動中區營運處,彰化營運中心,
177,177+800.0,24.004101,120.6078,884ba281d7fffff,894ba281d67ffff,8a4ba281d297fff,8b4ba281d665fff,91(八卦山隧道)**,行動中區營運處,彰化營運中心,
177,177+900.0,24.003206,120.608,884ba281d7fffff,894ba281d67ffff,8a4ba281d667fff,8b4ba281d663fff,91(八卦山隧道)**,行動中區營運處,彰化營運中心,
178,178+000.0,24.002311,120.6081,884ba281d7fffff,894ba281d67ffff,8a4ba281d647fff,8b4ba281d643fff,91(八卦山隧道)**,行動中區營運處,彰化營運中心,
178,178+100.0,24.001416,120.6082,884ba281d7fffff,894ba281d67ffff,8a4ba281d65ffff,8b4ba281d65afff,91(八卦山隧道)**,行動中區營運處,彰化營運中心,
178,178+200.0,24.000521,120.6084,884ba281d7fffff,894ba281d6fffff,8a4ba28199b7fff,8b4ba28199b6fff,91(八卦山隧道)**,行動中區營運處,彰化營運中心,
178,178+300.0,23.999626,120.6085,884ba281d7fffff,894ba281d6fffff,8a4ba281d6cffff,8b4ba281d6c9fff,91(八卦山隧道)**,行動中區營運處,彰化營運中心,
178,178+400.0,23.998732,120.6086,884ba2819dfffff,894ba2819d7ffff,8a4ba2819d67fff,8b4ba2819d60fff,91(八卦山隧道)**,行動中區營運處,彰化營運中心,
178,178+500.0,23.997837,120.6088,884ba2819dfffff,894ba2819d7ffff,8a4ba2819d47fff,8b4ba2819d44fff,91(八卦山隧道)**,行動中區營運處,彰化營運中心,
178,178+600.0,23.996942,120.6089,884ba2819dfffff,894ba2819d7ffff,8a4ba2819d5ffff,8b4ba2819d51fff,91(八卦山隧道)**,行動中區營運處,彰化營運中心,
178,178+700.0,23.996047,120.609,884ba2819dfffff,894ba2819c3ffff,8a4ba2819c2ffff,8b4ba2819c29fff,91(八卦山隧道)**,行動中區營運處,彰化營運中心,
178,178+800.0,23.995152,120.6092,884ba2819dfffff,894ba2819c3ffff,8a4ba2819c0ffff,8b4ba2819c0dfff,91(八卦山隧道)**,行動中區營運處,彰化營運中心,
178,178+900.0,23.994258,120.6093,884ba2819dfffff,894ba2819c3ffff,8a4ba2819c0ffff,8b4ba2819ce4fff,91(八卦山隧道)**,行動中區營運處,彰化營運中心,
179,179+000.0,23.993362,120.6094,884ba2819dfffff,894ba2819cfffff,8a4ba2819ce7fff,8b4ba2819ce2fff,92(八卦山隧道)**,行動中區營運處,彰化營運中心,
179,179+100.0,23.992468,120.6095,884ba2819dfffff,894ba2819cfffff,8a4ba2819cc7fff,8b4ba2819cd5fff,92(八卦山隧道)**,行動中區營運處,彰化營運中心,
179,179+200.0,23.991573,120.6097,884ba2819dfffff,894ba2819cfffff,8a4ba2819cd7fff,8b4ba2819cd3fff,92(八卦山隧道)**,行動中區營運處,彰化營運中心,
179,179+300.0,23.990678,120.6098,884ba28195fffff,894ba281953ffff,8a4ba281952ffff,8b4ba2819528fff,92(八卦山隧道)**,行動中區營運處,彰化營運中心,
179,179+400.0,23.989783,120.6099,884ba28195fffff,894ba281953ffff,8a4ba281950ffff,8b4ba281950efff,92(八卦山隧道)**,行動中區營運處,彰化營運中心,
179,179+500.0,23.988888,120.6101,884ba28195fffff,894ba281943ffff,8a4ba2819427fff,8b4ba2819426fff,92(八卦山隧道)**,行動中區營運處,彰化營運中心,
179,179+600.0,23.987994,120.6102,884ba28195fffff,894ba281943ffff,8a4ba2819437fff,8b4ba2819431fff,92(八卦山隧道)**,行動中區營運處,彰化營運中心,
179,179+700.0,23.987098,120.6103,884ba28195fffff,894ba281943ffff,8a4ba2819417fff,8b4ba2819410fff,92(八卦山隧道)**,行動中區營運處,彰化營運中心,
179,179+800.0,23.986204,120.6105,884ba28195fffff,894ba28194bffff,8a4ba28194affff,8b4ba28194acfff,92(八卦山隧道)**,行動中區營運處,彰化營運中心,
179,179+900.0,23.985308,120.6106,884ba28195fffff,894ba28194bffff,8a4ba2819487fff,8b4ba2819481fff,92(八卦山隧道)**,行動中區營運處,彰化營運中心,
180,180+000.0,23.984414,120.6107,884ba28195fffff,894ba28194bffff,8a4ba281949ffff,8b4ba281949dfff,92(八卦山隧道)**,行動中區營運處,彰化營運中心,
180,180+100.0,23.983519,120.6109,884ba281bbfffff,894ba281bb3ffff,8a4ba281bb37fff,8b4ba281bb35fff,92(八卦山隧道)**,行動中區營運處,彰化營運中心,
180,180+200.0,23.982624,120.611,884ba281bbfffff,894ba281bb3ffff,8a4ba281bb37fff,8b4ba281bb32fff,92(八卦山隧道)**,行動中區營運處,彰化營運中心,
180,180+300.0,23.98173,120.6111,884ba281bbfffff,894ba281bb3ffff,8a4ba281bb17fff,8b4ba281bb12fff,92(八卦山隧道)**,行動中區營運處,彰化營運中心,
180,180+400.0,23.980834,120.6113,884ba281bbfffff,894ba281bbbffff,8a4ba281bbaffff,8b4ba281bbaefff,92(八卦山隧道)**,行動中區營運處,彰化營運中心,南口
180,180+500.0,23.97994,120.6114,884ba281bbfffff,894ba281bbbffff,8a4ba281bb87fff,8b4ba281bb83fff,92(員林一號隧道)**,行動中區營運處,彰化營運中心,
180,180+600.0,23.979044,120.6115,884ba281bbfffff,894ba281bbbffff,8a4ba281bb9ffff,8b4ba281bb98fff,92(員林一號隧道)**,行動中區營運處,彰化營運中心,
180,180+700.0,23.97815,120.6116,884ba281bbfffff,894ba281babffff,8a4ba281bab7fff,8b4ba281bab6fff,92(員林一號隧道)**,行動中區營運處,彰化營運中心,
180,180+762.7,23.977588,120.6117,884ba281b1fffff,894ba281babffff,8a4ba281b14ffff,8b4ba281bab2fff,92(員林一號隧道)**,行動中區營運處,彰化營運中心,
180,180+800.0,23.977255,120.6118,884ba281b1fffff,894ba281babffff,8a4ba281b14ffff,8b4ba281b149fff,92(員林一號隧道)**,行動中區營運處,彰化營運中心,
180,180+900.0,23.97636,120.6119,884ba281b1fffff,894ba281b07ffff,8a4ba281b067fff,8b4ba281b061fff,92(員林一號隧道)**,行動中區營運處,彰化營運中心,
181,181+000.0,23.975465,120.612,884ba281b1fffff,894ba281b07ffff,8a4ba281b047fff,8b4ba281b040fff,93(員林一號隧道)**,行動中區營運處,彰化營運中心,延伸段
181,181+012.7,23.975351,120.612,884ba281b1fffff,894ba281b07ffff,8a4ba281b047fff,8b4ba281b040fff,93(員林一號隧道)**,行動中區營運處,彰化營運中心,延伸段
181,181+100.0,23.974568,120.6122,884ba281b1fffff,894ba281b07ffff,8a4ba281b05ffff,8b4ba281b05cfff,93(員林二號隧道)**,行動中區營運處,彰化營運中心,
181,181+200.0,23.973672,120.6123,884ba281b1fffff,894ba281b0fffff,8a4ba281b0effff,8b4ba281b0e9fff,93(員林二號隧道)**,行動中區營運處,彰化營運中心,
181,181+300.0,23.972774,120.6124,884ba281b1fffff,894ba281b0fffff,8a4ba281b0cffff,8b4ba281b0cdfff,93(員林二號隧道)**,行動中區營運處,彰化營運中心,
181,181+400.0,23.971876,120.6125,884ba281b1fffff,894ba281b0fffff,8a4ba281b0cffff,8b4ba281b0cbfff,93(員林二號隧道)**,行動中區營運處,彰化營運中心,延伸段
181,181+500.0,23.970977,120.6126,884ba281b7fffff,894ba281b77ffff,8a4ba281b767fff,8b4ba281b762fff,93(員林二號隧道)**,行動中區營運處,彰化營運中心,延伸段
181,181+600.0,23.970078,120.6127,884ba281b7fffff,894ba281b77ffff,8a4ba281b747fff,8b4ba281b746fff,93(員林二號隧道)**,行動中區營運處,彰化營運中心,延伸段
181,181+668.0,23.969466,120.6127,884ba281b7fffff,894ba281b77ffff,8a4ba281b757fff,8b4ba281b751fff,93,行動中區營運處,彰化營運中心,
181,181+700.0,23.969178,120.6127,884ba281b7fffff,894ba281b77ffff,8a4ba281b757fff,8b4ba281b753fff,93,行動中區營運處,彰化營運中心,
181,181+800.0,23.968278,120.6128,884ba281b7fffff,894ba281b63ffff,8a4ba281b62ffff,8b4ba281b628fff,93,行動中區營運處,彰化營運中心,
181,181+900.0,23.967377,120.6129,884ba281b7fffff,894ba281b63ffff,8a4ba281b60ffff,8b4ba281b60efff,93(員林三號隧道)**,行動中區營運處,彰化營運中心,延伸段
181,181+918.0,23.967215,120.6129,884ba281b7fffff,894ba281b63ffff,8a4ba281b60ffff,8b4ba281b60efff,93(員林三號隧道)**,行動中區營運處,彰化營運中心,延伸段
182,182+000.0,23.966477,120.613,884ba281b7fffff,894ba281b63ffff,8a4ba281b61ffff,8b4ba281b619fff,93(員林三號隧道)**,行動中區營運處,彰化營運中心,延伸段
182,182+100.0,23.965576,120.613,884ba281b7fffff,894ba281b6fffff,8a4ba281b6f7fff,8b4ba281b6f0fff,93(員林三號隧道)**,行動中區營運處,彰化營運中心,
182,182+200.0,23.964676,120.6131,884ba281b7fffff,894ba281b6fffff,8a4ba281b6d7fff,8b4ba281b6d4fff,93(員林三號隧道)**,行動中區營運處,彰化營運中心,
182,182+300.0,23.963775,120.6132,884ba28f5dfffff,894ba28f5d3ffff,8a4ba28f5d27fff,8b4ba28f5d21fff,93(員林三號隧道)**,行動中區營運處,彰化營運中心,延伸段
182,182+400.0,23.962875,120.6132,884ba28f5dfffff,894ba28f5d3ffff,8a4ba28f5d07fff,8b4ba28f5d05fff,93(員林三號隧道)**,行動中區營運處,彰化營運中心,延伸段
182,182+500.0,23.961974,120.6133,884ba28f5dfffff,894ba28f5d3ffff,8a4ba28f5d1ffff,8b4ba28f5d1cfff,93(員林三號隧道)**,行動中區營運處,彰化營運中心,延伸段
182,182+600.0,23.961074,120.6134,884ba28f5dfffff,894ba28f5d3ffff,8a4ba28f5d1ffff,8b4ba28f5d1afff,93(員林四號隧道)**,行動中區營運處,彰化營運中心,延伸段
182,182+700.0,23.960173,120.6135,884ba28f5dfffff,894ba28f5dbffff,8a4ba28f5d8ffff,8b4ba28f5d8dfff,93(員林四號隧道)**,行動中區營運處,彰化營運中心,延伸段
182,182+800.0,23.959273,120.6135,884ba28f5dfffff,894ba28f5dbffff,8a4ba28f5d8ffff,8b4ba28f5d8bfff,93(員林四號隧道)**,行動中區營運處,彰化營運中心,延伸段
182,182+900.0,23.958372,120.6136,884ba28f5dfffff,894ba28f5cbffff,8a4ba28f5ca7fff,8b4ba28f5ca2fff,93(員林四號隧道)**,行動中區營運處,彰化營運中心,
183,183+000.0,23.957472,120.6137,884ba28f5dfffff,894ba28f5cbffff,8a4ba28f5c87fff,8b4ba28f5c86fff,94(員林四號隧道)**,行動中區營運處,彰化營運中心,
183,183+100.0,23.956571,120.6138,884ba28f43fffff,894ba28f5cbffff,8a4ba28f5c97fff,8b4ba28f5c93fff,94(員林四號隧道)**,行動中區營運處,彰化營運中心,
183,183+200.0,23.955671,120.6138,884ba28f43fffff,894ba28f427ffff,8a4ba28f426ffff,8b4ba28f4268fff,94(員林四號隧道)**,行動中區營運處,彰化營運中心,
183,183+300.0,23.95477,120.6139,884ba28f43fffff,894ba28f427ffff,8a4ba28f424ffff,8b4ba28f424efff,94(員林四號隧道)**,行動中區營運處,彰化營運中心,延伸段
183,183+400.0,23.95387,120.614,884ba28f43fffff,894ba28f427ffff,8a4ba28f425ffff,8b4ba28f4259fff,94(員林四號隧道)**,行動中區營運處,彰化營運中心,延伸段
183,183+500.0,23.952969,120.614,884ba28f55fffff,894ba28f55bffff,8a4ba28f55b7fff,8b4ba28f55b0fff,94(員林四號隧道)**,行動中區營運處,彰化營運中心,延伸段
183,183+600.0,23.952069,120.6141,884ba28f55fffff,894ba28f55bffff,8a4ba28f5597fff,8b4ba28f5594fff,94,行動中區營運處,彰化營運中心,
183,183+700.0,23.951168,120.6142,884ba28f09fffff,894ba28f097ffff,8a4ba28f0967fff,8b4ba28f0961fff,94,行動中區營運處,彰化營運中心,
183,183+800.0,23.950268,120.6143,884ba28f09fffff,894ba28f097ffff,8a4ba28f0947fff,8b4ba28f0945fff,94,行動中區營運處,彰化營運中心,
183,183+900.0,23.949367,120.6143,884ba28f09fffff,894ba28f097ffff,8a4ba28f095ffff,8b4ba28f095cfff,94,行動中區營運處,彰化營運中心,
184,184+000.0,23.948467,120.6144,884ba28f09fffff,894ba28f097ffff,8a4ba28f095ffff,8b4ba28f095afff,94,行動中區營運處,彰化營運中心,
184,184+100.0,23.947566,120.6145,884ba28f09fffff,894ba28f083ffff,8a4ba28f080ffff,8b4ba28f080dfff,94,行動中區營運處,彰化營運中心,
184,184+200.0,23.946666,120.6145,884ba28f09fffff,894ba28f083ffff,8a4ba28f080ffff,8b4ba28f080bfff,94,行動中區營運處,彰化營運中心,
184,184+300.0,23.945765,120.6146,884ba28f09fffff,894ba28f08fffff,8a4ba28f08e7fff,8b4ba28f08e2fff,94,行動中區營運處,彰化營運中心,
184,184+400.0,23.944865,120.6147,884ba28f09fffff,894ba28f08fffff,8a4ba28f08c7fff,8b4ba28f08c6fff,94,行動中區營運處,彰化營運中心,
184,184+500.0,23.943964,120.6148,884ba28f09fffff,894ba28f08fffff,8a4ba28f08d7fff,8b4ba28f08d3fff,94,行動中區營運處,彰化營運中心,
184,184+600.0,23.943064,120.6148,884ba28f01fffff,894ba28f013ffff,8a4ba28f012ffff,8b4ba28f0128fff,94,行動中區營運處,彰化營運中心,
184,184+700.0,23.942163,120.6149,884ba28f01fffff,894ba28f013ffff,8a4ba28f010ffff,8b4ba28f010efff,94,行動中區營運處,彰化營運中心,
184,184+800.0,23.941263,120.615,884ba28f01fffff,894ba28f013ffff,8a4ba28f011ffff,8b4ba28f0119fff,94,行動中區營運處,彰化營運中心,
184,184+900.0,23.940362,120.6151,884ba28f01fffff,894ba28f003ffff,8a4ba28f0037fff,8b4ba28f0030fff,94,行動中區營運處,彰化營運中心,
185,185+000.0,23.939462,120.6151,884ba28f01fffff,894ba28f003ffff,8a4ba28f0017fff,8b4ba28f0014fff,95,行動中區營運處,彰化營運中心,
185,185+100.0,23.938561,120.6152,884ba28f01fffff,894ba28f00bffff,8a4ba28f00a7fff,8b4ba28f00a1fff,95,行動中區營運處,彰化營運中心,
185,185+157.8,23.938041,120.6152,884ba28f01fffff,894ba28f00bffff,8a4ba28f00a7fff,8b4ba28f00a3fff,95,行動中區營運處,彰化營運中心,
185,185+200.0,23.937661,120.6153,884ba28f01fffff,894ba28f00bffff,8a4ba28f0087fff,8b4ba28f0085fff,95,行動中區營運處,彰化營運中心,
185,185+300.0,23.93676,120.6153,884ba28f01fffff,894ba28f00bffff,8a4ba28f009ffff,8b4ba28f009cfff,95,行動中區營運處,彰化營運中心,
185,185+400.0,23.935859,120.6154,884ba28f01fffff,894ba28f00bffff,8a4ba28f009ffff,8b4ba28f009afff,95,行動中區營運處,彰化營運中心,
185,185+500.0,23.934958,120.6155,884ba28f07fffff,894ba28f047ffff,8a4ba28f044ffff,8b4ba28f044dfff,95,行動中區營運處,彰化營運中心,
185,185+600.0,23.934057,120.6155,884ba28f07fffff,894ba28f047ffff,8a4ba28f044ffff,8b4ba28f044bfff,95,行動中區營運處,彰化營運中心,
185,185+700.0,23.933154,120.6156,884ba28f07fffff,894ba28f07bffff,8a4ba28f07a7fff,8b4ba28f07a2fff,95,行動中區營運處,彰化營運中心,
185,185+707.8,23.933085,120.6156,884ba28f07fffff,894ba28f07bffff,8a4ba28f07a7fff,8b4ba28f07a2fff,95,行動中區營運處,彰化營運中心,
185,185+800.0,23.932252,120.6156,884ba28f07fffff,894ba28f07bffff,8a4ba28f07b7fff,8b4ba28f0786fff,95,行動中區營運處,彰化營運中心,
185,185+900.0,23.931349,120.6156,884ba28f07fffff,894ba28f07bffff,8a4ba28f0797fff,8b4ba28f0790fff,95,行動中區營運處,彰化營運中心,
186,186+000.0,23.930446,120.6156,884ba28f2bfffff,894ba28f2b7ffff,8a4ba28f2b6ffff,8b4ba28f2b6efff,95,行動中區營運處,彰化營運中心,
186,186+100.0,23.929543,120.6156,884ba28f2bfffff,894ba28f2b7ffff,8a4ba28f2b47fff,8b4ba28f2b41fff,95,行動中區營運處,彰化營運中心,
186,186+200.0,23.928641,120.6155,884ba28f2bfffff,894ba28f2b7ffff,8a4ba28f2b5ffff,8b4ba28f2b58fff,95,行動中區營運處,彰化營運中心,
186,186+300.0,23.927739,120.6155,884ba28f2bfffff,894ba28f2a3ffff,8a4ba28f2a77fff,8b4ba28f2a29fff,95,行動中區營運處,彰化營運中心,
186,186+400.0,23.926838,120.6154,884ba28f2bfffff,894ba28f2a3ffff,8a4ba28f2a0ffff,8b4ba28f2a0dfff,95,行動中區營運處,彰化營運中心,
186,186+500.0,23.925938,120.6154,884ba28f2bfffff,894ba28f2a3ffff,8a4ba28f2ae7fff,8b4ba28f2ae4fff,95,行動中區營運處,彰化營運中心,
186,186+600.0,23.925039,120.6153,884ba28f2bfffff,894ba28f2afffff,8a4ba28f2af7fff,8b4ba28f2af5fff,95,行動中區營運處,彰化營運中心,
186,186+700.0,23.924142,120.6152,884ba28f2bfffff,894ba28f2afffff,8a4ba28f2ad7fff,8b4ba28f2ad4fff,95,行動中區營運處,彰化營運中心,
186,186+800.0,23.923246,120.615,884ba28f2bfffff,894ba28f233ffff,8a4ba28f2327fff,8b4ba28f2325fff,95,行動中區營運處,彰化營運中心,
186,186+900.0,23.922351,120.6149,884ba28f23fffff,894ba28f233ffff,8a4ba28f2327fff,8b4ba28f2323fff,95,行動中區營運處,彰化營運中心,
187,187+000.0,23.921459,120.6147,884ba28f23fffff,894ba28f233ffff,8a4ba28f2307fff,8b4ba28f2306fff,96,行動中區營運處,彰化營運中心,
187,187+100.0,23.920569,120.6146,884ba28f23fffff,894ba28f233ffff,8a4ba28f2317fff,8b4ba28f2313fff,96,行動中區營運處,彰化營運中心,
187,187+200.0,23.919681,120.6144,884ba28f23fffff,894ba28f23bffff,8a4ba28f23affff,8b4ba28f23aefff,96,行動中區營運處,彰化營運中心,
187,187+300.0,23.918796,120.6142,884ba28f23fffff,894ba28f23bffff,8a4ba28f2387fff,8b4ba28f2380fff,96,行動中區營運處,彰化營運中心,
187,187+400.0,23.917914,120.614,884ba28f23fffff,894ba28f23bffff,8a4ba28f239ffff,8b4ba28f239efff,96,行動中區營運處,彰化營運中心,
187,187+500.0,23.917035,120.6138,884ba28f23fffff,894ba28f277ffff,8a4ba28f276ffff,8b4ba28f2768fff,96,行動中區營運處,彰化營運中心,
187,187+600.0,23.916158,120.6135,884ba28f27fffff,894ba28f277ffff,8a4ba28f2747fff,8b4ba28f2741fff,96,行動中區營運處,彰化營運中心,
187,187+700.0,23.915285,120.6133,884ba28f27fffff,894ba28f277ffff,8a4ba28f275ffff,8b4ba28f275cfff,96,行動中區營運處,彰化營運中心,
187,187+800.0,23.914416,120.613,884ba28f27fffff,894ba28f263ffff,8a4ba28f262ffff,8b4ba28f262dfff,96,行動中區營運處,彰化營運中心,
187,187+900.0,23.91355,120.6127,884ba28f27fffff,894ba28f263ffff,8a4ba28f262ffff,8b4ba28f260cfff,96,行動中區營運處,彰化營運中心,
188,188+000.0,23.912689,120.6124,884ba28f27fffff,894ba28f263ffff,8a4ba28f261ffff,8b4ba28f261dfff,96,行動中區營運處,彰化營運中心,
188,188+100.0,23.911831,120.6121,884ba28f27fffff,894ba28f263ffff,8a4ba28f261ffff,8b4ba28f261afff,96,行動中區營運處,彰化營運中心,
188,188+200.0,23.910979,120.6118,884ba28f27fffff,894ba28f26bffff,8a4ba28f26affff,8b4ba28f26abfff,96,行動中區營運處,彰化營運中心,
188,188+300.0,23.91013,120.6115,884ba28f27fffff,894ba28f26bffff,8a4ba28f268ffff,8b4ba28f268efff,96,行動中區營運處,彰化營運中心,
188,188+400.0,23.909286,120.6111,884ba28f27fffff,894ba28f26bffff,8a4ba28f269ffff,8b4ba28f2698fff,96,行動中區營運處,彰化營運中心,
188,188+500.0,23.908447,120.6108,884ba2889bfffff,894ba2889a7ffff,8a4ba2889a6ffff,8b4ba2889a68fff,96,行動中區營運處,彰化營運中心,
188,188+600.0,23.907614,120.6104,884ba2889bfffff,894ba2889a7ffff,8a4ba2889a47fff,8b4ba2889a41fff,96,行動中區營運處,彰化營運中心,
188,188+700.0,23.906786,120.61,884ba2889bfffff,894ba2889a7ffff,8a4ba2889a5ffff,8b4ba2889a5cfff,96,行動中區營運處,彰化營運中心,
188,188+800.0,23.905962,120.6096,884ba2889bfffff,894ba2889a7ffff,8a4ba2889aeffff,8b4ba2889aedfff,96,行動中區營運處,彰化營運中心,
188,188+900.0,23.905146,120.6092,884ba2889bfffff,894ba2889afffff,8a4ba2889aeffff,8b4ba2889aeafff,96,行動中區營運處,彰化營運中心,
189,189+000.0,23.904334,120.6087,884ba2889bfffff,894ba2889afffff,8a4ba2889ac7fff,8b4ba2889ac0fff,97,行動中區營運處,彰化營運中心,
189,189+100.0,23.903528,120.6083,884ba2889bfffff,894ba2889afffff,8a4ba2889ad7fff,8b4ba2889ad3fff,97,行動中區營運處,彰化營運中心,
189,189+200.0,23.90273,120.6078,884ba28893fffff,894ba288933ffff,8a4ba288932ffff,8b4ba2889321fff,97,行動中區營運處,彰化營運中心,
189,189+300.0,23.901937,120.6074,884ba28893fffff,894ba288933ffff,8a4ba2889307fff,8b4ba2889304fff,97,行動中區營運處,彰化營運中心,
189,189+400.0,23.90115,120.6069,884ba28893fffff,894ba288933ffff,8a4ba2889317fff,8b4ba2889315fff,97,行動中區營運處,彰化營運中心,
189,189+500.0,23.900371,120.6064,884ba28893fffff,894ba28893bffff,8a4ba2889317fff,8b4ba28893a5fff,97,行動中區營運處,彰化營運中心,
189,189+600.0,23.899598,120.6059,884ba28893fffff,894ba28893bffff,8a4ba28893a7fff,8b4ba28893a6fff,97,行動中區營運處,彰化營運中心,
189,189+700.0,23.898833,120.6054,884ba28893fffff,894ba28893bffff,8a4ba28893b7fff,8b4ba28893b0fff,97,行動中區營運處,彰化營運中心,
189,189+800.0,23.898074,120.6048,884ba28891fffff,894ba28890fffff,8a4ba28890cffff,8b4ba28890c9fff,97,行動中區營運處,彰化營運中心,
189,189+900.0,23.897324,120.6043,884ba28891fffff,894ba28890fffff,8a4ba28890dffff,8b4ba28890cafff,97,行動中區營運處,彰化營運中心,
190,190+000.0,23.89658,120.6037,884ba28897fffff,894ba28890fffff,8a4ba28890dffff,8b4ba28890dafff,97,行動中區營運處,彰化營運中心,
190,190+100.0,23.895845,120.6032,884ba28897fffff,894ba288973ffff,8a4ba288972ffff,8b4ba2889728fff,97,行動中區營運處,彰化營運中心,
190,190+200.0,23.895118,120.6026,884ba28897fffff,894ba288973ffff,8a4ba2889707fff,8b4ba2889701fff,97,行動中區營運處,彰化營運中心,
190,190+300.0,23.894398,120.602,884ba28897fffff,894ba288973ffff,8a4ba2889717fff,8b4ba2889711fff,97,行動中區營運處,彰化營運中心,
190,190+400.0,23.893687,120.6014,884ba28897fffff,894ba28897bffff,8a4ba2889717fff,8b4ba2889712fff,97,行動中區營運處,彰化營運中心,
190,190+500.0,23.892984,120.6008,884ba28897fffff,894ba28897bffff,8a4ba28897a7fff,8b4ba28897a2fff,97,行動中區營運處,彰化營運中心,
190,190+600.0,23.892291,120.6001,884ba28897fffff,894ba28897bffff,8a4ba28897b7fff,8b4ba28897b0fff,97,行動中區營運處,彰化營運中心,
190,190+700.0,23.891605,120.5995,884ba28895fffff,894ba28894fffff,8a4ba28894cffff,8b4ba28894cdfff,97,行動中區營運處,彰化營運中心,
190,190+800.0,23.890928,120.5988,884ba28895fffff,894ba28894fffff,8a4ba28894cffff,8b4ba28894ddfff,97,行動中區營運處,彰化營運中心,
190,190+900.0,23.890261,120.5982,884ba28895fffff,894ba28894fffff,8a4ba28894dffff,8b4ba28894defff,97,行動中區營運處,彰化營運中心,
191,191+000.0,23.889603,120.5975,884ba288bbfffff,894ba288bb3ffff,8a4ba288bb2ffff,8b4ba288bb2cfff,98,行動中區營運處,彰化營運中心,
191,191+100.0,23.888954,120.5968,884ba288bbfffff,894ba288bb3ffff,8a4ba288bb07fff,8b4ba288bb04fff,98,行動中區營運處,彰化營運中心,
191,191+200.0,23.888314,120.5961,884ba288bbfffff,894ba288bb3ffff,8a4ba288bb37fff,8b4ba288bb33fff,98,行動中區營運處,彰化營運中心,
191,191+300.0,23.887685,120.5954,884ba288bbfffff,894ba288b87ffff,8a4ba288b84ffff,8b4ba288b849fff,98,行動中區營運處,彰化營運中心,
191,191+400.0,23.887065,120.5947,884ba288b9fffff,894ba288b87ffff,8a4ba288b85ffff,8b4ba288b84afff,98,行動中區營運處,彰化營運中心,
191,191+500.0,23.886454,120.594,884ba288b9fffff,894ba288b87ffff,8a4ba288b85ffff,8b4ba288b85efff,98,行動中區營運處,彰化營運中心,
191,191+600.0,23.885854,120.5933,884ba288b9fffff,894ba288b8fffff,8a4ba288b8effff,8b4ba288b8ecfff,98,行動中區營運處,彰化營運中心,
191,191+700.0,23.885265,120.5925,884ba288b9fffff,894ba288b8fffff,8a4ba288b8c7fff,8b4ba288b8c4fff,98,行動中區營運處,彰化營運中心,
191,191+800.0,23.884685,120.5918,884ba288b9fffff,894ba288b8fffff,8a4ba288b8f7fff,8b4ba288b8f3fff,98,行動中區營運處,彰化營運中心,
191,191+900.0,23.884116,120.591,884ba288b9fffff,894ba288b8bffff,8a4ba288b88ffff,8b4ba288b889fff,98,行動中區營運處,彰化營運中心,
192,192+000.0,23.883557,120.5902,884ba288b9fffff,894ba288b8bffff,8a4ba288b88ffff,8b4ba288b89dfff,98,行動中區營運處,彰化營運中心,
192,192+100.0,23.88301,120.5895,884ba288b9fffff,894ba288b8bffff,8a4ba288b89ffff,8b4ba288b89efff,98,行動中區營運處,彰化營運中心,
192,192+200.0,23.882472,120.5887,884ba288bdfffff,894ba288bc7ffff,8a4ba288b897fff,8b4ba288b892fff,98,行動中區營運處,彰化營運中心,
192,192+212.4,23.882406,120.5886,884ba288bdfffff,894ba288bc7ffff,8a4ba288bc67fff,8b4ba288b892fff,98,行動中區營運處,彰化營運中心,
192,192+300.0,23.881947,120.5879,884ba288bdfffff,894ba288bc7ffff,8a4ba288bc67fff,8b4ba288bc60fff,98,行動中區營運處,彰化營運中心,
192,192+400.0,23.881431,120.5871,884ba288bdfffff,894ba288bc7ffff,8a4ba288bc77fff,8b4ba288bc74fff,98,行動中區營運處,彰化營運中心,
192,192+500.0,23.880923,120.5862,884ba288bdfffff,894ba288bc3ffff,8a4ba288bc2ffff,8b4ba288bc2bfff,98,行動中區營運處,彰化營運中心,
192,192+600.0,23.88042,120.5854,884ba288bdfffff,894ba288bc3ffff,8a4ba288bc07fff,8b4ba288bc00fff,98,行動中區營運處,彰化營運中心,
192,192+700.0,23.879921,120.5846,884ba288bdfffff,894ba288bc3ffff,8a4ba288bc17fff,8b4ba288bc15fff,98,行動中區營運處,彰化營運中心,
192,192+762.4,23.879609,120.5841,884ba288bdfffff,894ba288bc3ffff,8a4ba288bc17fff,8b4ba288bc14fff,98,行動中區營運處,彰化營運中心,
192,192+800.0,23.879421,120.5838,884ba288bdfffff,894ba288bc3ffff,8a4ba288bd8ffff,8b4ba288bd89fff,98,行動中區營運處,彰化營運中心,
192,192+900.0,23.878921,120.583,884ba288bdfffff,894ba288bdbffff,8a4ba288bd8ffff,8b4ba288bd8afff,98,行動中區營運處,彰化營運中心,
193,193+000.0,23.878421,120.5822,884ba288bdfffff,894ba288bdbffff,8a4ba288bd9ffff,8b4ba288bd9efff,99,行動中區營運處,彰化營運中心,
193,193+100.0,23.877922,120.5813,884ba288bdfffff,894ba288a37ffff,8a4ba288bd97fff,8b4ba288bd92fff,99,行動中區營運處,彰化營運中心,
193,193+200.0,23.877423,120.5805,884ba288a3fffff,894ba288a37ffff,8a4ba288a367fff,8b4ba288a360fff,99,行動中區營運處,彰化營運中心,
193,193+300.0,23.876923,120.5797,884ba288a3fffff,894ba288a37ffff,8a4ba288a377fff,8b4ba288a374fff,99,行動中區營運處,彰化營運中心,
193,193+400.0,23.876423,120.5789,884ba288a3fffff,894ba288a33ffff,8a4ba288a32ffff,8b4ba288a32bfff,99,行動中區營運處,彰化營運中心,
193,193+500.0,23.875924,120.5781,884ba288a3fffff,894ba288a33ffff,8a4ba288a307fff,8b4ba288a305fff,99,行動中區營運處,彰化營運中心,
193,193+600.0,23.875424,120.5773,884ba288a3fffff,894ba288a33ffff,8a4ba288a307fff,8b4ba288a306fff,99,行動中區營運處,彰化營運中心,
193,193+700.0,23.874924,120.5764,884ba288a3fffff,894ba288a33ffff,8a4ba288a04ffff,8b4ba288a049fff,99,行動中區營運處,彰化營運中心,
193,193+800.0,23.874424,120.5756,884ba288a1fffff,894ba288a07ffff,8a4ba288a04ffff,8b4ba288a04afff,99,行動中區營運處,彰化營運中心,
193,193+900.0,23.873925,120.5748,884ba288a1fffff,894ba288a07ffff,8a4ba288a05ffff,8b4ba288a05cfff,99,行動中區營運處,彰化營運中心,
194,194+000.0,23.873426,120.574,884ba288a1fffff,894ba288a07ffff,8a4ba288a057fff,8b4ba288a052fff,99,行動中區營運處,彰化營運中心,
194,194+100.0,23.872926,120.5732,884ba288a1fffff,894ba288a0fffff,8a4ba288a0e7fff,8b4ba288a0e0fff,99,行動中區營運處,彰化營運中心,
194,194+200.0,23.872426,120.5723,884ba288a1fffff,894ba288a0fffff,8a4ba288a0f7fff,8b4ba288a0f5fff,99,行動中區營運處,彰化營運中心,
194,194+300.0,23.871926,120.5715,884ba288a1fffff,894ba288a0bffff,8a4ba288a0affff,8b4ba288a0abfff,99,行動中區營運處,彰化營運中心,
194,194+400.0,23.871426,120.5707,884ba288a1fffff,894ba288a0bffff,8a4ba288a087fff,8b4ba288a085fff,99,行動中區營運處,彰化營運中心,
194,194+500.0,23.870927,120.5699,884ba288a1fffff,894ba288a0bffff,8a4ba288a087fff,8b4ba288a086fff,99,行動中區營運處,彰化營運中心,
194,194+600.0,23.870428,120.5691,884ba288a5fffff,894ba288a0bffff,8a4ba288a097fff,8b4ba288a549fff,99,行動中區營運處,彰化營運中心,
194,194+700.0,23.869928,120.5683,884ba288a5fffff,894ba288a57ffff,8a4ba288a54ffff,8b4ba288a54afff,99,行動中區營運處,彰化營運中心,
194,194+800.0,23.869428,120.5674,884ba288a5fffff,894ba288a57ffff,8a4ba288a55ffff,8b4ba288a55cfff,99,行動中區營運處,彰化營運中心,
194,194+900.0,23.868928,120.5666,884ba288a5fffff,894ba288a57ffff,8a4ba288a557fff,8b4ba288a553fff,99,行動中區營運處,彰化營運中心,
195,195+000.0,23.868428,120.5658,884ba288a5fffff,894ba288a43ffff,8a4ba288a427fff,8b4ba288a420fff,100,行動中區營運處,彰化營運中心,
195,195+100.0,23.867928,120.565,884ba288a5fffff,894ba288a43ffff,8a4ba288a437fff,8b4ba288a435fff,100,行動中區營運處,彰化營運中心,
195,195+200.0,23.867429,120.5642,884ba288a5fffff,894ba288a5bffff,8a4ba288a5affff,8b4ba288a5a9fff,100,行動中區營運處,彰化營運中心,
195,195+300.0,23.866929,120.5634,884ba288a5fffff,894ba288a5bffff,8a4ba288a587fff,8b4ba288a585fff,100,行動中區營運處,彰化營運中心,
195,195+303.4,23.866912,120.5633,884ba288a5fffff,894ba288a5bffff,8a4ba288a587fff,8b4ba288a585fff,100,行動中區營運處,彰化營運中心,
195,195+400.0,23.86643,120.5625,884ba288a5fffff,894ba288a5bffff,8a4ba288a587fff,8b4ba288a586fff,100,行動中區營運處,彰化營運中心,
195,195+500.0,23.865932,120.5617,884ba288a5fffff,894ba288a5bffff,8a4ba288a597fff,8b4ba288a594fff,100,行動中區營運處,彰化營運中心,
195,195+600.0,23.865438,120.5609,884ba289d3fffff,894ba289d2fffff,8a4ba289d2cffff,8b4ba289d2cafff,100,行動中區營運處,彰化營運中心,
195,195+653.4,23.865177,120.5604,884ba289d3fffff,894ba289d2fffff,8a4ba289d2dffff,8b4ba289d2ddfff,100,行動中區營運處,彰化營運中心,
195,195+700.0,23.864951,120.5601,884ba289d3fffff,894ba289d2fffff,8a4ba289d2dffff,8b4ba289d2dcfff,100,行動中區營運處,彰化營運中心,
195,195+800.0,23.864472,120.5592,884ba289d3fffff,894ba289d2fffff,8a4ba289d2d7fff,8b4ba289d2d3fff,100,行動中區營運處,彰化營運中心,
195,195+900.0,23.864001,120.5584,884ba289d3fffff,894ba289993ffff,8a4ba2899927fff,8b4ba2899920fff,100,行動中區營運處,彰化營運中心,
196,196+000.0,23.863537,120.5576,884ba289d3fffff,894ba289993ffff,8a4ba289d29ffff,8b4ba289d29bfff,100,行動中區營運處,彰化營運中心,
196,196+100.0,23.86308,120.5567,884ba289d7fffff,894ba289d67ffff,8a4ba289d66ffff,8b4ba289d669fff,100,行動中區營運處,彰化營運中心,
196,196+200.0,23.862633,120.5559,884ba289d7fffff,894ba289d67ffff,8a4ba289d66ffff,8b4ba289d66efff,100,行動中區營運處,彰化營運中心,
196,196+300.0,23.862192,120.555,884ba289d7fffff,894ba289d67ffff,8a4ba289d647fff,8b4ba289d644fff,100,行動中區營運處,彰化營運中心,
196,196+400.0,23.86176,120.5541,884ba289d7fffff,894ba289d67ffff,8a4ba289d677fff,8b4ba289d672fff,100,行動中區營運處,彰化營運中心,
196,196+500.0,23.861336,120.5533,884ba289d7fffff,894ba289d63ffff,8a4ba289d60ffff,8b4ba289d60cfff,100,行動中區營運處,彰化營運中心,
196,196+600.0,23.860919,120.5524,884ba289d7fffff,894ba289d63ffff,8a4ba289d607fff,8b4ba289d603fff,100,行動中區營運處,彰化營運中心,
196,196+700.0,23.860511,120.5515,884ba289d7fffff,894ba289d63ffff,8a4ba289d617fff,8b4ba289d615fff,100,行動中區營運處,彰化營運中心,
196,196+771.2,23.860225,120.5509,884ba289d7fffff,894ba289d63ffff,8a4ba289d78ffff,8b4ba289d789fff,100,行動中區營運處,彰化營運中心,
196,196+800.0,23.86011,120.5506,884ba289d7fffff,894ba289d7bffff,8a4ba289d78ffff,8b4ba289d78bfff,100,行動中區營運處,彰化營運中心,
196,196+900.0,23.859717,120.5498,884ba289d7fffff,894ba289d7bffff,8a4ba289d79ffff,8b4ba289d79dfff,100,行動中區營運處,彰化營運中心,
197,197+000.0,23.85933,120.5489,884ba289d7fffff,894ba289d7bffff,8a4ba289d797fff,8b4ba289d791fff,101,行動中區營運處,彰化營運中心,
197,197+100.0,23.858946,120.548,884ba289d7fffff,894ba2898b7ffff,8a4ba289d797fff,8b4ba2898b65fff,101,行動中區營運處,彰化營運中心,
197,197+121.2,23.858865,120.5478,884ba2898bfffff,894ba2898b7ffff,8a4ba2898b67fff,8b4ba2898b65fff,101,行動中區營運處,彰化營運中心,
197,197+200.0,23.858561,120.5471,884ba2898bfffff,894ba289d4fffff,8a4ba2898b67fff,8b4ba289d4d9fff,101,行動中區營運處,彰化營運中心,
197,197+300.0,23.858177,120.5462,884ba2898bfffff,894ba289d4fffff,8a4ba289d4dffff,8b4ba289d4dafff,101,行動中區營運處,彰化營運中心,
197,197+400.0,23.857792,120.5453,884ba2898bfffff,894ba2898b3ffff,8a4ba2898b2ffff,8b4ba2898b2cfff,101,行動中區營運處,彰化營運中心,
197,197+500.0,23.857408,120.5444,884ba2898bfffff,894ba2898b3ffff,8a4ba2898b27fff,8b4ba2898b20fff,101,行動中區營運處,彰化營運中心,
197,197+600.0,23.857024,120.5435,884ba2898bfffff,894ba2898b3ffff,8a4ba2898b37fff,8b4ba2898b34fff,101,行動中區營運處,彰化營運中心,
197,197+700.0,23.856639,120.5427,884ba28989fffff,894ba289887ffff,8a4ba289886ffff,8b4ba2898868fff,101,行動中區營運處,彰化營運中心,
197,197+800.0,23.856255,120.5418,884ba28989fffff,894ba289887ffff,8a4ba2898847fff,8b4ba2898845fff,101,行動中區營運處,彰化營運中心,
197,197+900.0,23.85587,120.5409,884ba28989fffff,894ba289887ffff,8a4ba2898877fff,8b4ba2898871fff,101,行動中區營運處,彰化營運中心,
197,197+956.0,23.855654,120.5404,884ba28989fffff,894ba289887ffff,8a4ba2898877fff,8b4ba2898870fff,101,行動中區營運處,彰化營運中心,
198,198+000.0,23.855485,120.54,884ba28989fffff,894ba289883ffff,8a4ba2898877fff,8b4ba2898876fff,101,行動中區營運處,彰化營運中心,
198,198+100.0,23.855102,120.5391,884ba28989fffff,894ba289883ffff,8a4ba2898807fff,8b4ba2898801fff,101,行動中區營運處,彰化營運中心,
198,198+200.0,23.854721,120.5382,884ba28989fffff,894ba289883ffff,8a4ba2898807fff,8b4ba2898806fff,101,行動中區營運處,彰化營運中心,
198,198+256.0,23.85451,120.5377,884ba28989fffff,894ba289883ffff,8a4ba2898817fff,8b4ba2898833fff,101,行動中區營運處,彰化營運中心,
198,198+300.0,23.854346,120.5373,884ba28989fffff,894ba289883ffff,8a4ba2898837fff,8b4ba2898814fff,101,行動中區營運處,彰化營運中心,
198,198+400.0,23.853978,120.5364,884ba28989fffff,894ba28989bffff,8a4ba289898ffff,8b4ba2898988fff,101,行動中區營運處,彰化營運中心,
198,198+500.0,23.853615,120.5355,884ba28989fffff,894ba28989bffff,8a4ba2898987fff,8b4ba2898983fff,101,行動中區營運處,彰化營運中心,
198,198+600.0,23.85326,120.5346,884ba28989fffff,894ba28989bffff,8a4ba2898997fff,8b4ba2898990fff,101,行動中區營運處,彰化營運中心,
198,198+700.0,23.852911,120.5337,884ba289c7fffff,894ba289c6fffff,8a4ba289c6cffff,8b4ba289c6cbfff,101,行動中區營運處,彰化營運中心,
198,198+800.0,23.85257,120.5328,884ba289c7fffff,894ba289c6fffff,8a4ba289c6dffff,8b4ba289c6ddfff,101,行動中區營運處,彰化營運中心,
198,198+900.0,23.852235,120.5319,884ba289c7fffff,894ba289c6fffff,8a4ba289c6d7fff,8b4ba289c6d1fff,101,行動中區營運處,彰化營運中心,
199,199+000.0,23.851906,120.531,884ba289c7fffff,894ba289c6fffff,8a4ba289c6d7fff,8b4ba289c6d6fff,102,行動中區營運處,彰化營運中心,
199,199+100.0,23.851584,120.5301,884ba289c7fffff,894ba289c6bffff,8a4ba289c69ffff,8b4ba289c699fff,102,行動中區營運處,彰化營運中心,
199,199+200.0,23.851269,120.5291,884ba289c7fffff,894ba289c6bffff,8a4ba289c69ffff,8b4ba289c69efff,102,行動中區營運處,彰化營運中心,
199,199+300.0,23.85096,120.5282,884ba289ebfffff,894ba289ea7ffff,8a4ba289c697fff,8b4ba289c692fff,102,行動中區營運處,彰化營運中心,
199,199+400.0,23.850659,120.5273,884ba289ebfffff,894ba289ea7ffff,8a4ba289ea67fff,8b4ba289ea64fff,102,行動中區營運處,彰化營運中心,
199,199+500.0,23.850364,120.5264,884ba289ebfffff,894ba289eb7ffff,8a4ba289eb5ffff,8b4ba289eb58fff,102,行動中區營運處,彰化營運中心,
199,199+600.0,23.850077,120.5254,884ba289ebfffff,894ba289eb7ffff,8a4ba289ea2ffff,8b4ba289ea2dfff,102,行動中區營運處,彰化營運中心,
199,199+700.0,23.849796,120.5245,884ba289ebfffff,894ba289ea3ffff,8a4ba289ea27fff,8b4ba289ea21fff,102,行動中區營運處,彰化營運中心,
199,199+800.0,23.849521,120.5236,884ba289ebfffff,894ba289ea3ffff,8a4ba289eb1ffff,8b4ba289ea26fff,102,行動中區營運處,彰化營運中心,
199,199+900.0,23.849255,120.5226,884ba289ebfffff,894ba289eb3ffff,8a4ba289eb1ffff,8b4ba289ebadfff,102,行動中區營運處,彰化營運中心,
200,200+000.0,23.848994,120.5217,884ba289ebfffff,894ba289ebbffff,8a4ba289eba7fff,8b4ba289eba1fff,102,行動中區營運處,彰化營運中心,
200,200+100.0,23.84874,120.5207,884ba289ebfffff,894ba289ebbffff,8a4ba289eba7fff,8b4ba289eba6fff,102,行動中區營運處,彰化營運中心,
200,200+200.0,23.848494,120.5198,884ba289e9fffff,894ba289e87ffff,8a4ba289e85ffff,8b4ba289e85afff,102,行動中區營運處,彰化營運中心,
200,200+300.0,23.848254,120.5189,884ba289e9fffff,894ba289e8fffff,8a4ba289e8effff,8b4ba289e8ecfff,102,行動中區營運處,彰化營運中心,
200,200+400.0,23.848022,120.5179,884ba289e9fffff,894ba289e8fffff,8a4ba289e8e7fff,8b4ba289e8e0fff,102,行動中區營運處,彰化營運中心,
200,200+500.0,23.847797,120.517,884ba289e9fffff,894ba289e83ffff,8a4ba289e81ffff,8b4ba289e81bfff,102,行動中區營運處,彰化營運中心,
200,200+600.0,23.847578,120.516,884ba289e9fffff,894ba289e83ffff,8a4ba289e8affff,8b4ba289e8adfff,102,行動中區營運處,彰化營運中心,
200,200+700.0,23.847366,120.515,884ba289e9fffff,894ba289e8bffff,8a4ba289e8a7fff,8b4ba289e8a1fff,102,行動中區營運處,彰化營運中心,
200,200+718.1,23.847329,120.5149,884ba289e9fffff,894ba289e8bffff,8a4ba289e8a7fff,8b4ba289e8a5fff,102,行動中區營運處,彰化營運中心,
200,200+800.0,23.847162,120.5141,884ba289e9fffff,894ba289e9bffff,8a4ba289e99ffff,8b4ba289e999fff,102,行動中區營運處,彰化營運中心,
200,200+900.0,23.846963,120.5131,884ba289e9fffff,894ba289e9bffff,8a4ba289e99ffff,8b4ba289e99efff,102,行動中區營運處,彰化營運中心,
201,201+000.0,23.846766,120.5122,884ba289e9fffff,894ba289e9bffff,8a4ba289e997fff,8b4ba289e992fff,103,行動中區營運處,彰化營運中心,
201,201+018.1,23.84673,120.512,884ba289e9fffff,894ba289ed7ffff,8a4ba289e997fff,8b4ba289e992fff,103,行動中區營運處,彰化營運中心,
201,201+100.0,23.84657,120.5112,884ba289edfffff,894ba28916fffff,8a4ba289ed67fff,8b4ba289ed64fff,103,行動中區營運處,彰化營運中心,
201,201+200.0,23.846373,120.5103,884ba28917fffff,894ba28916fffff,8a4ba28916dffff,8b4ba28916d8fff,103,行動中區營運處,彰化營運中心,
201,201+300.0,23.846177,120.5093,884ba28917fffff,894ba28916fffff,8a4ba28916d7fff,8b4ba28916d3fff,103,行動中區營運處,彰化營運中心,
201,201+400.0,23.845981,120.5083,884ba28917fffff,894ba28916bffff,8a4ba289ed27fff,8b4ba289168bfff,103,行動中區營運處,彰化營運中心,
201,201+500.0,23.845784,120.5074,884ba28917fffff,894ba28916bffff,8a4ba289169ffff,8b4ba289169dfff,103,行動中區營運處,彰化營運中心,
201,201+600.0,23.845588,120.5064,884ba28917fffff,894ba28916bffff,8a4ba2891697fff,8b4ba2891691fff,103,行動中區營運處,彰化營運中心,
201,201+700.0,23.845392,120.5055,884ba2893bfffff,894ba28916bffff,8a4ba2891697fff,8b4ba2891696fff,103,行動中區營運處,彰化營運中心,
201,201+800.0,23.845195,120.5045,884ba2893bfffff,894ba2893b7ffff,8a4ba2893b4ffff,8b4ba2893b4afff,103,行動中區營運處,彰化營運中心,
201,201+900.0,23.844999,120.5036,884ba2893bfffff,894ba2893b7ffff,8a4ba2893b5ffff,8b4ba2893b5cfff,103,行動中區營運處,彰化營運中心,
202,202+000.0,23.844803,120.5026,884ba2893bfffff,894ba2893b7ffff,8a4ba2893b57fff,8b4ba2893b54fff,103,行動中區營運處,彰化營運中心,
202,202+100.0,23.844607,120.5016,884ba2893bfffff,894ba2893b3ffff,8a4ba2893b0ffff,8b4ba2893b08fff,103,行動中區營運處,彰化營運中心,
202,202+200.0,23.844411,120.5007,884ba2893bfffff,894ba2893b3ffff,8a4ba2893b07fff,8b4ba2893b03fff,103,行動中區營運處,彰化營運中心,
202,202+300.0,23.844215,120.4997,884ba2893bfffff,894ba2893b3ffff,8a4ba2893b17fff,8b4ba2893b15fff,103,行動中區營運處,彰化營運中心,
202,202+400.0,23.844018,120.4988,884ba2893bfffff,894ba289387ffff,8a4ba289384ffff,8b4ba2893849fff,103,行動中區營運處,彰化營運中心,
202,202+500.0,23.843822,120.4978,884ba28939fffff,894ba289387ffff,8a4ba289384ffff,8b4ba289384efff,103,行動中區營運處,彰化營運中心,
202,202+600.0,23.843626,120.4968,884ba28939fffff,894ba289387ffff,8a4ba2893847fff,8b4ba2893842fff,103,行動中區營運處,彰化營運中心,
202,202+700.0,23.843429,120.4959,884ba28939fffff,894ba289387ffff,8a4ba2893877fff,8b4ba2893872fff,103,行動中區營運處,彰化營運中心,
202,202+800.0,23.843233,120.4949,884ba28939fffff,894ba289383ffff,8a4ba289380ffff,8b4ba289380cfff,103,行動中區營運處,彰化營運中心,
202,202+900.0,23.843037,120.494,884ba28939fffff,894ba289383ffff,8a4ba2893807fff,8b4ba2893800fff,103,行動中區營運處,彰化營運中心,
203,203+000.0,23.84284,120.493,884ba28939fffff,894ba289383ffff,8a4ba2893837fff,8b4ba2893833fff,104,行動中區營運處,彰化營運中心,
203,203+100.0,23.842644,120.4921,884ba28939fffff,894ba28939bffff,8a4ba289398ffff,8b4ba289398dfff,104,行動中區營運處,彰化營運中心,
203,203+200.0,23.842447,120.4911,884ba28939fffff,894ba28939bffff,8a4ba2893987fff,8b4ba2893981fff,104,行動中區營運處,彰化營運中心,
203,203+300.0,23.842251,120.4901,884ba28939fffff,894ba28939bffff,8a4ba28939b7fff,8b4ba28939b1fff,104,行動中區營運處,彰化營運中心,
203,203+400.0,23.842055,120.4892,884ba28907fffff,894ba28939bffff,8a4ba28939b7fff,8b4ba28939b6fff,104,行動中區營運處,彰化營運中心,
203,203+500.0,23.841858,120.4882,884ba28907fffff,894ba28906fffff,8a4ba28906effff,8b4ba28906eafff,104,行動中區營運處,彰化營運中心,
203,203+600.0,23.841662,120.4873,884ba28907fffff,894ba28906fffff,8a4ba28906c7fff,8b4ba28906c4fff,104,行動中區營運處,彰化營運中心,
203,203+700.0,23.841465,120.4863,884ba28907fffff,894ba28906fffff,8a4ba28906f7fff,8b4ba28906f0fff,104,行動中區營運處,彰化營運中心,
203,203+800.0,23.841269,120.4853,884ba28907fffff,894ba28906bffff,8a4ba28906affff,8b4ba28906abfff,104,行動中區營運處,彰化營運中心,
203,203+900.0,23.841073,120.4844,884ba28907fffff,894ba28906bffff,8a4ba2890687fff,8b4ba28906a3fff,104,行動中區營運處,彰化營運中心,
204,204+000.0,23.840876,120.4834,884ba28907fffff,894ba28906bffff,8a4ba28906b7fff,8b4ba28906b5fff,104,行動中區營運處,彰化營運中心,
204,204+100.0,23.84068,120.4825,884ba28907fffff,894ba2892b7ffff,8a4ba2892b6ffff,8b4ba2892b69fff,104,行動中區營運處,彰化營運中心,
204,204+172.9,23.840536,120.4818,884ba2892bfffff,894ba2892b7ffff,8a4ba2892b6ffff,8b4ba2892b68fff,104,行動中區營運處,彰化營運中心,
204,204+200.0,23.840483,120.4815,884ba2892bfffff,894ba2892b7ffff,8a4ba2892b6ffff,8b4ba2892b6efff,104,行動中區營運處,彰化營運中心,
204,204+300.0,23.840287,120.4806,884ba2892bfffff,894ba2892b7ffff,8a4ba2892b67fff,8b4ba2892b62fff,104,行動中區營運處,彰化營運中心,
204,204+400.0,23.840088,120.4796,884ba2892bfffff,894ba2892b7ffff,8a4ba2892b77fff,8b4ba2892b74fff,104,行動中區營運處,彰化營運中心,
204,204+500.0,23.839884,120.4786,884ba2892bfffff,894ba2892b3ffff,8a4ba2892b2ffff,8b4ba2892b28fff,104,行動中區營運處,彰化營運中心,
204,204+600.0,23.839671,120.4777,884ba2892bfffff,894ba2892b3ffff,8a4ba2892b27fff,8b4ba2892b20fff,104,行動中區營運處,彰化營運中心,
204,204+700.0,23.839446,120.4767,884ba28905fffff,894ba2892b3ffff,8a4ba289049ffff,8b4ba289049bfff,104,行動中區營運處,彰化營運中心,
204,204+722.9,23.839393,120.4765,884ba28905fffff,894ba2892b3ffff,8a4ba289049ffff,8b4ba289049bfff,104,行動中區營運處,彰化營運中心,
204,204+800.0,23.839207,120.4758,884ba28929fffff,894ba289287ffff,8a4ba289286ffff,8b4ba289286dfff,104,行動中區營運處,彰化營運中心,
204,204+900.0,23.838954,120.4748,884ba28929fffff,894ba289287ffff,8a4ba2892867fff,8b4ba2892861fff,104,行動中區營運處,彰化營運中心,
205,205+000.0,23.838688,120.4739,884ba28929fffff,894ba289287ffff,8a4ba2892867fff,8b4ba2892866fff,105,行動中區營運處,彰化營運中心,
205,205+100.0,23.838407,120.473,884ba28929fffff,894ba289297ffff,8a4ba289282ffff,8b4ba289295afff,105,行動中區營運處,彰化營運中心,
205,205+200.0,23.838113,120.472,884ba28929fffff,894ba289283ffff,8a4ba289282ffff,8b4ba289282efff,105,行動中區營運處,彰化營運中心,
205,205+300.0,23.837806,120.4711,884ba28929fffff,894ba289283ffff,8a4ba2892827fff,8b4ba2892822fff,105,行動中區營運處,彰化營運中心,
205,205+400.0,23.837485,120.4702,884ba28929fffff,894ba289283ffff,8a4ba2892837fff,8b4ba2892834fff,105,行動中區營運處,彰化營運中心,
205,205+500.0,23.83715,120.4693,884ba28929fffff,894ba28929bffff,8a4ba28929affff,8b4ba28929a8fff,105,行動中區營運處,彰化營運中心,
205,205+600.0,23.836802,120.4684,884ba28929fffff,894ba28929bffff,8a4ba2892987fff,8b4ba28929a3fff,105,行動中區營運處,彰化營運中心,
205,205+700.0,23.836441,120.4675,884ba28929fffff,894ba28929bffff,8a4ba28929b7fff,8b4ba28929b1fff,105,行動中區營運處,彰化營運中心,
205,205+800.0,23.836066,120.4666,884ba28967fffff,894ba28966fffff,8a4ba28966effff,8b4ba28966ebfff,105,行動中區營運處,彰化營運中心,
205,205+900.0,23.835679,120.4657,884ba28967fffff,894ba28966fffff,8a4ba28966c7fff,8b4ba28966c1fff,105,行動中區營運處,彰化營運中心,
206,206+000.0,23.835278,120.4648,884ba28967fffff,894ba28966fffff,8a4ba28966c7fff,8b4ba28966c6fff,105,行動中區營運處,彰化營運中心,
206,206+100.0,23.834865,120.464,884ba28967fffff,894ba28966fffff,8a4ba28966f7fff,8b4ba28966f2fff,105,行動中區營運處,彰化營運中心,
206,206+200.0,23.834438,120.4631,884ba28967fffff,894ba28966bffff,8a4ba289668ffff,8b4ba289668efff,105,行動中區營運處,彰化營運中心,
206,206+300.0,23.833999,120.4622,884ba28967fffff,894ba28966bffff,8a4ba289669ffff,8b4ba289669cfff,105,行動中區營運處,彰化營運中心,
206,206+400.0,23.833547,120.4614,884ba2c65bfffff,894ba28966bffff,8a4ba2896697fff,8b4ba2896690fff,105,行動中區營運處,彰化營運中心,
206,206+500.0,23.833083,120.4605,884ba2c65bfffff,894ba2c65a7ffff,8a4ba2c65a67fff,8b4ba2c65a65fff,105,行動中區營運處,彰化營運中心,
206,206+600.0,23.832607,120.4597,884ba2c65bfffff,894ba2c65b7ffff,8a4ba2c65b5ffff,8b4ba2c65b5bfff,105,行動中區營運處,彰化營運中心,
206,206+700.0,23.832118,120.4589,884ba2c65bfffff,894ba2c65a3ffff,8a4ba2c65a2ffff,8b4ba2c65a2dfff,105,行動中區營運處,彰化營運中心,
206,206+800.0,23.831618,120.4581,884ba2c65bfffff,894ba2c65a3ffff,8a4ba2c65a2ffff,8b4ba2c65a2efff,105,行動中區營運處,彰化營運中心,
206,206+900.0,23.831105,120.4573,884ba2c65bfffff,894ba2c65a3ffff,8a4ba2c65a37fff,8b4ba2c65a31fff,105,行動中區營運處,彰化營運中心,
207,207+000.0,23.83058,120.4565,884ba2c65bfffff,894ba2c65a3ffff,8a4ba2c65a37fff,8b4ba2c65a32fff,106,行動中區營運處,彰化營運中心,
207,207+100.0,23.830044,120.4557,884ba2c65bfffff,894ba2c65bbffff,8a4ba2c65b8ffff,8b4ba2c65b88fff,106,行動中區營運處,彰化營運中心,
207,207+200.0,23.829496,120.4549,884ba2c65bfffff,894ba2c65bbffff,8a4ba2c65b9ffff,8b4ba2c65b9cfff,106,行動中區營運處,彰化營運中心,
207,207+300.0,23.828937,120.4541,884ba2c65bfffff,894ba2c65bbffff,8a4ba2c65b97fff,8b4ba2c65b93fff,106,行動中區營運處,彰化營運中心,
207,207+400.0,23.828367,120.4534,884ba2c651fffff,894ba2c6517ffff,8a4ba2c65167fff,8b4ba2c65165fff,106,行動中區營運處,彰化營運中心,
207,207+500.0,23.827785,120.4526,884ba2c651fffff,894ba2c6517ffff,8a4ba2c65167fff,8b4ba2c65175fff,106,行動中區營運處,彰化營運中心,
207,207+600.0,23.827192,120.4519,884ba2c651fffff,894ba2c6513ffff,8a4ba2c65177fff,8b4ba2c65176fff,106,行動中區營運處,彰化營運中心,
207,207+700.0,23.826589,120.4511,884ba2c651fffff,894ba2c6513ffff,8a4ba2c6510ffff,8b4ba2c6510cfff,106,行動中區營運處,彰化營運中心,
207,207+800.0,23.825975,120.4504,884ba2c651fffff,894ba2c6513ffff,8a4ba2c65107fff,8b4ba2c65102fff,106,行動中區營運處,彰化營運中心,
207,207+900.0,23.825351,120.4497,884ba2c651fffff,894ba2c6513ffff,8a4ba2c65117fff,8b4ba2c65110fff,106,行動中區營運處,彰化營運中心,
208,208+000.0,23.824716,120.449,884ba2c651fffff,894ba2c651bffff,8a4ba2c651a7fff,8b4ba2c651a5fff,106,行動中區營運處,彰化營運中心,
208,208+100.0,23.824071,120.4483,884ba2c651fffff,894ba2c651bffff,8a4ba2c651b7fff,8b4ba2c651b5fff,106,行動中區營運處,雲林營運中心,
208,208+200.0,23.823415,120.4476,884ba2c65dfffff,894ba2c65cfffff,8a4ba2c651b7fff,8b4ba2c651b6fff,106,行動中區營運處,雲林營運中心,
208,208+300.0,23.82275,120.447,884ba2c65dfffff,894ba2c65cfffff,8a4ba2c65ccffff,8b4ba2c65cccfff,106,行動中區營運處,雲林營運中心,
208,208+400.0,23.822075,120.4463,884ba2c65dfffff,894ba2c65cfffff,8a4ba2c65cc7fff,8b4ba2c65cdcfff,106,行動中區營運處,雲林營運中心,
208,208+500.0,23.821391,120.4457,884ba2c65dfffff,894ba2c65cfffff,8a4ba2c65cd7fff,8b4ba2c65cd3fff,106,行動中區營運處,雲林營運中心,
208,208+600.0,23.820698,120.4451,884ba2c655fffff,894ba2c6553ffff,8a4ba2c65527fff,8b4ba2c65521fff,106,行動中區營運處,雲林營運中心,
208,208+700.0,23.819995,120.4444,884ba2c655fffff,894ba2c6553ffff,8a4ba2c65537fff,8b4ba2c65531fff,106,行動中區營運處,雲林營運中心,
208,208+800.0,23.819283,120.4438,884ba2c655fffff,894ba2c6553ffff,8a4ba2c65537fff,8b4ba2c65532fff,106,行動中區營運處,雲林營運中心,
208,208+900.0,23.818563,120.4433,884ba2c655fffff,894ba2c6427ffff,8a4ba2c6424ffff,8b4ba2c6424bfff,106,行動中區營運處,雲林營運中心,
209,209+000.0,23.817834,120.4427,884ba2c643fffff,894ba2c6427ffff,8a4ba2c6425ffff,8b4ba2c64259fff,107,行動中區營運處,雲林營運中心,
209,209+100.0,23.817097,120.4421,884ba2c643fffff,894ba2c642fffff,8a4ba2c642effff,8b4ba2c642e9fff,107,行動中區營運處,雲林營運中心,
209,209+200.0,23.81635,120.4416,884ba2c643fffff,894ba2c642fffff,8a4ba2c642effff,8b4ba2c642eafff,107,行動中區營運處,雲林營運中心,
209,209+300.0,23.815596,120.441,884ba2c643fffff,894ba2c642fffff,8a4ba2c642c7fff,8b4ba2c642c3fff,107,行動中區營運處,雲林營運中心,
209,209+400.0,23.814835,120.4405,884ba2c643fffff,894ba2c642fffff,8a4ba2c642d7fff,8b4ba2c642d3fff,107,行動中區營運處,雲林營運中心,
209,209+500.0,23.814066,120.44,884ba2c609fffff,894ba2c6093ffff,8a4ba2c6092ffff,8b4ba2c6092efff,107,行動中區營運處,雲林營運中心,
209,209+600.0,23.813288,120.4395,884ba2c609fffff,894ba2c6093ffff,8a4ba2c60907fff,8b4ba2c60904fff,107,行動中區營運處,雲林營運中心,
209,209+700.0,23.812505,120.439,884ba2c609fffff,894ba2c6093ffff,8a4ba2c60917fff,8b4ba2c60915fff,107,行動中區營運處,雲林營運中心,
209,209+800.0,23.811714,120.4385,884ba2c609fffff,894ba2c609bffff,8a4ba2c609a7fff,8b4ba2c609a5fff,107,行動中區營運處,雲林營運中心,
209,209+900.0,23.810916,120.4381,884ba2c609fffff,894ba2c609bffff,8a4ba2c609a7fff,8b4ba2c609a2fff,107,行動中區營運處,雲林營運中心,
210,210+000.0,23.81011,120.4376,884ba2c609fffff,894ba2c609bffff,8a4ba2c609b7fff,8b4ba2c609b0fff,107,行動中區營運處,雲林營運中心,
210,210+100.0,23.8093,120.4372,884ba2c647fffff,894ba2c646fffff,8a4ba2c646cffff,8b4ba2c646c9fff,107,行動中區營運處,雲林營運中心,
210,210+200.0,23.808482,120.4368,884ba2c60dfffff,894ba2c60d7ffff,8a4ba2c60d67fff,8b4ba2c60d64fff,107,行動中區營運處,雲林營運中心,
210,210+300.0,23.807659,120.4364,884ba2c60dfffff,894ba2c60d7ffff,8a4ba2c60d77fff,8b4ba2c60d74fff,107,行動中區營運處,雲林營運中心,
210,210+400.0,23.806829,120.436,884ba2c60dfffff,894ba2c60d3ffff,8a4ba2c60d0ffff,8b4ba2c60d0dfff,107,行動中區營運處,雲林營運中心,
210,210+500.0,23.805995,120.4356,884ba2c60dfffff,894ba2c60d3ffff,8a4ba2c60d0ffff,8b4ba2c60d0afff,107,行動中區營運處,雲林營運中心,
210,210+600.0,23.805154,120.4352,884ba2c60dfffff,894ba2c60c3ffff,8a4ba2c60d1ffff,8b4ba2c60d1bfff,107,行動中區營運處,雲林營運中心,
210,210+700.0,23.804309,120.4349,884ba2c60dfffff,894ba2c60dbffff,8a4ba2c60c37fff,8b4ba2c60c36fff,107,行動中區營運處,雲林營運中心,
210,210+800.0,23.803459,120.4346,884ba2c60dfffff,894ba2c60dbffff,8a4ba2c60d8ffff,8b4ba2c60d88fff,107,行動中區營運處,雲林營運中心,
210,210+900.0,23.802604,120.4342,884ba2c60dfffff,894ba2c60dbffff,8a4ba2c60d9ffff,8b4ba2c60d99fff,107,行動中區營運處,雲林營運中心,
211,211+000.0,23.801744,120.4339,884ba2c60dfffff,894ba2c60cbffff,8a4ba2c60cb7fff,8b4ba2c60cb6fff,108,行動中區營運處,雲林營運中心,
211,211+100.0,23.800879,120.4337,884ba2c663fffff,894ba2c6637ffff,8a4ba2c6634ffff,8b4ba2c66348fff,108,行動中區營運處,雲林營運中心,
211,211+200.0,23.800012,120.4334,884ba2c663fffff,894ba2c6637ffff,8a4ba2c6635ffff,8b4ba2c66359fff,108,行動中區營運處,雲林營運中心,
211,211+300.0,23.79914,120.4331,884ba2c663fffff,894ba2c6627ffff,8a4ba2c66277fff,8b4ba2c66274fff,108,行動中區營運處,雲林營運中心,
211,211+400.0,23.798264,120.4329,884ba2c663fffff,894ba2c6627ffff,8a4ba2c6620ffff,8b4ba2c66272fff,108,行動中區營運處,雲林營運中心,
211,211+456.5,23.797768,120.4328,884ba2c663fffff,894ba2c6623ffff,8a4ba2c6620ffff,8b4ba2c6620bfff,108,行動中區營運處,雲林營運中心,
211,211+500.0,23.797385,120.4327,884ba2c663fffff,894ba2c6623ffff,8a4ba2c6620ffff,8b4ba2c662e4fff,108,行動中區營運處,雲林營運中心,
211,211+600.0,23.796503,120.4325,884ba2c663fffff,894ba2c662fffff,8a4ba2c662e7fff,8b4ba2c662f5fff,108,行動中區營運處,雲林營運中心,
211,211+700.0,23.795618,120.4323,884ba2c663fffff,894ba2c662fffff,8a4ba2c662f7fff,8b4ba2c662f3fff,108,行動中區營運處,雲林營運中心,
211,211+800.0,23.794733,120.4321,884ba2c663fffff,894ba2c662fffff,8a4ba2c662d7fff,8b4ba2c662d6fff,108,行動中區營運處,雲林營運中心,
211,211+900.0,23.793845,120.4319,884ba2c629fffff,894ba2c6293ffff,8a4ba2c62927fff,8b4ba2c62920fff,108,行動中區營運處,雲林營運中心,
212,212+000.0,23.792958,120.4317,884ba2c629fffff,894ba2c6293ffff,8a4ba2c62907fff,8b4ba2c62906fff,108,行動中區營運處,雲林營運中心,
212,212+006.5,23.7929,120.4317,884ba2c629fffff,894ba2c6293ffff,8a4ba2c62907fff,8b4ba2c62906fff,108,行動中區營運處,雲林營運中心,
212,212+100.0,23.792071,120.4315,884ba2c629fffff,894ba2c6293ffff,8a4ba2c62917fff,8b4ba2c62910fff,108,行動中區營運處,雲林營運中心,
212,212+200.0,23.791183,120.4314,884ba2c629fffff,894ba2c629bffff,8a4ba2c629a7fff,8b4ba2c629a1fff,108,行動中區營運處,雲林營運中心,
212,212+300.0,23.790296,120.4312,884ba2c629fffff,894ba2c629bffff,8a4ba2c62987fff,8b4ba2c62980fff,108,行動中區營運處,雲林營運中心,
212,212+400.0,23.789409,120.431,884ba2c629fffff,894ba2c629bffff,8a4ba2c62997fff,8b4ba2c62991fff,108,行動中區營運處,雲林營運中心,
212,212+500.0,23.788521,120.4308,884ba2c629fffff,894ba2c62d7ffff,8a4ba2c62d6ffff,8b4ba2c62d6cfff,108,行動中區營運處,雲林營運中心,
212,212+600.0,23.787634,120.4306,884ba2c62dfffff,894ba2c62d7ffff,8a4ba2c62d47fff,8b4ba2c62d6afff,108,行動中區營運處,雲林營運中心,
212,212+700.0,23.786746,120.4304,884ba2c62dfffff,894ba2c62d7ffff,8a4ba2c62d5ffff,8b4ba2c62d5cfff,108,行動中區營運處,雲林營運中心,
212,212+800.0,23.785859,120.4303,884ba2c62dfffff,894ba2c62d7ffff,8a4ba2c62d5ffff,8b4ba2c62d5afff,108,行動中區營運處,雲林營運中心,
212,212+900.0,23.784972,120.4301,884ba2c62dfffff,894ba2c62c3ffff,8a4ba2c62c2ffff,8b4ba2c62c2bfff,108,行動中區營運處,雲林營運中心,
213,213+000.0,23.784083,120.4299,884ba2c62dfffff,894ba2c62c3ffff,8a4ba2c62c0ffff,8b4ba2c62c0efff,109,行動中區營運處,雲林營運中心,
213,213+100.0,23.783196,120.4297,884ba2c62dfffff,894ba2c62c3ffff,8a4ba2c62c1ffff,8b4ba2c62c1bfff,109,行動中區營運處,雲林營運中心,
213,213+200.0,23.782309,120.4295,884ba2c62dfffff,894ba2c62cbffff,8a4ba2c62cf7fff,8b4ba2c62cf6fff,109,行動中區營運處,雲林營運中心,
213,213+300.0,23.781421,120.4294,884ba2c62dfffff,894ba2c62cbffff,8a4ba2c62c8ffff,8b4ba2c62c88fff,109,行動中區營運處,雲林營運中心,
213,213+400.0,23.780534,120.4292,884ba2c62dfffff,894ba2c6253ffff,8a4ba2c62527fff,8b4ba2c62526fff,109,行動中區營運處,雲林營運中心,
213,213+500.0,23.779647,120.429,884ba2c625fffff,894ba2c6253ffff,8a4ba2c62537fff,8b4ba2c62530fff,109,行動中區營運處,雲林營運中心,
213,213+600.0,23.778759,120.4288,884ba2c625fffff,894ba2c6253ffff,8a4ba2c7524ffff,8b4ba2c75249fff,109,行動中區營運處,雲林營運中心,
213,213+700.0,23.777872,120.4286,884ba2c625fffff,894ba2c625bffff,8a4ba2c625a7fff,8b4ba2c625a5fff,109,行動中區營運處,雲林營運中心,
213,213+800.0,23.776985,120.4285,884ba2c625fffff,894ba2c625bffff,8a4ba2c625b7fff,8b4ba2c625b1fff,109,行動中區營運處,雲林營運中心,
213,213+900.0,23.776097,120.4283,884ba2c625fffff,894ba2c625bffff,8a4ba2c62597fff,8b4ba2c62595fff,109,行動中區營運處,雲林營運中心,
214,214+000.0,23.77521,120.4281,884ba2c625fffff,894ba2c7197ffff,8a4ba2c62597fff,8b4ba2c62592fff,109,行動中區營運處,雲林營運中心,
214,214+100.0,23.774322,120.4279,884ba2c719fffff,894ba2c7197ffff,8a4ba2c71967fff,8b4ba2c71963fff,109,行動中區營運處,雲林營運中心,
214,214+200.0,23.773435,120.4277,884ba2c719fffff,894ba2c7197ffff,8a4ba2c71947fff,8b4ba2c71942fff,109,行動中區營運處,雲林營運中心,
214,214+300.0,23.772548,120.4275,884ba2c719fffff,894ba2c7197ffff,8a4ba2c71957fff,8b4ba2c71953fff,109,行動中區營運處,雲林營運中心,
214,214+400.0,23.77166,120.4274,884ba2c719fffff,894ba2c7183ffff,8a4ba2c7182ffff,8b4ba2c7182efff,109,行動中區營運處,雲林營運中心,
214,214+500.0,23.770773,120.4272,884ba2c719fffff,894ba2c7183ffff,8a4ba2c71807fff,8b4ba2c71803fff,109,行動中區營運處,雲林營運中心,
214,214+600.0,23.769886,120.427,884ba2c719fffff,894ba2c7183ffff,8a4ba2c7181ffff,8b4ba2c7181efff,109,行動中區營運處,雲林營運中心,
214,214+700.0,23.768998,120.4268,884ba2c719fffff,894ba2c718bffff,8a4ba2c718affff,8b4ba2c718a8fff,109,行動中區營運處,雲林營運中心,
214,214+800.0,23.768111,120.4266,884ba2c719fffff,894ba2c718bffff,8a4ba2c7188ffff,8b4ba2c7188cfff,109,行動中區營運處,雲林營運中心,
214,214+900.0,23.767223,120.4265,884ba2c719fffff,894ba2c718bffff,8a4ba2c7189ffff,8b4ba2c7189dfff,109,行動中區營運處,雲林營運中心,
215,215+000.0,23.766336,120.4263,884ba2c711fffff,894ba2c7113ffff,8a4ba2c71137fff,8b4ba2c71134fff,110,行動中區營運處,雲林營運中心,
215,215+059.2,23.76581,120.4262,884ba2c711fffff,894ba2c71c7ffff,8a4ba2c71137fff,8b4ba2c71136fff,110,行動中區營運處,雲林營運中心,
215,215+100.0,23.765449,120.4261,884ba2c71dfffff,894ba2c71c7ffff,8a4ba2c71c4ffff,8b4ba2c71c4dfff,110,行動中區營運處,雲林營運中心,
215,215+200.0,23.764561,120.4259,884ba2c71dfffff,894ba2c71c7ffff,8a4ba2c71c4ffff,8b4ba2c71c4afff,110,行動中區營運處,雲林營運中心,
215,215+300.0,23.763674,120.4257,884ba2c71dfffff,894ba2c711bffff,8a4ba2c711b7fff,8b4ba2c711b5fff,110,行動中區營運處,雲林營運中心,
215,215+400.0,23.762788,120.4255,884ba2c71dfffff,894ba2c711bffff,8a4ba2c711b7fff,8b4ba2c711b2fff,110,行動中區營運處,雲林營運中心,
215,215+500.0,23.761905,120.4253,884ba2c71dfffff,894ba2c71cfffff,8a4ba2c71ccffff,8b4ba2c71ccbfff,110,行動中區營運處,雲林營運中心,
215,215+600.0,23.761023,120.4251,884ba2c715fffff,894ba2c7157ffff,8a4ba2c71567fff,8b4ba2c71566fff,110,行動中區營運處,雲林營運中心,
215,215+609.2,23.760943,120.4251,884ba2c715fffff,894ba2c7157ffff,8a4ba2c71567fff,8b4ba2c71562fff,110,行動中區營運處,雲林營運中心,
215,215+700.0,23.760146,120.4249,884ba2c715fffff,894ba2c7157ffff,8a4ba2c71577fff,8b4ba2c71573fff,110,行動中區營運處,雲林營運中心,
215,215+800.0,23.759271,120.4247,884ba2c715fffff,894ba2c7157ffff,8a4ba2c71557fff,8b4ba2c71556fff,110,行動中區營運處,雲林營運中心,
215,215+900.0,23.7584,120.4244,884ba2c715fffff,894ba2c7143ffff,8a4ba2c71427fff,8b4ba2c71420fff,110,行動中區營運處,雲林營運中心,
216,216+000.0,23.757534,120.4241,884ba2c715fffff,894ba2c7143ffff,8a4ba2c71437fff,8b4ba2c71431fff,110,行動中區營運處,雲林營運中心,
216,216+017.6,23.757381,120.4241,884ba2c715fffff,894ba2c7143ffff,8a4ba2c71437fff,8b4ba2c71431fff,110,行動中區營運處,雲林營運中心,
216,216+100.0,23.756671,120.4238,884ba2c715fffff,894ba2c7143ffff,8a4ba2c71417fff,8b4ba2c71414fff,110,行動中區營運處,雲林營運中心,
216,216+200.0,23.755813,120.4235,884ba2c715fffff,894ba2c714bffff,8a4ba2c714a7fff,8b4ba2c714a5fff,110,行動中區營運處,雲林營運中心,
216,216+300.0,23.754957,120.4232,884ba2c715fffff,894ba2c714bffff,8a4ba2c714a7fff,8b4ba2c714a2fff,110,行動中區營運處,雲林營運中心,
216,216+400.0,23.754105,120.4229,884ba2c715fffff,894ba2c714bffff,8a4ba2c71497fff,8b4ba2c714b3fff,110,行動中區營運處,雲林營運中心,
216,216+500.0,23.753253,120.4226,884ba2c739fffff,894ba2c714bffff,8a4ba2c71497fff,8b4ba2c71496fff,110,行動中區營運處,雲林營運中心,
216,216+567.6,23.752678,120.4223,884ba2c739fffff,894ba2c7387ffff,8a4ba2c73867fff,8b4ba2c73860fff,110,行動中區營運處,雲林營運中心,
216,216+600.0,23.752401,120.4222,884ba2c739fffff,894ba2c7387ffff,8a4ba2c73867fff,8b4ba2c73860fff,110,行動中區營運處,雲林營運中心,
216,216+700.0,23.75155,120.4219,884ba2c739fffff,894ba2c7387ffff,8a4ba2c73877fff,8b4ba2c73873fff,110,行動中區營運處,雲林營運中心,
216,216+800.0,23.750698,120.4216,884ba2c739fffff,894ba2c7387ffff,8a4ba2c73857fff,8b4ba2c73856fff,110,行動中區營運處,雲林營運中心,
216,216+900.0,23.749847,120.4213,884ba2c739fffff,894ba2c738fffff,8a4ba2c738e7fff,8b4ba2c738e0fff,110,行動中區營運處,雲林營運中心,
217,217+000.0,23.748996,120.4209,884ba2c739fffff,894ba2c738fffff,8a4ba2c738f7fff,8b4ba2c738f1fff,111,行動中區營運處,雲林營運中心,
217,217+100.0,23.748144,120.4206,884ba2c739fffff,894ba2c738fffff,8a4ba2c738d7fff,8b4ba2c738d4fff,111,行動中區營運處,雲林營運中心,
217,217+200.0,23.747292,120.4203,884ba2c739fffff,894ba2c7313ffff,8a4ba2c73127fff,8b4ba2c73125fff,111,行動中區營運處,雲林營運中心,
217,217+300.0,23.74644,120.4199,884ba2c731fffff,894ba2c7313ffff,8a4ba2c73127fff,8b4ba2c73122fff,111,行動中區營運處,雲林營運中心,
217,217+400.0,23.745589,120.4196,884ba2c731fffff,894ba2c7313ffff,8a4ba2c73137fff,8b4ba2c73133fff,111,行動中區營運處,雲林營運中心,
217,217+500.0,23.744738,120.4193,884ba2c731fffff,894ba2c7313ffff,8a4ba2c73117fff,8b4ba2c73116fff,111,行動中區營運處,雲林營運中心,
217,217+600.0,23.743886,120.419,884ba2c731fffff,894ba2c731bffff,8a4ba2c731a7fff,8b4ba2c731a0fff,111,行動中區營運處,雲林營運中心,
217,217+700.0,23.743035,120.4186,884ba2c731fffff,894ba2c731bffff,8a4ba2c731b7fff,8b4ba2c731b1fff,111,行動中區營運處,雲林營運中心,
217,217+800.0,23.742183,120.4183,884ba2c731fffff,894ba2c731bffff,8a4ba2c73197fff,8b4ba2c73194fff,111,行動中區營運處,雲林營運中心,
217,217+900.0,23.741331,120.418,884ba2c735fffff,894ba2c7357ffff,8a4ba2c73567fff,8b4ba2c73565fff,111,行動中區營運處,雲林營運中心,
218,218+000.0,23.740479,120.4177,884ba2c735fffff,894ba2c7357ffff,8a4ba2c73577fff,8b4ba2c73571fff,111,行動中區營運處,雲林營運中心,
218,218+100.0,23.739629,120.4173,884ba2c735fffff,894ba2c7357ffff,8a4ba2c73557fff,8b4ba2c73554fff,111,行動中區營運處,雲林營運中心,
218,218+200.0,23.738777,120.417,884ba2c735fffff,894ba2c7343ffff,8a4ba2c73427fff,8b4ba2c73425fff,111,行動中區營運處,雲林營運中心,
218,218+300.0,23.737925,120.4167,884ba2c735fffff,894ba2c7343ffff,8a4ba2c73427fff,8b4ba2c73422fff,111,行動中區營運處,雲林營運中心,
218,218+400.0,23.737074,120.4164,884ba2c735fffff,894ba2c7343ffff,8a4ba2c73437fff,8b4ba2c73433fff,111,行動中區營運處,雲林營運中心,
218,218+500.0,23.736222,120.416,884ba2c735fffff,894ba2c7343ffff,8a4ba2c73417fff,8b4ba2c73416fff,111,行動中區營運處,雲林營運中心,
218,218+600.0,23.73537,120.4157,884ba2c735fffff,894ba2c734bffff,8a4ba2c734a7fff,8b4ba2c734a0fff,111,行動中區營運處,雲林營運中心,
218,218+700.0,23.734519,120.4154,884ba2c735fffff,894ba2c734bffff,8a4ba2c734b7fff,8b4ba2c734b1fff,111,行動中區營運處,雲林營運中心,
218,218+800.0,23.733668,120.4151,884ba2c549fffff,894ba2c734bffff,8a4ba2c73497fff,8b4ba2c73494fff,111,行動中區營運處,雲林營運中心,
218,218+900.0,23.732816,120.4147,884ba2c549fffff,894ba2c5487ffff,8a4ba2c54867fff,8b4ba2c54865fff,111,行動中區營運處,雲林營運中心,
219,219+000.0,23.731964,120.4144,884ba2c549fffff,894ba2c5487ffff,8a4ba2c54877fff,8b4ba2c54862fff,112,行動中區營運處,雲林營運中心,
219,219+100.0,23.731113,120.4141,884ba2c549fffff,894ba2c5487ffff,8a4ba2c54877fff,8b4ba2c54872fff,112,行動中區營運處,雲林營運中心,
219,219+200.0,23.730261,120.4138,884ba2c549fffff,894ba2c5483ffff,8a4ba2c5480ffff,8b4ba2c5480bfff,112,行動中區營運處,雲林營運中心,
219,219+300.0,23.729409,120.4134,884ba2c549fffff,894ba2c548fffff,8a4ba2c548e7fff,8b4ba2c548e6fff,112,行動中區營運處,雲林營運中心,
219,219+400.0,23.728558,120.4131,884ba2c549fffff,894ba2c548fffff,8a4ba2c548f7fff,8b4ba2c548f0fff,112,行動中區營運處,雲林營運中心,
219,219+500.0,23.727707,120.4128,884ba2c549fffff,894ba2c548fffff,8a4ba2c548d7fff,8b4ba2c548d6fff,112,行動中區營運處,雲林營運中心,
219,219+600.0,23.726855,120.4124,884ba2c549fffff,894ba2c5413ffff,8a4ba2c54127fff,8b4ba2c54120fff,112,行動中區營運處,雲林營運中心,
219,219+700.0,23.726003,120.4121,884ba2c541fffff,894ba2c5413ffff,8a4ba2c54137fff,8b4ba2c54131fff,112,行動中區營運處,雲林營運中心,
219,219+800.0,23.725152,120.4118,884ba2c541fffff,894ba2c5413ffff,8a4ba2c54117fff,8b4ba2c54114fff,112,行動中區營運處,雲林營運中心,
219,219+838.0,23.724828,120.4117,884ba2c541fffff,894ba2c5413ffff,8a4ba2c54c4ffff,8b4ba2c54c49fff,112,行動中區營運處,雲林營運中心,
219,219+900.0,23.7243,120.4115,884ba2c541fffff,894ba2c541bffff,8a4ba2c541a7fff,8b4ba2c541a5fff,112,行動中區營運處,雲林營運中心,
220,220+000.0,23.723448,120.4111,884ba2c541fffff,894ba2c541bffff,8a4ba2c541a7fff,8b4ba2c541b5fff,112,行動中區營運處,雲林營運中心,
220,220+100.0,23.722598,120.4108,884ba2c541fffff,894ba2c541bffff,8a4ba2c541b7fff,8b4ba2c541b2fff,112,行動中區營運處,雲林營運中心,
220,220+200.0,23.72175,120.4105,884ba2c54dfffff,894ba2c54cfffff,8a4ba2c54ccffff,8b4ba2c54ccbfff,112,行動中區營運處,雲林營運中心,
220,220+300.0,23.720906,120.4101,884ba2c545fffff,894ba2c5457ffff,8a4ba2c54567fff,8b4ba2c54566fff,112,行動中區營運處,雲林營運中心,
220,220+388.0,23.720168,120.4098,884ba2c545fffff,894ba2c5457ffff,8a4ba2c54577fff,8b4ba2c54570fff,112,行動中區營運處,雲林營運中心,
220,220+400.0,23.720066,120.4098,884ba2c545fffff,894ba2c5457ffff,8a4ba2c54577fff,8b4ba2c54570fff,112,行動中區營運處,雲林營運中心,
220,220+500.0,23.719232,120.4094,884ba2c545fffff,894ba2c5453ffff,8a4ba2c5450ffff,8b4ba2c54509fff,112,行動中區營運處,雲林營運中心,
220,220+600.0,23.718404,120.409,884ba2c545fffff,894ba2c5453ffff,8a4ba2c54427fff,8b4ba2c54424fff,112,行動中區營運處,雲林營運中心,
220,220+700.0,23.717581,120.4086,884ba2c545fffff,894ba2c5443ffff,8a4ba2c54437fff,8b4ba2c54435fff,112,行動中區營運處,雲林營運中心,
220,220+800.0,23.716764,120.4082,884ba2c545fffff,894ba2c545bffff,8a4ba2c5458ffff,8b4ba2c5458dfff,112,行動中區營運處,雲林營運中心,
220,220+900.0,23.715955,120.4077,884ba2c545fffff,894ba2c545bffff,8a4ba2c5458ffff,8b4ba2c5458afff,112,行動中區營運處,雲林營運中心,
221,221+000.0,23.71515,120.4073,884ba2c545fffff,894ba2c545bffff,8a4ba2c5459ffff,8b4ba2c5459bfff,113,行動中區營運處,雲林營運中心,
221,221+100.0,23.714354,120.4068,884ba2c545fffff,894ba2c5697ffff,8a4ba2c5696ffff,8b4ba2c56969fff,113,行動中區營運處,雲林營運中心,
221,221+200.0,23.713563,120.4064,884ba2c569fffff,894ba2c5697ffff,8a4ba2c5694ffff,8b4ba2c5694cfff,113,行動中區營運處,雲林營運中心,
221,221+300.0,23.71278,120.4059,884ba2c569fffff,894ba2c5697ffff,8a4ba2c5695ffff,8b4ba2c5695cfff,113,行動中區營運處,雲林營運中心,
221,221+400.0,23.712004,120.4054,884ba2c569fffff,894ba2c5697ffff,8a4ba2c5682ffff,8b4ba2c5682dfff,113,行動中區營運處,雲林營運中心,
221,221+500.0,23.711235,120.4049,884ba2c569fffff,894ba2c5683ffff,8a4ba2c5682ffff,8b4ba2c5682efff,113,行動中區營運處,雲林營運中心,
221,221+552.3,23.710836,120.4046,884ba2c569fffff,894ba2c5683ffff,8a4ba2c56807fff,8b4ba2c56805fff,113,行動中區營運處,雲林營運中心,
221,221+600.0,23.710475,120.4043,884ba2c569fffff,894ba2c5683ffff,8a4ba2c56807fff,8b4ba2c56800fff,113,行動中區營運處,雲林營運中心,
221,221+700.0,23.709722,120.4038,884ba2c569fffff,894ba2c5683ffff,8a4ba2c56817fff,8b4ba2c56810fff,113,行動中區營運處,雲林營運中心,
221,221+800.0,23.708975,120.4032,884ba2c569fffff,894ba2c568bffff,8a4ba2c568a7fff,8b4ba2c568a5fff,113,行動中區營運處,雲林營運中心,
221,221+900.0,23.708234,120.4027,884ba2c569fffff,894ba2c568bffff,8a4ba2c568a7fff,8b4ba2c568a2fff,113,行動中區營運處,雲林營運中心,
222,222+000.0,23.707494,120.4021,884ba2c569fffff,894ba2c568bffff,8a4ba2c568b7fff,8b4ba2c568b2fff,113,行動中區營運處,雲林營運中心,
222,222+100.0,23.706756,120.4016,884ba2c56dfffff,894ba2c56d7ffff,8a4ba2c56d4ffff,8b4ba2c56d48fff,113,行動中區營運處,雲林營運中心,
222,222+102.3,23.706739,120.4015,884ba2c56dfffff,894ba2c56d7ffff,8a4ba2c56d4ffff,8b4ba2c56d48fff,113,行動中區營運處,雲林營運中心,
222,222+200.0,23.706017,120.401,884ba2c56dfffff,894ba2c56d7ffff,8a4ba2c56d5ffff,8b4ba2c56d59fff,113,行動中區營運處,雲林營運中心,
222,222+300.0,23.705279,120.4004,884ba2c56dfffff,894ba2c56d7ffff,8a4ba2c56c2ffff,8b4ba2c56d5afff,113,行動中區營運處,雲林營運中心,
222,222+400.0,23.704541,120.3999,884ba2c56dfffff,894ba2c56c3ffff,8a4ba2c56c2ffff,8b4ba2c56c2afff,113,行動中區營運處,雲林營運中心,
222,222+500.0,23.703802,120.3993,884ba2c56dfffff,894ba2c56c3ffff,8a4ba2c56c07fff,8b4ba2c56c00fff,113,行動中區營運處,雲林營運中心,
222,222+600.0,23.703064,120.3987,884ba2c56dfffff,894ba2c56c3ffff,8a4ba2c56c17fff,8b4ba2c56c11fff,113,行動中區營運處,雲林營運中心,
222,222+700.0,23.702325,120.3982,884ba2c56dfffff,894ba2c56cbffff,8a4ba2c56ca7fff,8b4ba2c56ca1fff,113,行動中區營運處,雲林營運中心,
222,222+800.0,23.701586,120.3976,884ba2c56dfffff,894ba2c56cbffff,8a4ba2c56ca7fff,8b4ba2c56ca2fff,113,行動中區營運處,雲林營運中心,
222,222+900.0,23.700848,120.397,884ba2c56dfffff,894ba2c56cbffff,8a4ba2c56cb7fff,8b4ba2c56cb3fff,113,行動中區營運處,雲林營運中心,
223,223+000.0,23.700109,120.3965,884ba2c0b3fffff,894ba2c0b37ffff,8a4ba2c0b34ffff,8b4ba2c0b34bfff,114,行動中區營運處,雲林營運中心,
223,223+100.0,23.699371,120.3959,884ba2c0b3fffff,894ba2c0b37ffff,8a4ba2c0b35ffff,8b4ba2c0b359fff,114,行動中區營運處,雲林營運中心,
223,223+200.0,23.698633,120.3953,884ba2c0b3fffff,894ba2c0b37ffff,8a4ba2c0b35ffff,8b4ba2c0b35afff,114,行動中區營運處,雲林營運中心,
223,223+300.0,23.697894,120.3948,884ba2c0b3fffff,894ba2c0b23ffff,8a4ba2c0b22ffff,8b4ba2c0b22bfff,114,行動中區營運處,雲林營運中心,
223,223+400.0,23.697156,120.3942,884ba2c0b3fffff,894ba2c0b23ffff,8a4ba2c0b207fff,8b4ba2c0b203fff,114,行動中區營運處,雲林營運中心,
223,223+500.0,23.696417,120.3937,884ba2c0b3fffff,894ba2c0b23ffff,8a4ba2c0b217fff,8b4ba2c0b211fff,114,行動中區營運處,雲林營運中心,
223,223+600.0,23.695679,120.3931,884ba2c0b3fffff,894ba2c0b2bffff,8a4ba2c0b2affff,8b4ba2c0b2acfff,114,行動中區營運處,雲林營運中心,
223,223+700.0,23.694941,120.3925,884ba2c0b3fffff,894ba2c0b2bffff,8a4ba2c0b2a7fff,8b4ba2c0b284fff,114,行動中區營運處,雲林營運中心,
223,223+800.0,23.694202,120.392,884ba2c0b3fffff,894ba2c0b2bffff,8a4ba2c0b2b7fff,8b4ba2c0b2b3fff,114,行動中區營運處,雲林營運中心,
223,223+900.0,23.693464,120.3914,884ba2c0b7fffff,894ba2c0b2bffff,8a4ba2c0b74ffff,8b4ba2c0b296fff,114,行動中區營運處,雲林營運中心,
224,224+000.0,23.692725,120.3908,884ba2c0b7fffff,894ba2c0b77ffff,8a4ba2c0b667fff,8b4ba2c0b759fff,114,行動中區營運處,雲林營運中心,
224,224+100.0,23.691986,120.3903,884ba2c0b7fffff,894ba2c0b67ffff,8a4ba2c0b677fff,8b4ba2c0b674fff,114,行動中區營運處,雲林營運中心,
224,224+200.0,23.691248,120.3897,884ba2c0b7fffff,894ba2c0b63ffff,8a4ba2c0b62ffff,8b4ba2c0b62bfff,114,行動中區營運處,雲林營運中心,
224,224+300.0,23.690509,120.3891,884ba2c0b7fffff,894ba2c0b63ffff,8a4ba2c0b607fff,8b4ba2c0b603fff,114,行動中區營運處,雲林營運中心,
224,224+400.0,23.689771,120.3886,884ba2c0b7fffff,894ba2c0b63ffff,8a4ba2c0b61ffff,8b4ba2c0b61efff,114,行動中區營運處,雲林營運中心,
224,224+500.0,23.689033,120.388,884ba2c0b7fffff,894ba2c0b6bffff,8a4ba2c0b6affff,8b4ba2c0b6acfff,114,行動中區營運處,雲林營運中心,
224,224+600.0,23.688294,120.3874,884ba2c0b7fffff,894ba2c0b6bffff,8a4ba2c0b687fff,8b4ba2c0b684fff,114,行動中區營運處,雲林營運中心,
224,224+700.0,23.687556,120.3869,884ba2c0b7fffff,894ba2c0b6bffff,8a4ba2c0b697fff,8b4ba2c0b695fff,114,行動中區營運處,雲林營運中心,
224,224+800.0,23.686817,120.3863,884ba2ce4bfffff,894ba2c0b6bffff,8a4ba2c0b697fff,8b4ba2c0b696fff,114,行動中區營運處,雲林營運中心,
224,224+900.0,23.686079,120.3858,884ba2ce4bfffff,894ba2ce4a7ffff,8a4ba2ce4a67fff,8b4ba2ce4a64fff,114,行動中區營運處,雲林營運中心,
225,225+000.0,23.68534,120.3852,884ba2ce4bfffff,894ba2ce4a7ffff,8a4ba2ce4a77fff,8b4ba2ce4a74fff,115,行動中區營運處,雲林營運中心,
225,225+100.0,23.684601,120.3846,884ba2ce4bfffff,894ba2ce4a3ffff,8a4ba2ce4a0ffff,8b4ba2ce4a0dfff,115,行動中區營運處,雲林營運中心,
225,225+200.0,23.683863,120.3841,884ba2ce4bfffff,894ba2ce4a3ffff,8a4ba2ce4a0ffff,8b4ba2ce4a0efff,115,行動中區營運處,雲林營運中心,
225,225+300.0,23.683125,120.3835,884ba2ce4bfffff,894ba2ce4a3ffff,8a4ba2ce4a1ffff,8b4ba2ce4a1efff,115,行動中區營運處,雲林營運中心,
225,225+400.0,23.682386,120.3829,884ba2ce4bfffff,894ba2ce4abffff,8a4ba2ce4aaffff,8b4ba2ce4aa8fff,115,行動中區營運處,雲林營運中心,
225,225+500.0,23.681648,120.3824,884ba2ce4bfffff,894ba2ce4abffff,8a4ba2ce4a87fff,8b4ba2ce4a85fff,115,行動中區營運處,雲林營運中心,
225,225+600.0,23.680909,120.3818,884ba2ce4bfffff,894ba2ce4abffff,8a4ba2ce4a87fff,8b4ba2ce4a95fff,115,行動中區營運處,雲林營運中心,
225,225+700.0,23.680171,120.3812,884ba2ce41fffff,894ba2ce4abffff,8a4ba2ce4a97fff,8b4ba2ce4a96fff,115,行動中區營運處,雲林營運中心,
225,225+800.0,23.679432,120.3807,884ba2ce41fffff,894ba2ce407ffff,8a4ba2ce4067fff,8b4ba2ce4060fff,115,行動中區營運處,雲林營運中心,
225,225+900.0,23.678693,120.3801,884ba2ce41fffff,894ba2ce407ffff,8a4ba2ce4077fff,8b4ba2ce4075fff,115,行動中區營運處,雲林營運中心,
226,226+000.0,23.677955,120.3795,884ba2ce41fffff,894ba2ce403ffff,8a4ba2ce400ffff,8b4ba2ce400dfff,115,行動中區營運處,雲林營運中心,
226,226+100.0,23.677217,120.379,884ba2ce41fffff,894ba2ce403ffff,8a4ba2ce400ffff,8b4ba2ce400afff,115,行動中區營運處,雲林營運中心,
226,226+200.0,23.676478,120.3784,884ba2ce41fffff,894ba2ce403ffff,8a4ba2ce401ffff,8b4ba2ce4018fff,115,行動中區營運處,雲林營運中心,
226,226+300.0,23.67574,120.3779,884ba2ce41fffff,894ba2ce40bffff,8a4ba2ce40affff,8b4ba2ce40a8fff,115,行動中區營運處,雲林營運中心,
226,226+400.0,23.675001,120.3773,884ba2ce41fffff,894ba2ce40bffff,8a4ba2ce4087fff,8b4ba2ce4081fff,115,行動中區營運處,雲林營運中心,
226,226+500.0,23.674263,120.3767,884ba2ce41fffff,894ba2ce40bffff,8a4ba2ce4087fff,8b4ba2ce4082fff,115,行動中區營運處,雲林營運中心,
226,226+600.0,23.673524,120.3762,884ba2ce45fffff,894ba2ce40bffff,8a4ba2ce4097fff,8b4ba2ce4090fff,115,行動中區營運處,雲林營運中心,
226,226+700.0,23.672785,120.3756,884ba2ce45fffff,894ba2ce447ffff,8a4ba2ce4467fff,8b4ba2ce4460fff,115,行動中區營運處,雲林營運中心,
226,226+800.0,23.672047,120.375,884ba2ce45fffff,894ba2ce447ffff,8a4ba2ce4477fff,8b4ba2ce4471fff,115,行動中區營運處,雲林營運中心,
226,226+900.0,23.671308,120.3745,884ba2ce45fffff,894ba2ce447ffff,8a4ba2ce4477fff,8b4ba2ce4472fff,115,行動中區營運處,雲林營運中心,
227,227+000.0,23.67057,120.3739,884ba2ce45fffff,894ba2ce443ffff,8a4ba2ce440ffff,8b4ba2ce440afff,116,行動中區營運處,雲林營運中心,
227,227+100.0,23.6698302,120.3733,884ba2ce45fffff,894ba2ce443ffff,8a4ba2ce441ffff,8b4ba2ce441bfff,116,行動中區營運處,雲林營運中心,
227,227+200.0,23.669093,120.3728,884ba2ce45fffff,894ba2ce44bffff,8a4ba2ce44affff,8b4ba2ce44a9fff,116,行動中區營運處,雲林營運中心,
227,227+300.0,23.668354,120.3722,884ba2ce45fffff,894ba2ce44bffff,8a4ba2ce4487fff,8b4ba2ce4481fff,116,行動中區營運處,雲林營運中心,
227,227+400.0,23.667616,120.3717,884ba2ce45fffff,894ba2ce44bffff,8a4ba2ce4487fff,8b4ba2ce4482fff,116,行動中區營運處,雲林營運中心,
227,227+500.0,23.666877,120.3711,884ba2ce69fffff,894ba2ce44bffff,8a4ba2ce4497fff,8b4ba2ce4493fff,116,行動中區營運處,雲林營運中心,
227,227+600.0,23.666139,120.3705,884ba2ce69fffff,894ba2ce687ffff,8a4ba2ce6867fff,8b4ba2ce6861fff,116,行動中區營運處,雲林營運中心,
227,227+700.0,23.6654,120.37,884ba2ce69fffff,894ba2ce687ffff,8a4ba2ce6877fff,8b4ba2ce6871fff,116,行動中區營運處,雲林營運中心,
227,227+800.0,23.664662,120.3694,884ba2ce69fffff,894ba2ce687ffff,8a4ba2ce6857fff,8b4ba2ce6854fff,116,行動中區營運處,雲林營運中心,
227,227+900.0,23.663923,120.3688,884ba2ce69fffff,894ba2ce683ffff,8a4ba2ce680ffff,8b4ba2ce680bfff,116,行動中區營運處,雲林營運中心,
228,228+000.0,23.663184,120.3683,884ba2ce69fffff,894ba2ce68fffff,8a4ba2ce681ffff,8b4ba2ce681bfff,116,行動中區營運處,雲林營運中心,
228,228+100.0,23.662446,120.3677,884ba2ce69fffff,894ba2ce68bffff,8a4ba2ce68f7fff,8b4ba2ce68a9fff,116,行動中區營運處,雲林營運中心,
228,228+200.0,23.661707,120.3671,884ba2ce69fffff,894ba2ce68bffff,8a4ba2ce688ffff,8b4ba2ce688cfff,116,行動中區營運處,雲林營運中心,
228,228+300.0,23.660969,120.3666,884ba2ce69fffff,894ba2ce68bffff,8a4ba2ce689ffff,8b4ba2ce689cfff,116,行動中區營運處,雲林營運中心,
228,228+400.0,23.66023,120.366,884ba2ce6dfffff,894ba2ce68bffff,8a4ba2ce6897fff,8b4ba2ce6893fff,116,行動中區營運處,雲林營運中心,
228,228+500.0,23.659491,120.3654,884ba2ce6dfffff,894ba2ce6c7ffff,8a4ba2ce6c6ffff,8b4ba2ce6c6efff,116,行動中區營運處,雲林營運中心,
228,228+600.0,23.658753,120.3649,884ba2ce6dfffff,894ba2ce6c7ffff,8a4ba2ce6c47fff,8b4ba2ce6c44fff,116,行動中區營運處,雲林營運中心,
228,228+700.0,23.658015,120.3643,884ba2ce6dfffff,894ba2ce6c7ffff,8a4ba2ce6c57fff,8b4ba2ce6c54fff,116,行動中區營運處,雲林營運中心,
228,228+800.0,23.657276,120.3638,884ba2ce6dfffff,894ba2ce6cfffff,8a4ba2ce6ce7fff,8b4ba2ce6ce5fff,116,行動中區營運處,雲林營運中心,
228,228+900.0,23.656538,120.3632,884ba2ce6dfffff,894ba2ce6cfffff,8a4ba2ce6ce7fff,8b4ba2ce6ce6fff,116,行動中區營運處,雲林營運中心,
229,229+000.0,23.655798,120.3626,884ba2ce6dfffff,894ba2ce6cfffff,8a4ba2ce6cf7fff,8b4ba2ce6cf6fff,117,行動中區營運處,雲林營運中心,
229,229+100.0,23.65506,120.3621,884ba2ce6dfffff,894ba2ce6cbffff,8a4ba2ce6c8ffff,8b4ba2ce6c8cfff,117,行動中區營運處,雲林營運中心,
229,229+200.0,23.654322,120.3615,884ba2ce6dfffff,894ba2ce6cbffff,8a4ba2ce6c9ffff,8b4ba2ce6c9dfff,117,行動中區營運處,雲林營運中心,
229,229+300.0,23.653583,120.3609,884ba2ce6dfffff,894ba2ce6cbffff,8a4ba2ce6c9ffff,8b4ba2ce6c9efff,117,行動中區營運處,雲林營運中心,
229,229+400.0,23.652845,120.3604,884ba2c1b3fffff,894ba2c1b27ffff,8a4ba2c1b26ffff,8b4ba2c1b26efff,117,行動中區營運處,雲林營運中心,
229,229+500.0,23.652105,120.3598,884ba2c1b3fffff,894ba2c1b27ffff,8a4ba2c1b247fff,8b4ba2c1b240fff,117,行動中區營運處,雲林營運中心,
229,229+600.0,23.651367,120.3592,884ba2c1b3fffff,894ba2c1b27ffff,8a4ba2c1b257fff,8b4ba2c1b255fff,117,行動中區營運處,雲林營運中心,
229,229+700.0,23.650629,120.3587,884ba2c1b3fffff,894ba2c1b2fffff,8a4ba2c1b2e7fff,8b4ba2c1b2e5fff,117,行動中區營運處,雲林營運中心,
229,229+800.0,23.64989,120.3581,884ba2c1b3fffff,894ba2c1b2fffff,8a4ba2c1b2e7fff,8b4ba2c1b2e6fff,117,行動中區營運處,雲林營運中心,
229,229+900.0,23.649152,120.3576,884ba2c1b3fffff,894ba2c1b2fffff,8a4ba2c1b2f7fff,8b4ba2c1b2f0fff,117,行動中區營運處,雲林營運中心,
230,230+000.0,23.648413,120.357,884ba2c1b3fffff,894ba2c1b2bffff,8a4ba2c1b28ffff,8b4ba2c1b288fff,117,行動中區營運處,雲林營運中心,
230,230+100.0,23.647674,120.3564,884ba2c1b3fffff,894ba2c1b2bffff,8a4ba2c1b29ffff,8b4ba2c1b29dfff,117,行動中區營運處,雲林營運中心,
230,230+200.0,23.646936,120.3559,884ba2c1b3fffff,894ba2c1b2bffff,8a4ba2c1b29ffff,8b4ba2c1b29afff,117,行動中區營運處,雲林營運中心,
230,230+300.0,23.646197,120.3553,884ba2c1b7fffff,894ba2c1b67ffff,8a4ba2c1b66ffff,8b4ba2c1b668fff,117,行動中區營運處,雲林營運中心,
230,230+400.0,23.645458,120.3547,884ba2c1b7fffff,894ba2c1b67ffff,8a4ba2c1b647fff,8b4ba2c1b640fff,117,行動中區營運處,雲林營運中心,
230,230+500.0,23.64472,120.3542,884ba2c1b7fffff,894ba2c1b67ffff,8a4ba2c1b657fff,8b4ba2c1b651fff,117,行動中區營運處,雲林營運中心,
230,230+600.0,23.643981,120.3536,884ba2c1b7fffff,894ba2c1b6fffff,8a4ba2c1b657fff,8b4ba2c1b652fff,117,行動中區營運處,雲林營運中心,
230,230+700.0,23.643243,120.353,884ba2c1b7fffff,894ba2c1b6fffff,8a4ba2c1b6e7fff,8b4ba2c1b6e2fff,117,行動中區營運處,雲林營運中心,
230,230+800.0,23.642504,120.3525,884ba2c1b7fffff,894ba2c1b6fffff,8a4ba2c1b6f7fff,8b4ba2c1b6f0fff,117,行動中區營運處,雲林營運中心,
230,230+900.0,23.641765,120.3519,884ba2c1b7fffff,894ba2c1b6bffff,8a4ba2c1b68ffff,8b4ba2c1b689fff,117,行動中區營運處,雲林營運中心,
231,231+000.0,23.641027,120.3514,884ba2c1b7fffff,894ba2c1b6bffff,8a4ba2c1b69ffff,8b4ba2c1b699fff,118,行動中區營運處,雲林營運中心,
231,231+100.0,23.640288,120.3508,884ba2c1b7fffff,894ba2c1b6bffff,8a4ba2c1b69ffff,8b4ba2c1b69afff,118,行動中區營運處,雲林營運中心,
231,231+166.7,23.639796,120.3504,884ba2cf4bfffff,894ba2cf4a7ffff,8a4ba2cf4a6ffff,8b4ba2cf4a69fff,118,行動中區營運處,雲林營運中心,
231,231+200.0,23.63955,120.3502,884ba2cf4bfffff,894ba2cf4a7ffff,8a4ba2cf4a6ffff,8b4ba2cf4a6bfff,118,行動中區營運處,雲林營運中心,
231,231+300.0,23.63881,120.3497,884ba2cf4bfffff,894ba2cf4a7ffff,8a4ba2cf4a47fff,8b4ba2cf4a41fff,118,行動中區營運處,雲林營運中心,
231,231+400.0,23.63807,120.3491,884ba2cf4bfffff,894ba2cf4a7ffff,8a4ba2cf4a57fff,8b4ba2cf4a51fff,118,行動中區營運處,雲林營運中心,
231,231+500.0,23.637327,120.3485,884ba2cf4bfffff,894ba2cf4afffff,8a4ba2cf4a57fff,8b4ba2cf4a52fff,118,行動中區營運處,雲林營運中心,
231,231+566.7,23.636828,120.3482,884ba2cf4bfffff,894ba2cf4afffff,8a4ba2cf4ae7fff,8b4ba2cf4ae3fff,118,行動中區營運處,雲林營運中心,
231,231+600.0,23.636578,120.348,884ba2cf4bfffff,894ba2cf4afffff,8a4ba2cf4ae7fff,8b4ba2cf4ae3fff,118,行動中區營運處,雲林營運中心,
231,231+700.0,23.635823,120.3475,884ba2cf4bfffff,894ba2cf4afffff,8a4ba2cf4af7fff,8b4ba2cf4af3fff,118,行動中區營運處,雲林營運中心,
231,231+800.0,23.635063,120.3469,884ba2cf4bfffff,894ba2cf4afffff,8a4ba2cf4ad7fff,8b4ba2cf4ad6fff,118,行動中區營運處,雲林營運中心,
231,231+900.0,23.634297,120.3464,884ba2cf4bfffff,894ba2cf433ffff,8a4ba2cf4327fff,8b4ba2cf4324fff,118,行動中區營運處,雲林營運中心,
232,232+000.0,23.633527,120.3459,884ba2cf43fffff,894ba2cf433ffff,8a4ba2cf4337fff,8b4ba2cf4335fff,118,行動中區營運處,雲林營運中心,
232,232+100.0,23.632751,120.3454,884ba2cf43fffff,894ba2cf407ffff,8a4ba2cf404ffff,8b4ba2cf404dfff,118,行動中區營運處,雲林營運中心,
232,232+200.0,23.63197,120.3449,884ba2cf41fffff,894ba2cf407ffff,8a4ba2cf404ffff,8b4ba2cf404efff,118,行動中區營運處,雲林營運中心,
232,232+300.0,23.631184,120.3444,884ba2cf41fffff,894ba2cf407ffff,8a4ba2cf405ffff,8b4ba2cf4058fff,118,行動中區營運處,雲林營運中心,
232,232+400.0,23.630393,120.3439,884ba2cf41fffff,894ba2cf40fffff,8a4ba2cf40effff,8b4ba2cf40e9fff,118,行動中區營運處,雲林營運中心,
232,232+500.0,23.629597,120.3435,884ba2cf41fffff,894ba2cf40fffff,8a4ba2cf40c7fff,8b4ba2cf40c1fff,118,行動中區營運處,雲林營運中心,
232,232+600.0,23.628797,120.343,884ba2cf41fffff,894ba2cf40fffff,8a4ba2cf40c7fff,8b4ba2cf40dcfff,118,行動中區營運處,雲林營運中心,
232,232+700.0,23.627992,120.3426,884ba2cf41fffff,894ba2cf40fffff,8a4ba2cf40d7fff,8b4ba2cf40d3fff,118,行動中區營運處,雲林營運中心,
232,232+800.0,23.627182,120.3422,884ba2cf47fffff,894ba2cf473ffff,8a4ba2cf472ffff,8b4ba2cf472efff,118,行動中區營運處,雲林營運中心,
232,232+900.0,23.626369,120.3417,884ba2cf47fffff,894ba2cf473ffff,8a4ba2cf4707fff,8b4ba2cf4700fff,118,行動中區營運處,雲林營運中心,
233,233+000.0,23.625551,120.3413,884ba2cf47fffff,894ba2cf473ffff,8a4ba2cf4717fff,8b4ba2cf4710fff,119,行動中區營運處,雲林營運中心,
233,233+100.0,23.624728,120.3409,884ba2cf47fffff,894ba2cf47bffff,8a4ba2cf47a7fff,8b4ba2cf47a1fff,119,行動中區營運處,雲林營運中心,
233,233+200.0,23.623902,120.3405,884ba2cf47fffff,894ba2cf47bffff,8a4ba2cf4787fff,8b4ba2cf4784fff,119,行動中區營運處,雲林營運中心,
233,233+300.0,23.623071,120.3401,884ba2cf47fffff,894ba2cf47bffff,8a4ba2cf4797fff,8b4ba2cf4795fff,119,行動中區營運處,雲林營運中心,
233,233+400.0,23.622237,120.3398,884ba2cf47fffff,894ba2cf6b7ffff,8a4ba2cf4797fff,8b4ba2cf4792fff,119,行動中區營運處,雲林營運中心,
233,233+500.0,23.621399,120.3394,884ba2cf6bfffff,894ba2cf6b7ffff,8a4ba2cf6b67fff,8b4ba2cf6b63fff,119,行動中區營運處,雲林營運中心,
233,233+600.0,23.620557,120.339,884ba2cf6bfffff,894ba2cf6b7ffff,8a4ba2cf6b77fff,8b4ba2cf6b73fff,119,行動中區營運處,雲林營運中心,
233,233+700.0,23.619712,120.3387,884ba2cf6bfffff,894ba2cf6b7ffff,8a4ba2cf6b57fff,8b4ba2cf6b56fff,119,行動中區營運處,雲林營運中心,
233,233+800.0,23.618863,120.3384,884ba2cf6bfffff,894ba2cf6a3ffff,8a4ba2cf6a27fff,8b4ba2cf6a20fff,119,行動中區營運處,雲林營運中心,
233,233+900.0,23.61801,120.338,884ba2cf6bfffff,894ba2cf6a3ffff,8a4ba2cf6a37fff,8b4ba2cf6a31fff,119,行動中區營運處,雲林營運中心,
234,234+000.0,23.617155,120.3377,884ba2cf6bfffff,894ba2cf6a3ffff,8a4ba2cf6a17fff,8b4ba2cf6a14fff,119,行動中區營運處,雲林營運中心,
234,234+100.0,23.616297,120.3374,884ba2cf6bfffff,894ba2cf6abffff,8a4ba2cf6aa7fff,8b4ba2cf6aa5fff,119,行動中區營運處,雲林營運中心,
234,234+200.0,23.615435,120.3371,884ba2cf6bfffff,894ba2cf6abffff,8a4ba2cf6aa7fff,8b4ba2cf6aa2fff,119,行動中區營運處,雲林營運中心,
234,234+300.0,23.614571,120.3368,884ba2cf6bfffff,894ba2cf6abffff,8a4ba2cf6a97fff,8b4ba2cf6a95fff,119,行動中區營運處,雲林營運中心,
234,234+400.0,23.613703,120.3366,884ba2cf61fffff,894ba2cf6abffff,8a4ba2cf6a97fff,8b4ba2cf6a92fff,119,行動中區營運處,雲林營運中心,
234,234+500.0,23.612833,120.3363,884ba2cf61fffff,894ba2cf607ffff,8a4ba2cf6067fff,8b4ba2cf6063fff,119,行動中區營運處,雲林營運中心,
234,234+600.0,23.61196,120.3361,884ba2cf61fffff,894ba2cf607ffff,8a4ba2cf6047fff,8b4ba2cf6046fff,119,行動中區營運處,雲林營運中心,
234,234+700.0,23.611084,120.3358,884ba2cf61fffff,894ba2cf607ffff,8a4ba2cf6057fff,8b4ba2cf6050fff,119,行動中區營運處,雲林營運中心,
234,234+800.0,23.610207,120.3356,884ba2cf61fffff,894ba2cf60fffff,8a4ba2cf60e7fff,8b4ba2cf60e1fff,119,行動中區營運處,雲林營運中心,
234,234+900.0,23.609327,120.3354,884ba2cf61fffff,894ba2cf60fffff,8a4ba2cf60c7fff,8b4ba2cf60c0fff,119,行動中區營運處,雲林營運中心,
235,235+000.0,23.608445,120.3352,884ba2cf61fffff,894ba2cf60fffff,8a4ba2cf60d7fff,8b4ba2cf60d1fff,120,行動中區營運處,雲林營運中心,
235,235+100.0,23.60756,120.335,884ba2cf67fffff,894ba2cf673ffff,8a4ba2cf672ffff,8b4ba2cf672cfff,120,行動中區營運處,雲林營運中心,
235,235+200.0,23.606674,120.3348,884ba2cf67fffff,894ba2cf673ffff,8a4ba2cf6707fff,8b4ba2cf6705fff,120,行動中區營運處,雲林營運中心,
235,235+300.0,23.605786,120.3346,884ba2cf67fffff,894ba2cf673ffff,8a4ba2cf671ffff,8b4ba2cf671cfff,120,行動中區營運處,雲林營運中心,
235,235+400.0,23.604896,120.3344,884ba2cf67fffff,894ba2cf673ffff,8a4ba2cf671ffff,8b4ba2cf67adfff,120,行動中區營運處,雲林營運中心,
235,235+500.0,23.604005,120.3343,884ba2cf67fffff,894ba2cf67bffff,8a4ba2cf67affff,8b4ba2cf67abfff,120,行動中區營運處,雲林營運中心,
235,235+600.0,23.603111,120.3341,884ba2cf67fffff,894ba2cf67bffff,8a4ba2cf678ffff,8b4ba2cf678efff,120,行動中區營運處,雲林營運中心,
235,235+700.0,23.602217,120.334,884ba2cf67fffff,894ba2cf67bffff,8a4ba2cf679ffff,8b4ba2cf679bfff,120,行動中區營運處,雲林營運中心,
235,235+800.0,23.601321,120.3339,884ba2cf67fffff,894ba2cf66bffff,8a4ba2cf66b7fff,8b4ba2cf66b6fff,120,行動中區營運處,雲林營運中心,
235,235+900.0,23.600424,120.3338,884ba2c8dbfffff,894ba2c8db7ffff,8a4ba2c8db4ffff,8b4ba2c8db4bfff,120,行動中區營運處,雲林營運中心,
236,236+000.0,23.599526,120.3337,884ba2c8dbfffff,894ba2c8da7ffff,8a4ba2c8da67fff,8b4ba2c8da66fff,120,行動中區營運處,雲林營運中心,
236,236+100.0,23.598627,120.3336,884ba2c8dbfffff,894ba2c8da7ffff,8a4ba2c8da77fff,8b4ba2c8da71fff,120,行動中區營運處,雲林營運中心,
236,236+200.0,23.597727,120.3335,884ba2c8dbfffff,894ba2c8da7ffff,8a4ba2c8da57fff,8b4ba2c8da50fff,120,行動中區營運處,雲林營運中心,
236,236+255.9,23.597223,120.3335,884ba2c8dbfffff,894ba2c8da7ffff,8a4ba2c8da57fff,8b4ba2c8da52fff,120,行動中區營運處,雲林營運中心,
236,236+300.0,23.596826,120.3334,884ba2c8dbfffff,894ba2c8dafffff,8a4ba2c8dae7fff,8b4ba2c8dae1fff,120,行動中區營運處,雲林營運中心,
236,236+400.0,23.595925,120.3334,884ba2c8dbfffff,894ba2c8dafffff,8a4ba2c8dac7fff,8b4ba2c8dac5fff,120,行動中區營運處,雲林營運中心,
236,236+500.0,23.595023,120.3333,884ba2c8dbfffff,894ba2c8dafffff,8a4ba2c8dadffff,8b4ba2c8dadcfff,120,行動中區營運處,雲林營運中心,
236,236+600.0,23.594121,120.3333,884ba2c8d3fffff,894ba2c8d33ffff,8a4ba2c8d32ffff,8b4ba2c8d32dfff,120,行動中區營運處,雲林營運中心,
236,236+655.9,23.593616,120.3332,884ba2c8d3fffff,894ba2c8d33ffff,8a4ba2c8d32ffff,8b4ba2c8d32bfff,120,行動中區營運處,雲林營運中心,
236,236+700.0,23.593219,120.3332,884ba2c8d3fffff,894ba2c8d33ffff,8a4ba2c8d30ffff,8b4ba2c8d30cfff,120,行動中區營運處,雲林營運中心,
236,236+800.0,23.592318,120.3332,884ba2c8d3fffff,894ba2c8d33ffff,8a4ba2c8d30ffff,8b4ba2c8d30afff,120,行動中區營運處,雲林營運中心,
236,236+900.0,23.591415,120.3331,884ba2c8d3fffff,894ba2c8d23ffff,8a4ba2c8d31ffff,8b4ba2c8d31bfff,120,行動中區營運處,雲林營運中心,
237,237+000.0,23.590513,120.3331,884ba2c8d3fffff,894ba2c8d23ffff,8a4ba2c8d237fff,8b4ba2c8d232fff,121,行動南區營運處,嘉義營運中心,
237,237+100.0,23.589612,120.333,884ba2c8d3fffff,894ba2c8d23ffff,8a4ba2c8d217fff,8b4ba2c8d216fff,121,行動南區營運處,嘉義營運中心,
237,237+200.0,23.58871,120.333,884ba2c8d3fffff,894ba2c8d2bffff,8a4ba2c8d2a7fff,8b4ba2c8d2a3fff,121,行動南區營運處,嘉義營運中心,
237,237+300.0,23.587807,120.3329,884ba2c8d3fffff,894ba2c8d2bffff,8a4ba2c8d287fff,8b4ba2c8d286fff,121,行動南區營運處,嘉義營運中心,
237,237+400.0,23.586906,120.3329,884ba2c8d3fffff,894ba2c8d2bffff,8a4ba2c8d297fff,8b4ba2c8d291fff,121,行動南區營運處,嘉義營運中心,
237,237+500.0,23.586004,120.3329,884ba2c8d7fffff,894ba2c8d67ffff,8a4ba2c8d66ffff,8b4ba2c8d668fff,121,行動南區營運處,嘉義營運中心,
237,237+600.0,23.585101,120.3328,884ba2c8d7fffff,894ba2c8d67ffff,8a4ba2c8d647fff,8b4ba2c8d641fff,121,行動南區營運處,嘉義營運中心,
237,237+700.0,23.5842,120.3328,884ba2c8d7fffff,894ba2c8d67ffff,8a4ba2c8d65ffff,8b4ba2c8d658fff,121,行動南區營運處,嘉義營運中心,
237,237+800.0,23.583298,120.3327,884ba2c8d7fffff,894ba2c899bffff,8a4ba2c899b7fff,8b4ba2c899b4fff,121,行動南區營運處,嘉義營運中心,
237,237+900.0,23.582396,120.3327,884ba2c8d7fffff,894ba2c8d6fffff,8a4ba2c8d6cffff,8b4ba2c8d6cdfff,121,行動南區營運處,嘉義營運中心,
238,238+000.0,23.581494,120.3326,884ba2c89dfffff,894ba2c8d6fffff,8a4ba2c89d67fff,8b4ba2c89d64fff,121,行動南區營運處,嘉義營運中心,
238,238+100.0,23.580592,120.3326,884ba2c89dfffff,894ba2c89d7ffff,8a4ba2c89d67fff,8b4ba2c89d62fff,121,行動南區營運處,嘉義營運中心,
238,238+200.0,23.57969,120.3325,884ba2c89dfffff,894ba2c89d7ffff,8a4ba2c89d57fff,8b4ba2c89d55fff,121,行動南區營運處,嘉義營運中心,
238,238+300.0,23.578788,120.3325,884ba2c89dfffff,894ba2c89d7ffff,8a4ba2c89d57fff,8b4ba2c89d52fff,121,行動南區營運處,嘉義營運中心,
238,238+400.0,23.577886,120.3324,884ba2c89dfffff,894ba2c89c3ffff,8a4ba2c89c2ffff,8b4ba2c89c2efff,121,行動南區營運處,嘉義營運中心,
238,238+500.0,23.576985,120.3324,884ba2c89dfffff,894ba2c89c3ffff,8a4ba2c89c07fff,8b4ba2c89c03fff,121,行動南區營運處,嘉義營運中心,
238,238+600.0,23.576082,120.3323,884ba2c89dfffff,894ba2c89c3ffff,8a4ba2c89c1ffff,8b4ba2c89c1efff,121,行動南區營運處,嘉義營運中心,
238,238+660.5,23.575536,120.3323,884ba2c89dfffff,894ba2c89cbffff,8a4ba2c89caffff,8b4ba2c89ca9fff,121,行動南區營運處,嘉義營運中心,
238,238+700.0,23.57518,120.3323,884ba2c89dfffff,894ba2c89cbffff,8a4ba2c89caffff,8b4ba2c89cabfff,121,行動南區營運處,嘉義營運中心,
238,238+800.0,23.574279,120.3322,884ba2c89dfffff,894ba2c89cbffff,8a4ba2c89c8ffff,8b4ba2c89c88fff,121,行動南區營運處,嘉義營運中心,
238,238+900.0,23.573377,120.3322,884ba2c89dfffff,894ba2c89cbffff,8a4ba2c89c9ffff,8b4ba2c89c99fff,121,行動南區營運處,嘉義營運中心,
239,239+000.0,23.572475,120.3321,884ba2c895fffff,894ba2c8953ffff,8a4ba2c89537fff,8b4ba2c89530fff,122,行動南區營運處,嘉義營運中心,
239,239+010.5,23.57238,120.3321,884ba2c895fffff,894ba2c8953ffff,8a4ba2c89537fff,8b4ba2c89530fff,122,行動南區營運處,嘉義營運中心,
239,239+100.0,23.571575,120.3321,884ba2c895fffff,894ba2c8953ffff,8a4ba2c89517fff,8b4ba2c89514fff,122,行動南區營運處,嘉義營運中心,
239,239+200.0,23.570674,120.332,884ba2c895fffff,894ba2c895bffff,8a4ba2c895a7fff,8b4ba2c895a5fff,122,行動南區營運處,嘉義營運中心,
239,239+300.0,23.569775,120.3319,884ba2c895fffff,894ba2c895bffff,8a4ba2c89587fff,8b4ba2c89584fff,122,行動南區營運處,嘉義營運中心,
239,239+400.0,23.568876,120.3318,884ba2c895fffff,894ba2c895bffff,8a4ba2c89597fff,8b4ba2c89595fff,122,行動南區營運處,嘉義營運中心,
239,239+500.0,23.567978,120.3317,884ba2c895fffff,894ba2c8b97ffff,8a4ba2c8b96ffff,8b4ba2c8b96cfff,122,行動南區營運處,嘉義營運中心,
239,239+538.2,23.567637,120.3317,884ba2c8b9fffff,894ba2c8b97ffff,8a4ba2c8b96ffff,8b4ba2c8b96cfff,122,行動南區營運處,嘉義營運中心,
239,239+600.0,23.567082,120.3316,884ba2c8b9fffff,894ba2c8b97ffff,8a4ba2c8b96ffff,8b4ba2c8b96afff,122,行動南區營運處,嘉義營運中心,
239,239+700.0,23.566187,120.3315,884ba2c8b9fffff,894ba2c8b97ffff,8a4ba2c8b947fff,8b4ba2c8b943fff,122,行動南區營運處,嘉義營運中心,
239,239+800.0,23.565291,120.3313,884ba2c8b9fffff,894ba2c8b97ffff,8a4ba2c8b95ffff,8b4ba2c8b95afff,122,行動南區營運處,嘉義營運中心,
239,239+888.2,23.564503,120.3312,884ba2c8b9fffff,894ba2c8b83ffff,8a4ba2c8b82ffff,8b4ba2c8b82bfff,122,行動南區營運處,嘉義營運中心,
239,239+900.0,23.564397,120.3312,884ba2c8b9fffff,894ba2c8b83ffff,8a4ba2c8b82ffff,8b4ba2c8b82bfff,122,行動南區營運處,嘉義營運中心,
240,240+000.0,23.563502,120.3311,884ba2c8b9fffff,894ba2c8b83ffff,8a4ba2c8b80ffff,8b4ba2c8b808fff,122,行動南區營運處,嘉義營運中心,
240,240+100.0,23.562608,120.3309,884ba2c8b9fffff,894ba2c8b83ffff,8a4ba2c8b81ffff,8b4ba2c8b819fff,122,行動南區營運處,嘉義營運中心,
240,240+200.0,23.561712,120.3308,884ba2c8b9fffff,894ba2c8b8fffff,8a4ba2c8b8f7fff,8b4ba2c8b8f0fff,122,行動南區營運處,嘉義營運中心,
240,240+300.0,23.560818,120.3307,884ba2c8b9fffff,894ba2c8b8fffff,8a4ba2c8b88ffff,8b4ba2c8b889fff,122,行動南區營運處,嘉義營運中心,
240,240+400.0,23.559923,120.3305,884ba2c8b9fffff,894ba2c8b13ffff,8a4ba2c8b127fff,8b4ba2c8b120fff,122,行動南區營運處,嘉義營運中心,
240,240+500.0,23.559028,120.3304,884ba2c8b1fffff,894ba2c8b13ffff,8a4ba2c8b137fff,8b4ba2c8b131fff,122,行動南區營運處,嘉義營運中心,
240,240+600.0,23.558133,120.3303,884ba2c8b1fffff,894ba2c8b13ffff,8a4ba2c8b117fff,8b4ba2c8b114fff,122,行動南區營運處,嘉義營運中心,
240,240+700.0,23.557239,120.3301,884ba2c8b1fffff,894ba2c8b1bffff,8a4ba2c8b1a7fff,8b4ba2c8b112fff,122,行動南區營運處,嘉義營運中心,
240,240+800.0,23.556344,120.33,884ba2c8b1fffff,894ba2c8b1bffff,8a4ba2c8b187fff,8b4ba2c8b185fff,122,行動南區營運處,嘉義營運中心,
240,240+900.0,23.555449,120.3299,884ba2c8b1fffff,894ba2c8b1bffff,8a4ba2c8b187fff,8b4ba2c8b182fff,122,行動南區營運處,嘉義營運中心,
241,241+000.0,23.554555,120.3298,884ba2c8b1fffff,894ba2c8b1bffff,8a4ba2c8b56ffff,8b4ba2c8b193fff,123,行動南區營運處,嘉義營運中心,
241,241+100.0,23.55366,120.3296,884ba2c8b5fffff,894ba2c8b57ffff,8a4ba2c8b56ffff,8b4ba2c8b56afff,123,行動南區營運處,嘉義營運中心,
241,241+200.0,23.552766,120.3295,884ba2c8b5fffff,894ba2c8b57ffff,8a4ba2c8b547fff,8b4ba2c8b543fff,123,行動南區營運處,嘉義營運中心,
241,241+300.0,23.55187,120.3294,884ba2c8b5fffff,894ba2c8b57ffff,8a4ba2c8b55ffff,8b4ba2c8b558fff,123,行動南區營運處,嘉義營運中心,
241,241+400.0,23.550976,120.3292,884ba2c8b5fffff,894ba2c8b43ffff,8a4ba2c8b42ffff,8b4ba2c8b476fff,123,行動南區營運處,嘉義營運中心,
241,241+500.0,23.550081,120.3291,884ba2c8b5fffff,894ba2c8b43ffff,8a4ba2c8b40ffff,8b4ba2c8b408fff,123,行動南區營運處,嘉義營運中心,
241,241+600.0,23.549187,120.329,884ba2c8b5fffff,894ba2c8b43ffff,8a4ba2c8b41ffff,8b4ba2c8b419fff,123,行動南區營運處,嘉義營運中心,
241,241+700.0,23.548291,120.3288,884ba2c8b5fffff,894ba2c8b4fffff,8a4ba2c8b4f7fff,8b4ba2c8b4f0fff,123,行動南區營運處,嘉義營運中心,
241,241+800.0,23.547397,120.3287,884ba2c8b5fffff,894ba2c8b4fffff,8a4ba2c8b4d7fff,8b4ba2c8b489fff,123,行動南區營運處,嘉義營運中心,
241,241+848.6,23.546962,120.3286,884ba2c8b5fffff,894ba2c8b4fffff,8a4ba2c8b4d7fff,8b4ba2c8b4d6fff,123,行動南區營運處,嘉義營運中心,
241,241+900.0,23.546502,120.3286,884ba2c8b5fffff,894ba2524b3ffff,8a4ba2524b27fff,8b4ba2524b25fff,123,行動南區營運處,嘉義營運中心,
242,242+000.0,23.545607,120.3284,884ba2524bfffff,894ba2524b3ffff,8a4ba2524b27fff,8b4ba2524b22fff,123,行動南區營運處,嘉義營運中心,
242,242+100.0,23.544712,120.3283,884ba2524bfffff,894ba2524b3ffff,8a4ba2524b17fff,8b4ba2524b15fff,123,行動南區營運處,嘉義營運中心,
242,242+198.6,23.543829,120.3282,884ba2524bfffff,894ba2524bbffff,8a4ba2524b17fff,8b4ba2524b12fff,123,行動南區營運處,嘉義營運中心,
242,242+200.0,23.543816,120.3282,884ba2524bfffff,894ba2524bbffff,8a4ba2524b17fff,8b4ba2524b12fff,123,行動南區營運處,嘉義營運中心,
242,242+300.0,23.542918,120.3281,884ba2524bfffff,894ba2524bbffff,8a4ba2524b87fff,8b4ba2524b85fff,123,行動南區營運處,嘉義營運中心,
242,242+400.0,23.54202,120.328,884ba2524bfffff,894ba2524bbffff,8a4ba2524b87fff,8b4ba2524b83fff,123,行動南區營運處,嘉義營運中心,
242,242+500.0,23.541121,120.3279,884ba2524bfffff,894ba2524bbffff,8a4ba2524b9ffff,8b4ba2524b9efff,123,行動南區營運處,嘉義營運中心,
242,242+600.0,23.540222,120.3278,884ba25241fffff,894ba252417ffff,8a4ba252416ffff,8b4ba252416bfff,123,行動南區營運處,嘉義營運中心,
242,242+700.0,23.539321,120.3277,884ba25241fffff,894ba252417ffff,8a4ba252414ffff,8b4ba252414efff,123,行動南區營運處,嘉義營運中心,
242,242+745.9,23.538907,120.3277,884ba25241fffff,894ba252417ffff,8a4ba252415ffff,8b4ba252414afff,123,行動南區營運處,嘉義營運中心,
242,242+800.0,23.53842,120.3277,884ba25241fffff,894ba252417ffff,8a4ba252415ffff,8b4ba2524159fff,123,行動南區營運處,嘉義營運中心,
242,242+900.0,23.537518,120.3276,884ba25241fffff,894ba252407ffff,8a4ba2524077fff,8b4ba2524070fff,123,行動南區營運處,嘉義營運中心,
243,243+000.0,23.536616,120.3276,884ba25241fffff,894ba252407ffff,8a4ba252400ffff,8b4ba2524009fff,124,行動南區營運處,嘉義營運中心,
243,243+095.9,23.535751,120.3275,884ba25241fffff,894ba25240fffff,8a4ba25240e7fff,8b4ba25240e5fff,124,行動南區營運處,嘉義營運中心,
243,243+100.0,23.535714,120.3275,884ba25241fffff,894ba25240fffff,8a4ba25240e7fff,8b4ba25240e0fff,124,行動南區營運處,嘉義營運中心,
243,243+200.0,23.534811,120.3275,884ba25241fffff,894ba25240fffff,8a4ba25240c7fff,8b4ba25240c4fff,124,行動南區營運處,嘉義營運中心,
243,243+300.0,23.53391,120.3274,884ba25241fffff,894ba25240fffff,8a4ba25240d7fff,8b4ba25240d5fff,124,行動南區營運處,嘉義營運中心,
243,243+400.0,23.533008,120.3274,884ba25247fffff,894ba252473ffff,8a4ba252472ffff,8b4ba252472cfff,124,行動南區營運處,嘉義營運中心,
243,243+500.0,23.532106,120.3274,884ba25247fffff,894ba252473ffff,8a4ba252472ffff,8b4ba252472afff,124,行動南區營運處,嘉義營運中心,
243,243+600.0,23.531203,120.3273,884ba25247fffff,894ba252473ffff,8a4ba252471ffff,8b4ba252471dfff,124,行動南區營運處,嘉義營運中心,
243,243+700.0,23.530302,120.3273,884ba25247fffff,894ba252473ffff,8a4ba252471ffff,8b4ba252471afff,124,行動南區營運處,嘉義營運中心,
243,243+800.0,23.5294,120.3272,884ba25247fffff,894ba25247bffff,8a4ba2524637fff,8b4ba2524636fff,124,行動南區營運處,嘉義營運中心,
243,243+900.0,23.528497,120.3272,884ba25247fffff,894ba25247bffff,8a4ba252478ffff,8b4ba252478bfff,124,行動南區營運處,嘉義營運中心,
244,244+000.0,23.527595,120.3271,884ba25247fffff,894ba25246bffff,8a4ba25246a7fff,8b4ba25246a6fff,124,行動南區營運處,嘉義營運中心,
244,244+100.0,23.526694,120.3271,884ba25247fffff,894ba25246bffff,8a4ba25246b7fff,8b4ba25246b3fff,124,行動南區營運處,嘉義營運中心,
244,244+200.0,23.525792,120.327,884ba2526bfffff,894ba25246bffff,8a4ba2524697fff,8b4ba2524690fff,124,行動南區營運處,嘉義營運中心,
244,244+300.0,23.524889,120.327,884ba2526bfffff,894ba2526a7ffff,8a4ba2526a6ffff,8b4ba2526a6efff,124,行動南區營運處,嘉義營運中心,
244,244+400.0,23.523987,120.327,884ba2526bfffff,894ba2526a7ffff,8a4ba2526a47fff,8b4ba2526a40fff,124,行動南區營運處,嘉義營運中心,
244,244+500.0,23.523086,120.3269,884ba2526bfffff,894ba2526a7ffff,8a4ba2526a5ffff,8b4ba2526a5cfff,124,行動南區營運處,嘉義營運中心,
244,244+600.0,23.522183,120.3269,884ba2526bfffff,894ba2526afffff,8a4ba2526aeffff,8b4ba2526ae9fff,124,行動南區營運處,嘉義營運中心,
244,244+700.0,23.521281,120.3268,884ba2526bfffff,894ba2526afffff,8a4ba2526acffff,8b4ba2526accfff,124,行動南區營運處,嘉義營運中心,
244,244+800.0,23.520379,120.3268,884ba2526bfffff,894ba2526afffff,8a4ba2526acffff,8b4ba2526acafff,124,行動南區營運處,嘉義營運中心,
244,244+900.0,23.519478,120.3267,884ba25263fffff,894ba252637ffff,8a4ba2526377fff,8b4ba2526375fff,124,行動南區營運處,嘉義營運中心,
245,245+000.0,23.518575,120.3267,884ba25263fffff,894ba252637ffff,8a4ba2526377fff,8b4ba2526372fff,125,行動南區營運處,嘉義營運中心,
245,245+100.0,23.517673,120.3266,884ba25263fffff,894ba252623ffff,8a4ba2526357fff,8b4ba2526225fff,125,行動南區營運處,嘉義營運中心,
245,245+200.0,23.516771,120.3266,884ba25263fffff,894ba252623ffff,8a4ba2526227fff,8b4ba2526223fff,125,行動南區營運處,嘉義營運中心,
245,245+300.0,23.515869,120.3266,884ba25263fffff,894ba252623ffff,8a4ba2526207fff,8b4ba2526202fff,125,行動南區營運處,嘉義營運中心,
245,245+400.0,23.514967,120.3265,884ba25263fffff,894ba252623ffff,8a4ba2526217fff,8b4ba2526213fff,125,行動南區營運處,嘉義營運中心,
245,245+500.0,23.514065,120.3265,884ba25263fffff,894ba25262bffff,8a4ba25262affff,8b4ba25262a8fff,125,行動南區營運處,嘉義營運中心,
245,245+600.0,23.513163,120.3264,884ba25263fffff,894ba25262bffff,8a4ba252628ffff,8b4ba252628efff,125,行動南區營運處,嘉義營運中心,
245,245+700.0,23.512261,120.3264,884ba25263fffff,894ba25262bffff,8a4ba252629ffff,8b4ba2526299fff,125,行動南區營運處,嘉義營運中心,
245,245+800.0,23.511359,120.3263,884ba25229fffff,894ba252293ffff,8a4ba2522937fff,8b4ba2522934fff,125,行動南區營運處,嘉義營運中心,
245,245+900.0,23.510457,120.3263,884ba25229fffff,894ba252293ffff,8a4ba252664ffff,8b4ba2526649fff,125,行動南區營運處,嘉義營運中心,
246,246+000.0,23.509555,120.3262,884ba25229fffff,894ba25229bffff,8a4ba25229a7fff,8b4ba25229a5fff,125,行動南區營運處,嘉義營運中心,
246,246+100.0,23.508653,120.3262,884ba25229fffff,894ba25229bffff,8a4ba2522987fff,8b4ba2522984fff,125,行動南區營運處,嘉義營運中心,
246,246+200.0,23.507751,120.3262,884ba25229fffff,894ba25229bffff,8a4ba2522997fff,8b4ba2522995fff,125,行動南區營運處,嘉義營運中心,
246,246+300.0,23.506849,120.3261,884ba25229fffff,894ba2522d7ffff,8a4ba2522997fff,8b4ba2522d6cfff,125,行動南區營運處,嘉義營運中心,
246,246+400.0,23.505946,120.3261,884ba2522dfffff,894ba2522d7ffff,8a4ba2522d6ffff,8b4ba2522d6afff,125,行動南區營運處,嘉義營運中心,
246,246+500.0,23.505045,120.326,884ba2522dfffff,894ba2522d7ffff,8a4ba2522d47fff,8b4ba2522d43fff,125,行動南區營運處,嘉義營運中心,
246,246+600.0,23.504143,120.326,884ba2522dfffff,894ba2522d7ffff,8a4ba2522d5ffff,8b4ba2522d5afff,125,行動南區營運處,嘉義營運中心,
246,246+700.0,23.503241,120.3259,884ba2522dfffff,894ba2522c3ffff,8a4ba2522c77fff,8b4ba2522c76fff,125,行動南區營運處,嘉義營運中心,
246,246+800.0,23.502338,120.3259,884ba2522dfffff,894ba2522c3ffff,8a4ba2522c0ffff,8b4ba2522c08fff,125,行動南區營運處,嘉義營運中心,
246,246+900.0,23.501437,120.3258,884ba2522dfffff,894ba2522cfffff,8a4ba2522ce7fff,8b4ba2522ce6fff,125,行動南區營運處,嘉義營運中心,
247,247+000.0,23.500535,120.3258,884ba2522dfffff,894ba2522cfffff,8a4ba2522cf7fff,8b4ba2522cf1fff,126,行動南區營運處,嘉義營運中心,
247,247+100.0,23.499632,120.3258,884ba2522dfffff,894ba2522cfffff,8a4ba2522cd7fff,8b4ba2522cd0fff,126,行動南區營運處,嘉義營運中心,
247,247+200.0,23.49873,120.3257,884ba25225fffff,894ba252253ffff,8a4ba2522527fff,8b4ba2522521fff,126,行動南區營運處,嘉義營運中心,
247,247+300.0,23.497829,120.3257,884ba25225fffff,894ba252253ffff,8a4ba2522507fff,8b4ba2522500fff,126,行動南區營運處,嘉義營運中心,
247,247+400.0,23.496927,120.3256,884ba25225fffff,894ba252253ffff,8a4ba252251ffff,8b4ba252251cfff,126,行動南區營運處,嘉義營運中心,
247,247+500.0,23.496024,120.3256,884ba25225fffff,894ba25225bffff,8a4ba25225affff,8b4ba25225adfff,126,行動南區營運處,嘉義營運中心,
247,247+600.0,23.495122,120.3255,884ba25225fffff,894ba25225bffff,8a4ba252258ffff,8b4ba252258cfff,126,行動南區營運處,嘉義營運中心,
247,247+700.0,23.494221,120.3255,884ba25225fffff,894ba25225bffff,8a4ba252258ffff,8b4ba252258afff,126,行動南區營運處,嘉義營運中心,
247,247+800.0,23.493318,120.3255,884ba25225fffff,894ba25224bffff,8a4ba25224b7fff,8b4ba252259bfff,126,行動南區營運處,嘉義營運中心,
247,247+900.0,23.492416,120.3254,884ba25225fffff,894ba25224bffff,8a4ba25224b7fff,8b4ba25224b2fff,126,行動南區營運處,嘉義營運中心,
248,248+000.0,23.491514,120.3254,884ba25319fffff,894ba25224bffff,8a4ba2522497fff,8b4ba2522496fff,126,行動南區營運處,嘉義營運中心,
248,248+100.0,23.490613,120.3253,884ba25319fffff,894ba253187ffff,8a4ba2531867fff,8b4ba2531863fff,126,行動南區營運處,嘉義營運中心,
248,248+200.0,23.48971,120.3253,884ba25319fffff,894ba253187ffff,8a4ba2531847fff,8b4ba2531846fff,126,行動南區營運處,嘉義營運中心,
248,248+300.0,23.488808,120.3252,884ba25319fffff,894ba253187ffff,8a4ba2531857fff,8b4ba2531853fff,126,行動南區營運處,嘉義營運中心,
248,248+400.0,23.487906,120.3252,884ba25319fffff,894ba25318fffff,8a4ba25318effff,8b4ba25318e8fff,126,行動南區營運處,嘉義營運中心,
248,248+500.0,23.487004,120.3251,884ba25319fffff,894ba25318fffff,8a4ba25318c7fff,8b4ba25318c1fff,126,行動南區營運處,嘉義營運中心,
248,248+600.0,23.486102,120.3251,884ba25319fffff,894ba25318fffff,8a4ba25318dffff,8b4ba25318d8fff,126,行動南區營運處,嘉義營運中心,
248,248+700.0,23.4852,120.3251,884ba25311fffff,894ba253117ffff,8a4ba2531177fff,8b4ba2531174fff,126,行動南區營運處,嘉義營運中心,
248,248+800.0,23.484298,120.325,884ba25311fffff,894ba253113ffff,8a4ba253110ffff,8b4ba253110dfff,126,行動南區營運處,嘉義營運中心,
248,248+900.0,23.483396,120.325,884ba25311fffff,894ba253103ffff,8a4ba2531027fff,8b4ba2531024fff,126,行動南區營運處,嘉義營運中心,
249,249+000.0,23.482494,120.3249,884ba25311fffff,894ba253103ffff,8a4ba2531027fff,8b4ba2531022fff,127,行動南區營運處,嘉義營運中心,
249,249+100.0,23.481592,120.3249,884ba25311fffff,894ba253103ffff,8a4ba2531017fff,8b4ba2531015fff,127,行動南區營運處,嘉義營運中心,
249,249+200.0,23.48069,120.3248,884ba25311fffff,894ba253103ffff,8a4ba2531017fff,8b4ba2531012fff,127,行動南區營運處,嘉義營運中心,
249,249+300.0,23.479788,120.3248,884ba25311fffff,894ba25310bffff,8a4ba25310affff,8b4ba25310aefff,127,行動南區營運處,嘉義營運中心,
249,249+400.0,23.478886,120.3247,884ba25311fffff,894ba25310bffff,8a4ba2531087fff,8b4ba2531083fff,127,行動南區營運處,嘉義營運中心,
249,249+500.0,23.477984,120.3247,884ba25311fffff,894ba25310bffff,8a4ba253109ffff,8b4ba253109efff,127,行動南區營運處,嘉義營運中心,
249,249+600.0,23.477081,120.3247,884ba25315fffff,894ba253147ffff,8a4ba253146ffff,8b4ba253146bfff,127,行動南區營運處,嘉義營運中心,
249,249+700.0,23.47618,120.3246,884ba25315fffff,894ba253147ffff,8a4ba253144ffff,8b4ba2531448fff,127,行動南區營運處,嘉義營運中心,
249,249+800.0,23.475278,120.3246,884ba25317fffff,894ba25317bffff,8a4ba25317a7fff,8b4ba25317a6fff,127,行動南區營運處,嘉義營運中心,
249,249+900.0,23.474375,120.3245,884ba25317fffff,894ba25317bffff,8a4ba25317b7fff,8b4ba25317b0fff,127,行動南區營運處,嘉義營運中心,
250,250+000.0,23.473473,120.3245,884ba25317fffff,894ba25317bffff,8a4ba2531797fff,8b4ba2531794fff,127,行動南區營運處,嘉義營運中心,
250,250+100.0,23.472572,120.3244,884ba2533bfffff,894ba2533b7ffff,8a4ba2533b67fff,8b4ba2533b61fff,127,行動南區營運處,嘉義營運中心,
250,250+200.0,23.47167,120.3244,884ba2533bfffff,894ba2533b7ffff,8a4ba2533b47fff,8b4ba2533b44fff,127,行動南區營運處,嘉義營運中心,
250,250+300.0,23.470767,120.3243,884ba2533bfffff,894ba2533b7ffff,8a4ba2533b57fff,8b4ba2533b42fff,127,行動南區營運處,嘉義營運中心,
250,250+400.0,23.469865,120.3243,884ba2533bfffff,894ba2533b7ffff,8a4ba2533a2ffff,8b4ba2533a2dfff,127,行動南區營運處,嘉義營運中心,
250,250+500.0,23.468964,120.3243,884ba2533bfffff,894ba2533a3ffff,8a4ba2533a2ffff,8b4ba2533a2afff,127,行動南區營運處,嘉義營運中心,
250,250+600.0,23.468061,120.3242,884ba2533bfffff,894ba2533a3ffff,8a4ba2533a0ffff,8b4ba2533a1dfff,127,行動南區營運處,嘉義營運中心,
250,250+700.0,23.467159,120.3242,884ba2533bfffff,894ba2533afffff,8a4ba2533a1ffff,8b4ba2533a1bfff,127,行動南區營運處,嘉義營運中心,
250,250+800.0,23.466257,120.3241,884ba2533bfffff,894ba2533afffff,8a4ba2533af7fff,8b4ba2533af2fff,127,行動南區營運處,嘉義營運中心,
250,250+900.0,23.465356,120.3241,884ba2533bfffff,894ba2533abffff,8a4ba2533a8ffff,8b4ba2533a8bfff,127,行動南區營運處,嘉義營運中心,
251,251+000.0,23.464453,120.324,884ba25333fffff,894ba253333ffff,8a4ba2533327fff,8b4ba2533320fff,128,行動南區營運處,嘉義營運中心,
251,251+100.0,23.463551,120.324,884ba25333fffff,894ba253333ffff,8a4ba2533307fff,8b4ba2533306fff,128,行動南區營運處,嘉義營運中心,
251,251+200.0,23.462649,120.3239,884ba25333fffff,894ba253333ffff,8a4ba2533317fff,8b4ba2533310fff,128,行動南區營運處,嘉義營運中心,
251,251+300.0,23.461747,120.3239,884ba25333fffff,894ba25333bffff,8a4ba25333affff,8b4ba25333acfff,128,行動南區營運處,嘉義營運中心,
251,251+400.0,23.460845,120.3239,884ba25333fffff,894ba25333bffff,8a4ba2533387fff,8b4ba2533381fff,128,行動南區營運處,嘉義營運中心,
251,251+500.0,23.459943,120.3238,884ba25333fffff,894ba25333bffff,8a4ba253339ffff,8b4ba253339cfff,128,行動南區營運處,嘉義營運中心,
251,251+600.0,23.459041,120.3238,884ba25333fffff,894ba253377ffff,8a4ba253376ffff,8b4ba2533769fff,128,行動南區營運處,嘉義營運中心,
251,251+700.0,23.458139,120.3237,884ba25337fffff,894ba253377ffff,8a4ba253374ffff,8b4ba253374dfff,128,行動南區營運處,嘉義營運中心,
251,251+800.0,23.457237,120.3237,884ba25337fffff,894ba253377ffff,8a4ba253374ffff,8b4ba2533664fff,128,行動南區營運處,嘉義營運中心,
251,251+900.0,23.456335,120.3236,884ba25337fffff,894ba253367ffff,8a4ba2533667fff,8b4ba2533675fff,128,行動南區營運處,嘉義營運中心,
252,252+000.0,23.455432,120.3236,884ba25337fffff,894ba253367ffff,8a4ba2533677fff,8b4ba2533673fff,128,行動南區營運處,嘉義營運中心,
252,252+100.0,23.454531,120.3235,884ba25337fffff,894ba253367ffff,8a4ba2533657fff,8b4ba2533652fff,128,行動南區營運處,嘉義營運中心,
252,252+200.0,23.453629,120.3235,884ba25337fffff,894ba25336fffff,8a4ba25336e7fff,8b4ba25336e3fff,128,行動南區營運處,嘉義營運中心,
252,252+300.0,23.452727,120.3235,884ba25337fffff,894ba25336fffff,8a4ba25336c7fff,8b4ba25336c0fff,128,行動南區營運處,嘉義營運中心,
252,252+400.0,23.451824,120.3234,884ba25337fffff,894ba25336fffff,8a4ba25336dffff,8b4ba25336defff,128,行動南區營運處,嘉義營運中心,
252,252+500.0,23.450922,120.3234,884ba2515dfffff,894ba2515d3ffff,8a4ba2515d2ffff,8b4ba2515d29fff,128,行動南區營運處,嘉義營運中心,
252,252+600.0,23.450021,120.3233,884ba2515dfffff,894ba2515d3ffff,8a4ba2515d0ffff,8b4ba2515d08fff,128,行動南區營運處,嘉義營運中心,
252,252+700.0,23.449118,120.3233,884ba2515dfffff,894ba2515d3ffff,8a4ba2515d1ffff,8b4ba2515d19fff,128,行動南區營運處,嘉義營運中心,
252,252+800.0,23.448216,120.3232,884ba2515dfffff,894ba2515c3ffff,8a4ba2515c37fff,8b4ba2515c30fff,128,行動南區營運處,嘉義營運中心,
252,252+900.0,23.447314,120.3232,884ba2515dfffff,894ba2515c3ffff,8a4ba2515c17fff,8b4ba2515c14fff,128,行動南區營運處,嘉義營運中心,
253,253+000.0,23.446413,120.3231,884ba2515dfffff,894ba2515cbffff,8a4ba2515ca7fff,8b4ba2515ca5fff,129,行動南區營運處,嘉義營運中心,
253,253+100.0,23.44551,120.3231,884ba2515dfffff,894ba2515cbffff,8a4ba2515c87fff,8b4ba2515c84fff,129,行動南區營運處,嘉義營運中心,
253,253+200.0,23.444608,120.3231,884ba2515dfffff,894ba2515cbffff,8a4ba2515c87fff,8b4ba2515c82fff,129,行動南區營運處,嘉義營運中心,
253,253+300.0,23.443706,120.323,884ba25143fffff,894ba2515cbffff,8a4ba251426ffff,8b4ba2515c93fff,129,行動南區營運處,嘉義營運中心,
253,253+400.0,23.442804,120.323,884ba25143fffff,894ba251427ffff,8a4ba251426ffff,8b4ba251426afff,129,行動南區營運處,嘉義營運中心,
253,253+500.0,23.441902,120.3229,884ba25143fffff,894ba251427ffff,8a4ba251424ffff,8b4ba251424efff,129,行動南區營運處,嘉義營運中心,
253,253+600.0,23.441,120.3229,884ba25143fffff,894ba251427ffff,8a4ba251425ffff,8b4ba251425bfff,129,行動南區營運處,嘉義營運中心,
253,253+700.0,23.440098,120.3228,884ba25143fffff,894ba25155bffff,8a4ba25155b7fff,8b4ba25155b6fff,129,行動南區營運處,嘉義營運中心,
253,253+800.0,23.439196,120.3228,884ba25143fffff,894ba25142fffff,8a4ba25142cffff,8b4ba25142cbfff,129,行動南區營運處,嘉義營運中心,
253,253+900.0,23.438294,120.3227,884ba25109fffff,894ba251097ffff,8a4ba2510967fff,8b4ba2510960fff,129,行動南區營運處,嘉義營運中心,
254,254+000.0,23.437392,120.3227,884ba25109fffff,894ba251097ffff,8a4ba2510977fff,8b4ba2510971fff,129,行動南區營運處,嘉義營運中心,
254,254+100.0,23.436489,120.3227,884ba25109fffff,894ba251097ffff,8a4ba2510957fff,8b4ba2510950fff,129,行動南區營運處,嘉義營運中心,
254,254+200.0,23.435588,120.3226,884ba25109fffff,894ba251083ffff,8a4ba251082ffff,8b4ba251082cfff,129,行動南區營運處,嘉義營運中心,
254,254+300.0,23.434686,120.3226,884ba25109fffff,894ba251083ffff,8a4ba2510807fff,8b4ba2510805fff,129,行動南區營運處,嘉義營運中心,
254,254+400.0,23.433784,120.3225,884ba25109fffff,894ba251083ffff,8a4ba251081ffff,8b4ba251081cfff,129,行動南區營運處,嘉義營運中心,
254,254+500.0,23.432881,120.3225,884ba25109fffff,894ba251083ffff,8a4ba25108affff,8b4ba251081afff,129,行動南區營運處,嘉義營運中心,
254,254+600.0,23.43198,120.3224,884ba25109fffff,894ba25108bffff,8a4ba251088ffff,8b4ba251088dfff,129,行動南區營運處,嘉義營運中心,
254,254+700.0,23.431078,120.3224,884ba25109fffff,894ba25108bffff,8a4ba251088ffff,8b4ba251088afff,129,行動南區營運處,嘉義營運中心,
254,254+800.0,23.430175,120.3224,884ba25101fffff,894ba251013ffff,8a4ba2510127fff,8b4ba2510126fff,129,行動南區營運處,嘉義營運中心,
254,254+900.0,23.429273,120.3223,884ba25101fffff,894ba251013ffff,8a4ba2510137fff,8b4ba2510133fff,129,行動南區營運處,嘉義營運中心,
255,255+000.0,23.428372,120.3223,884ba25101fffff,894ba251013ffff,8a4ba2510117fff,8b4ba2510116fff,130,行動南區營運處,嘉義營運中心,
255,255+100.0,23.427469,120.3222,884ba25101fffff,894ba25101bffff,8a4ba25101a7fff,8b4ba25101a3fff,130,行動南區營運處,嘉義營運中心,
255,255+200.0,23.426567,120.3222,884ba25101fffff,894ba25101bffff,8a4ba2510187fff,8b4ba2510180fff,130,行動南區營運處,嘉義營運中心,
255,255+300.0,23.425665,120.3221,884ba25101fffff,894ba25101bffff,8a4ba2510197fff,8b4ba2510191fff,130,行動南區營運處,嘉義營運中心,
255,255+400.0,23.424764,120.3221,884ba25101fffff,894ba251057ffff,8a4ba251056ffff,8b4ba2510568fff,130,行動南區營運處,嘉義營運中心,
255,255+500.0,23.423861,120.322,884ba25105fffff,894ba251057ffff,8a4ba251054ffff,8b4ba251054cfff,130,行動南區營運處,嘉義營運中心,
255,255+600.0,23.422959,120.322,884ba25105fffff,894ba251057ffff,8a4ba251055ffff,8b4ba2510559fff,130,行動南區營運處,嘉義營運中心,
255,255+700.0,23.422057,120.322,884ba25105fffff,894ba251047ffff,8a4ba2510477fff,8b4ba2510474fff,130,行動南區營運處,嘉義營運中心,
255,255+800.0,23.421155,120.3219,884ba25105fffff,894ba251047ffff,8a4ba251040ffff,8b4ba2510472fff,130,行動南區營運處,嘉義營運中心,
255,255+900.0,23.420253,120.3219,884ba25105fffff,894ba25104fffff,8a4ba25104e7fff,8b4ba25104e5fff,130,行動南區營運處,嘉義營運中心,
256,256+000.0,23.419351,120.3218,884ba25105fffff,894ba25104fffff,8a4ba25104e7fff,8b4ba25104e2fff,130,行動南區營運處,嘉義營運中心,
256,256+100.0,23.418449,120.3218,884ba25105fffff,894ba25104fffff,8a4ba25104c7fff,8b4ba25104d5fff,130,行動南區營運處,嘉義營運中心,
256,256+200.0,23.417547,120.3217,884ba25105fffff,894ba25104fffff,8a4ba25104d7fff,8b4ba25104d3fff,130,行動南區營運處,嘉義營運中心,
256,256+300.0,23.416645,120.3217,884ba2512bfffff,894ba2512b3ffff,8a4ba2512b2ffff,8b4ba2512b2efff,130,行動南區營運處,嘉義營運中心,
256,256+400.0,23.415743,120.3216,884ba2512bfffff,894ba2512b3ffff,8a4ba2512b07fff,8b4ba2512b03fff,130,行動南區營運處,嘉義營運中心,
256,256+500.0,23.41484,120.3216,884ba2512bfffff,894ba2512b3ffff,8a4ba2512b1ffff,8b4ba2512b18fff,130,行動南區營運處,嘉義營運中心,
256,256+600.0,23.413939,120.3216,884ba2512bfffff,894ba2512bbffff,8a4ba2512a37fff,8b4ba2512a36fff,130,行動南區營運處,嘉義營運中心,
256,256+700.0,23.413037,120.3215,884ba2512bfffff,894ba2512bbffff,8a4ba2512b8ffff,8b4ba2512b88fff,130,行動南區營運處,嘉義營運中心,
256,256+800.0,23.412135,120.3215,884ba2512bfffff,894ba2512abffff,8a4ba2512aa7fff,8b4ba2512aa4fff,130,行動南區營運處,嘉義營運中心,
256,256+900.0,23.411232,120.3214,884ba2512bfffff,894ba2512abffff,8a4ba2512ab7fff,8b4ba2512ab1fff,130,行動南區營運處,嘉義營運中心,
257,257+000.0,23.410331,120.3214,884ba2512bfffff,894ba2512abffff,8a4ba2512a97fff,8b4ba2512a94fff,131,行動南區營運處,嘉義營運中心,
257,257+100.0,23.409429,120.3213,884ba25121fffff,894ba251207ffff,8a4ba2512067fff,8b4ba2512061fff,131,行動南區營運處,嘉義營運中心,
257,257+200.0,23.408526,120.3213,884ba25121fffff,894ba251207ffff,8a4ba2512047fff,8b4ba2512045fff,131,行動南區營運處,嘉義營運中心,
257,257+300.0,23.407624,120.3212,884ba25121fffff,894ba251207ffff,8a4ba2512047fff,8b4ba251205cfff,131,行動南區營運處,嘉義營運中心,
257,257+400.0,23.406723,120.3212,884ba25121fffff,894ba251207ffff,8a4ba251205ffff,8b4ba25120edfff,131,行動南區營運處,嘉義營運中心,
257,257+500.0,23.40582,120.3212,884ba25121fffff,894ba25120fffff,8a4ba25120effff,8b4ba25120ebfff,131,行動南區營運處,嘉義營運中心,
257,257+600.0,23.404918,120.3211,884ba25121fffff,894ba25120fffff,8a4ba25120cffff,8b4ba25120cafff,131,行動南區營運處,嘉義營運中心,
257,257+700.0,23.404016,120.3211,884ba25127fffff,894ba251277ffff,8a4ba25120dffff,8b4ba25120dbfff,131,行動南區營運處,嘉義營運中心,
257,257+800.0,23.403115,120.321,884ba25127fffff,894ba251277ffff,8a4ba2512777fff,8b4ba2512770fff,131,行動南區營運處,嘉義營運中心,
257,257+900.0,23.402212,120.321,884ba25127fffff,894ba251277ffff,8a4ba2512757fff,8b4ba2512756fff,131,行動南區營運處,嘉義營運中心,
258,258+000.0,23.40131,120.3209,884ba25127fffff,894ba251263ffff,8a4ba2512627fff,8b4ba2512620fff,131,行動南區營運處,嘉義營運中心,
258,258+100.0,23.400408,120.3209,884ba25127fffff,894ba251263ffff,8a4ba2512607fff,8b4ba2512604fff,131,行動南區營運處,嘉義營運中心,
258,258+200.0,23.399506,120.3208,884ba25127fffff,894ba251263ffff,8a4ba2512617fff,8b4ba2512611fff,131,行動南區營運處,嘉義營運中心,
258,258+300.0,23.398604,120.3208,884ba25127fffff,894ba25126bffff,8a4ba25126affff,8b4ba25126a8fff,131,行動南區營運處,嘉義營運中心,
258,258+400.0,23.397702,120.3208,884ba25127fffff,894ba25126bffff,8a4ba251268ffff,8b4ba2512681fff,131,行動南區營運處,嘉義營運中心,
258,258+500.0,23.3968,120.3207,884ba25127fffff,894ba25126bffff,8a4ba251269ffff,8b4ba251269dfff,131,行動南區營運處,嘉義營運中心,
258,258+600.0,23.395898,120.3207,884ba25acdfffff,894ba25acd3ffff,8a4ba25acd37fff,8b4ba25acd34fff,131,行動南區營運處,嘉義營運中心,
258,258+700.0,23.394996,120.3206,884ba25acdfffff,894ba25acd3ffff,8a4ba25acd37fff,8b4ba25acd32fff,131,行動南區營運處,嘉義營運中心,
258,258+800.0,23.394094,120.3206,884ba25acdfffff,894ba25a1a7ffff,8a4ba25a1a4ffff,8b4ba25a1a4bfff,131,行動南區營運處,嘉義營運中心,
258,258+900.0,23.393191,120.3205,884ba25acdfffff,894ba25acdbffff,8a4ba25acda7fff,8b4ba25acda2fff,131,行動南區營運處,嘉義營運中心,
259,259+000.0,23.39229,120.3205,884ba25acdfffff,894ba25acdbffff,8a4ba25acdb7fff,8b4ba25acd86fff,132,行動南區營運處,嘉義營運中心,
259,259+039.1,23.391937,120.3205,884ba25acdfffff,894ba25acdbffff,8a4ba25acd97fff,8b4ba25acd95fff,132,行動南區營運處,嘉義營運中心,
259,259+100.0,23.391388,120.3204,884ba25acdfffff,894ba25acdbffff,8a4ba25acd97fff,8b4ba25acd90fff,132,行動南區營運處,嘉義營運中心,
259,259+200.0,23.390486,120.3204,884ba25a13fffff,894ba25a137ffff,8a4ba25a136ffff,8b4ba25a136efff,132,行動南區營運處,嘉義營運中心,
259,259+300.0,23.389583,120.3204,884ba25a13fffff,894ba25a137ffff,8a4ba25a1347fff,8b4ba25a1343fff,132,行動南區營運處,嘉義營運中心,
259,259+400.0,23.388681,120.3203,884ba25a13fffff,894ba25a137ffff,8a4ba25a135ffff,8b4ba25a1358fff,132,行動南區營運處,台南營運中心,
259,259+500.0,23.387778,120.3203,884ba25a13fffff,894ba25a123ffff,8a4ba25a122ffff,8b4ba25a1229fff,132,行動南區營運處,台南營運中心,
259,259+589.1,23.386973,120.3203,884ba25a13fffff,894ba25a123ffff,8a4ba25a120ffff,8b4ba25a120dfff,132,行動南區營運處,台南營運中心,
259,259+600.0,23.386875,120.3203,884ba25a13fffff,894ba25a123ffff,8a4ba25a120ffff,8b4ba25a1208fff,132,行動南區營運處,台南營運中心,
259,259+700.0,23.385972,120.3203,884ba25a13fffff,894ba25a123ffff,8a4ba25a12e7fff,8b4ba25a12e4fff,132,行動南區營運處,台南營運中心,
259,259+800.0,23.38507,120.3203,884ba25a13fffff,894ba25a12fffff,8a4ba25a12f7fff,8b4ba25a12f1fff,132,行動南區營運處,台南營運中心,
259,259+900.0,23.384167,120.3204,884ba25a13fffff,894ba25a12fffff,8a4ba25a12d7fff,8b4ba25a12d5fff,132,行動南區營運處,台南營運中心,
260,260+000.0,23.383266,120.3204,884ba25a13fffff,894ba25ae93ffff,8a4ba25a12d7fff,8b4ba25ae92cfff,132,行動南區營運處,台南營運中心,
260,260+100.0,23.382365,120.3205,884ba25ae9fffff,894ba25ae93ffff,8a4ba25ae92ffff,8b4ba25ae92afff,132,行動南區營運處,台南營運中心,
260,260+200.0,23.381466,120.3206,884ba25ae9fffff,894ba25ae93ffff,8a4ba25ae91ffff,8b4ba25ae91dfff,132,行動南區營運處,台南營運中心,
260,260+300.0,23.380567,120.3207,884ba25ae9fffff,894ba25ae93ffff,8a4ba25ae91ffff,8b4ba25ae91bfff,132,行動南區營運處,台南營運中心,
260,260+400.0,23.379671,120.3208,884ba25ae9fffff,894ba25ae83ffff,8a4ba25ae837fff,8b4ba25ae830fff,132,行動南區營運處,台南營運中心,
260,260+500.0,23.378777,120.3209,884ba25ae9fffff,894ba25ae83ffff,8a4ba25ae817fff,8b4ba25ae816fff,132,行動南區營運處,台南營運中心,
260,260+600.0,23.377885,120.3211,884ba25ae9fffff,894ba25ae8bffff,8a4ba25ae8a7fff,8b4ba25ae8a1fff,132,行動南區營運處,台南營運中心,
260,260+700.0,23.376994,120.3213,884ba25ae9fffff,894ba25ae8bffff,8a4ba25ae887fff,8b4ba25ae880fff,132,行動南區營運處,台南營運中心,
260,260+800.0,23.376106,120.3214,884ba25ae9fffff,894ba25ae8bffff,8a4ba25ae89ffff,8b4ba25ae89cfff,132,行動南區營運處,台南營運中心,
260,260+900.0,23.375221,120.3216,884ba25ae1fffff,894ba25ae13ffff,8a4ba25ae137fff,8b4ba25ae134fff,132,行動南區營運處,台南營運中心,
261,261+000.0,23.37434,120.3218,884ba25ae1fffff,894ba25ae13ffff,8a4ba25ae137fff,8b4ba25ae132fff,133,行動南區營運處,台南營運中心,
261,261+100.0,23.373461,120.3221,884ba25ae1fffff,894ba25ae1bffff,8a4ba25ae1a7fff,8b4ba25ae1a5fff,133,行動南區營運處,台南營運中心,
261,261+200.0,23.372586,120.3223,884ba25ae1fffff,894ba25ae1bffff,8a4ba25ae187fff,8b4ba25ae185fff,133,行動南區營運處,台南營運中心,
261,261+268.9,23.371985,120.3225,884ba25ae1fffff,894ba25ae1bffff,8a4ba25ae187fff,8b4ba25ae181fff,133,行動南區營運處,台南營運中心,
261,261+300.0,23.371715,120.3226,884ba25ae1fffff,894ba25ae1bffff,8a4ba25ae187fff,8b4ba25ae183fff,133,行動南區營運處,台南營運中心,
261,261+400.0,23.370846,120.3228,884ba25ae1fffff,894ba25ae1bffff,8a4ba25ae19ffff,8b4ba25ae19bfff,133,行動南區營運處,台南營運中心,
261,261+500.0,23.369982,120.3231,884ba25ae1fffff,894ba25ae0bffff,8a4ba25ae0b7fff,8b4ba25ae0b0fff,133,行動南區營運處,台南營運中心,
261,261+600.0,23.36912,120.3234,884ba25ae1fffff,894ba25ae0bffff,8a4ba25ae097fff,8b4ba25ae090fff,133,行動南區營運處,台南營運中心,
261,261+700.0,23.36826,120.3237,884ba25ae5fffff,894ba25ae47ffff,8a4ba25ae46ffff,8b4ba25ae46cfff,133,行動南區營運處,台南營運中心,
261,261+800.0,23.367401,120.324,884ba25ae5fffff,894ba25ae47ffff,8a4ba25ae44ffff,8b4ba25ae44cfff,133,行動南區營運處,台南營運中心,
261,261+818.9,23.367239,120.3241,884ba25ae5fffff,894ba25ae47ffff,8a4ba25ae44ffff,8b4ba25ae44cfff,133,行動南區營運處,台南營運中心,
261,261+900.0,23.366542,120.3243,884ba25ae5fffff,894ba25ae47ffff,8a4ba25ae44ffff,8b4ba25ae44afff,133,行動南區營運處,台南營運中心,
262,262+000.0,23.365682,120.3246,884ba25ae7fffff,894ba25ae7bffff,8a4ba25ae7a7fff,8b4ba25ae7a2fff,133,行動南區營運處,台南營運中心,
262,262+100.0,23.364822,120.3249,884ba25ae7fffff,894ba25ae7bffff,8a4ba25ae787fff,8b4ba25ae786fff,133,行動南區營運處,台南營運中心,
262,262+200.0,23.363963,120.3252,884ba25ae7fffff,894ba25ae7bffff,8a4ba25ae79ffff,8b4ba25ae79efff,133,行動南區營運處,台南營運中心,
262,262+300.0,23.363103,120.3255,884ba25ae7fffff,894ba2585b7ffff,8a4ba2585b6ffff,8b4ba2585b69fff,133,行動南區營運處,台南營運中心,
262,262+400.0,23.362244,120.3258,884ba2585bfffff,894ba2585b7ffff,8a4ba2585b4ffff,8b4ba2585b49fff,133,行動南區營運處,台南營運中心,
262,262+500.0,23.361384,120.3261,884ba2585bfffff,894ba2585a7ffff,8a4ba2585a67fff,8b4ba2585a65fff,133,行動南區營運處,台南營運中心,
262,262+600.0,23.360524,120.3264,884ba2585bfffff,894ba2585a7ffff,8a4ba2585a47fff,8b4ba2585a45fff,133,行動南區營運處,台南營運中心,
262,262+700.0,23.359665,120.3267,884ba2585bfffff,894ba2585a7ffff,8a4ba2585a5ffff,8b4ba2585a43fff,133,行動南區營運處,台南營運中心,
262,262+800.0,23.358806,120.327,884ba2585bfffff,894ba2585a7ffff,8a4ba2585a5ffff,8b4ba2585a5bfff,133,行動南區營運處,台南營運中心,
262,262+900.0,23.357946,120.3273,884ba25aadfffff,894ba25aadbffff,8a4ba25aadb7fff,8b4ba25aadb0fff,133,行動南區營運處,台南營運中心,
263,263+000.0,23.357086,120.3276,884ba25aadfffff,894ba25aadbffff,8a4ba25aad97fff,8b4ba25aad90fff,134,行動南區營運處,台南營運中心,
263,263+100.0,23.356227,120.3279,884ba25853fffff,894ba258537ffff,8a4ba258536ffff,8b4ba258536cfff,134,行動南區營運處,台南營運中心,
263,263+200.0,23.355368,120.3282,884ba25853fffff,894ba258537ffff,8a4ba258534ffff,8b4ba258534cfff,134,行動南區營運處,台南營運中心,
263,263+300.0,23.354508,120.3285,884ba25853fffff,894ba258537ffff,8a4ba258534ffff,8b4ba258534afff,134,行動南區營運處,台南營運中心,
263,263+400.0,23.353648,120.3288,884ba25853fffff,894ba258527ffff,8a4ba2585267fff,8b4ba2585262fff,134,行動南區營運處,台南營運中心,
263,263+500.0,23.352789,120.3291,884ba25853fffff,894ba258527ffff,8a4ba2585247fff,8b4ba2585255fff,134,行動南區營運處,台南營運中心,
263,263+600.0,23.351929,120.3294,884ba25853fffff,894ba258527ffff,8a4ba258525ffff,8b4ba258525efff,134,行動南區營運處,台南營運中心,
263,263+700.0,23.35107,120.3297,884ba25853fffff,894ba25852fffff,8a4ba25852effff,8b4ba25852ebfff,134,行動南區營運處,台南營運中心,
263,263+800.0,23.35021,120.33,884ba25853fffff,894ba25852fffff,8a4ba25852cffff,8b4ba25852c9fff,134,行動南區營運處,台南營運中心,
263,263+900.0,23.349351,120.3303,884ba25819fffff,894ba258197ffff,8a4ba2581967fff,8b4ba2581960fff,134,行動南區營運處,台南營運中心,
264,264+000.0,23.348491,120.3306,884ba25819fffff,894ba258197ffff,8a4ba2581947fff,8b4ba2581945fff,134,行動南區營運處,台南營運中心,
264,264+100.0,23.347632,120.3309,884ba25819fffff,894ba258197ffff,8a4ba258195ffff,8b4ba258195cfff,134,行動南區營運處,台南營運中心,
264,264+200.0,23.346772,120.3312,884ba25819fffff,894ba258187ffff,8a4ba258195ffff,8b4ba258195bfff,134,行動南區營運處,台南營運中心,
264,264+300.0,23.345912,120.3315,884ba25819fffff,894ba258187ffff,8a4ba2581877fff,8b4ba2581872fff,134,行動南區營運處,台南營運中心,
264,264+400.0,23.345053,120.3318,884ba25819fffff,894ba258187ffff,8a4ba2581857fff,8b4ba2581852fff,134,行動南區營運處,台南營運中心,
264,264+500.0,23.344194,120.3321,884ba25819fffff,894ba25818fffff,8a4ba25818effff,8b4ba25818eefff,134,行動南區營運處,台南營運中心,
264,264+600.0,23.343334,120.3324,884ba25819fffff,894ba25818fffff,8a4ba25818cffff,8b4ba25818cefff,134,行動南區營運處,台南營運中心,
264,264+700.0,23.342474,120.3327,884ba25811fffff,894ba25818fffff,8a4ba2581167fff,8b4ba25818d9fff,134,行動南區營運處,台南營運中心,
264,264+800.0,23.341615,120.333,884ba25811fffff,894ba258117ffff,8a4ba2581177fff,8b4ba2581171fff,134,行動南區營運處,台南營運中心,
264,264+900.0,23.340755,120.3333,884ba25811fffff,894ba258117ffff,8a4ba2581157fff,8b4ba2581155fff,134,行動南區營運處,台南營運中心,
265,265+000.0,23.339896,120.3336,884ba25811fffff,894ba258117ffff,8a4ba258102ffff,8b4ba258102dfff,135,行動南區營運處,台南營運中心,
265,265+100.0,23.339036,120.3339,884ba25811fffff,894ba258103ffff,8a4ba258102ffff,8b4ba258102bfff,135,行動南區營運處,台南營運中心,
265,265+149.4,23.338612,120.334,884ba25811fffff,894ba258103ffff,8a4ba258100ffff,8b4ba258100dfff,135,行動南區營運處,台南營運中心,
265,265+200.0,23.338177,120.3342,884ba25811fffff,894ba258103ffff,8a4ba258100ffff,8b4ba258100bfff,135,行動南區營運處,台南營運中心,
265,265+300.0,23.337317,120.3345,884ba25811fffff,894ba25810fffff,8a4ba25810e7fff,8b4ba25810e0fff,135,行動南區營運處,台南營運中心,
265,265+400.0,23.336457,120.3348,884ba25811fffff,894ba25810fffff,8a4ba25810c7fff,8b4ba25810c0fff,135,行動南區營運處,台南營運中心,
265,265+500.0,23.335594,120.3351,884ba25811fffff,894ba25810fffff,8a4ba25810dffff,8b4ba25810dcfff,135,行動南區營運處,台南營運中心,
265,265+599.4,23.334733,120.3354,884ba25817fffff,894ba258177ffff,8a4ba2581777fff,8b4ba2581774fff,135,行動南區營運處,台南營運中心,
265,265+600.0,23.334728,120.3354,884ba25817fffff,894ba258177ffff,8a4ba2581777fff,8b4ba2581774fff,135,行動南區營運處,台南營運中心,
265,265+700.0,23.33386,120.3356,884ba25817fffff,894ba258177ffff,8a4ba2581777fff,8b4ba2581772fff,135,行動南區營運處,台南營運中心,
265,265+800.0,23.332988,120.3359,884ba25817fffff,894ba258177ffff,8a4ba2581757fff,8b4ba2581752fff,135,行動南區營運處,台南營運中心,
265,265+900.0,23.332114,120.3361,884ba25817fffff,894ba258163ffff,8a4ba258162ffff,8b4ba258162efff,135,行動南區營運處,台南營運中心,
266,266+000.0,23.331237,120.3364,884ba25817fffff,894ba258163ffff,8a4ba2581607fff,8b4ba258160efff,135,行動南區營運處,台南營運中心,
266,266+100.0,23.330356,120.3366,884ba25817fffff,894ba258163ffff,8a4ba258161ffff,8b4ba258161bfff,135,行動南區營運處,台南營運中心,
266,266+200.0,23.329474,120.3368,884ba25817fffff,894ba25816fffff,8a4ba25816f7fff,8b4ba25816f0fff,135,行動南區營運處,台南營運中心,
266,266+259.5,23.328948,120.3369,884ba25817fffff,894ba25816fffff,8a4ba25816f7fff,8b4ba25816f3fff,135,行動南區營運處,台南營運中心,
266,266+300.0,23.32859,120.337,884ba25817fffff,894ba25816fffff,8a4ba25816d7fff,8b4ba25816d4fff,135,行動南區營運處,台南營運中心,
266,266+400.0,23.327703,120.3372,884ba258edfffff,894ba258ed3ffff,8a4ba258ed2ffff,8b4ba258ed2cfff,135,行動南區營運處,台南營運中心,
266,266+500.0,23.326815,120.3373,884ba258edfffff,894ba258ed3ffff,8a4ba258ed07fff,8b4ba258ed01fff,135,行動南區營運處,台南營運中心,
266,266+600.0,23.325926,120.3375,884ba258edfffff,894ba258ed3ffff,8a4ba258ed1ffff,8b4ba258ed1dfff,135,行動南區營運處,台南營運中心,
266,266+700.0,23.325036,120.3377,884ba258edfffff,894ba258ec3ffff,8a4ba258ec37fff,8b4ba258ed1bfff,135,行動南區營運處,台南營運中心,
266,266+709.5,23.324951,120.3377,884ba258edfffff,894ba258ec3ffff,8a4ba258ec37fff,8b4ba258ec35fff,135,行動南區營運處,台南營運中心,
266,266+800.0,23.324147,120.3378,884ba258edfffff,894ba258ec3ffff,8a4ba258ec37fff,8b4ba258ec33fff,135,行動南區營運處,台南營運中心,
266,266+900.0,23.323257,120.338,884ba258edfffff,894ba258ec3ffff,8a4ba258ec17fff,8b4ba258ec12fff,135,行動南區營運處,台南營運中心,
267,267+000.0,23.322367,120.3382,884ba258edfffff,894ba258ecbffff,8a4ba258ecaffff,8b4ba258ecaefff,136,行動南區營運處,台南營運中心,
267,267+100.0,23.321478,120.3383,884ba258edfffff,894ba258ecbffff,8a4ba258ec87fff,8b4ba258ec81fff,136,行動南區營運處,台南營運中心,
267,267+200.0,23.320588,120.3385,884ba258edfffff,894ba258ecbffff,8a4ba258ec9ffff,8b4ba258ec98fff,136,行動南區營運處,台南營運中心,
267,267+300.0,23.319698,120.3387,884ba258e5fffff,894ba258e53ffff,8a4ba258e537fff,8b4ba258e530fff,136,行動南區營運處,台南營運中心,
267,267+400.0,23.318809,120.3388,884ba258e5fffff,894ba258e53ffff,8a4ba258e517fff,8b4ba258e514fff,136,行動南區營運處,台南營運中心,
267,267+500.0,23.317919,120.339,884ba258e5fffff,894ba258e5bffff,8a4ba258e5a7fff,8b4ba258e5a1fff,136,行動南區營運處,台南營運中心,
267,267+600.0,23.317029,120.3392,884ba258e5fffff,894ba258e5bffff,8a4ba258e587fff,8b4ba258e585fff,136,行動南區營運處,台南營運中心,
267,267+700.0,23.316141,120.3394,884ba258e5fffff,894ba258e5bffff,8a4ba258e59ffff,8b4ba258e59dfff,136,行動南區營運處,台南營運中心,
267,267+800.0,23.315251,120.3395,884ba258e5fffff,894ba258e5bffff,8a4ba258e59ffff,8b4ba258e59bfff,136,行動南區營運處,台南營運中心,
267,267+900.0,23.314361,120.3397,884ba258e5fffff,894ba258e4bffff,8a4ba258e4b7fff,8b4ba258e4b2fff,136,行動南區營運處,台南營運中心,
268,268+000.0,23.313472,120.3399,884ba259d9fffff,894ba258e4bffff,8a4ba258e497fff,8b4ba258e496fff,136,行動南區營運處,台南營運中心,
268,268+100.0,23.312582,120.34,884ba259d9fffff,894ba259d87ffff,8a4ba259d867fff,8b4ba259d86efff,136,行動南區營運處,台南營運中心,
268,268+200.0,23.311692,120.3402,884ba259d9fffff,894ba259d87ffff,8a4ba259d847fff,8b4ba259d840fff,136,行動南區營運處,台南營運中心,
268,268+300.0,23.310803,120.3404,884ba259d9fffff,894ba259d87ffff,8a4ba259d85ffff,8b4ba259d858fff,136,行動南區營運處,台南營運中心,
268,268+400.0,23.309913,120.3405,884ba259d9fffff,894ba259dbbffff,8a4ba259dbb7fff,8b4ba259dbb4fff,136,行動南區營運處,台南營運中心,
268,268+500.0,23.309023,120.3407,884ba259d9fffff,894ba259dbbffff,8a4ba259d8cffff,8b4ba259d8c9fff,136,行動南區營運處,台南營運中心,
268,268+600.0,23.308134,120.3409,884ba259d1fffff,894ba259d17ffff,8a4ba259d167fff,8b4ba259d165fff,136,行動南區營運處,台南營運中心,
268,268+700.0,23.307244,120.341,884ba259d1fffff,894ba259d17ffff,8a4ba259d147fff,8b4ba259d145fff,136,行動南區營運處,台南營運中心,
268,268+800.0,23.306355,120.3412,884ba259d1fffff,894ba259d17ffff,8a4ba259d147fff,8b4ba259d143fff,136,行動南區營運處,台南營運中心,
268,268+900.0,23.305466,120.3414,884ba259d1fffff,894ba259d17ffff,8a4ba259d15ffff,8b4ba259d15afff,136,行動南區營運處,台南營運中心,
269,269+000.0,23.304576,120.3415,884ba259d1fffff,894ba259d07ffff,8a4ba259d077fff,8b4ba259d076fff,137,行動南區營運處,台南營運中心,
269,269+100.0,23.303687,120.3417,884ba259d1fffff,894ba259d07ffff,8a4ba259d00ffff,8b4ba259d056fff,137,行動南區營運處,台南營運中心,
269,269+200.0,23.302797,120.3419,884ba259d1fffff,894ba259d0fffff,8a4ba259d0e7fff,8b4ba259d0e3fff,137,行動南區營運處,台南營運中心,
269,269+300.0,23.301907,120.342,884ba259d1fffff,894ba259d0fffff,8a4ba259d0c7fff,8b4ba259d0c0fff,137,行動南區營運處,台南營運中心,
269,269+400.0,23.301018,120.3422,884ba259d1fffff,894ba259d0fffff,8a4ba259d0dffff,8b4ba259d0dcfff,137,行動南區營運處,台南營運中心,
269,269+500.0,23.300128,120.3424,884ba259d7fffff,894ba259d73ffff,8a4ba259d72ffff,8b4ba259d729fff,137,行動南區營運處,台南營運中心,
269,269+600.0,23.299238,120.3425,884ba259d7fffff,894ba259d73ffff,8a4ba259d70ffff,8b4ba259d709fff,137,行動南區營運處,台南營運中心,
269,269+700.0,23.298349,120.3427,884ba259d7fffff,894ba259d63ffff,8a4ba259d627fff,8b4ba259d625fff,137,行動南區營運處,台南營運中心,
269,269+800.0,23.297459,120.3429,884ba259d7fffff,894ba259d63ffff,8a4ba259d627fff,8b4ba259d623fff,137,行動南區營運處,台南營運中心,
269,269+900.0,23.296569,120.343,884ba259d7fffff,894ba259d63ffff,8a4ba259d607fff,8b4ba259d602fff,137,行動南區營運處,台南營運中心,
270,270+000.0,23.295681,120.3432,884ba259d7fffff,894ba259d63ffff,8a4ba259d61ffff,8b4ba259d61efff,137,行動南區營運處,台南營運中心,
270,270+100.0,23.294791,120.3434,884ba259d7fffff,894ba259d6bffff,8a4ba259d6f7fff,8b4ba259d6f6fff,137,行動南區營運處,台南營運中心,
270,270+200.0,23.293901,120.3436,884ba259d7fffff,894ba259d6bffff,8a4ba259d68ffff,8b4ba259d68bfff,137,行動南區營運處,台南營運中心,
270,270+300.0,23.293012,120.3437,884ba2599dfffff,894ba2599d3ffff,8a4ba2599d27fff,8b4ba2599d20fff,137,行動南區營運處,台南營運中心,
270,270+400.0,23.292122,120.3439,884ba2599dfffff,894ba2599d3ffff,8a4ba2599d07fff,8b4ba2599d04fff,137,行動南區營運處,台南營運中心,
270,270+500.0,23.291232,120.3441,884ba2599dfffff,894ba2599d3ffff,8a4ba2599d1ffff,8b4ba2599d11fff,137,行動南區營運處,台南營運中心,
270,270+600.0,23.290343,120.3442,884ba2599dfffff,894ba2599dbffff,8a4ba2599daffff,8b4ba2599da9fff,137,行動南區營運處,台南營運中心,
270,270+700.0,23.289453,120.3444,884ba2599dfffff,894ba2599dbffff,8a4ba2599d8ffff,8b4ba2599d8dfff,137,行動南區營運處,台南營運中心,
270,270+800.0,23.288563,120.3446,884ba2599dfffff,894ba2599dbffff,8a4ba2599ca7fff,8b4ba2599ca4fff,137,行動南區營運處,台南營運中心,
270,270+900.0,23.287674,120.3447,884ba2599dfffff,894ba2599cbffff,8a4ba2599ca7fff,8b4ba2599ca2fff,137,行動南區營運處,台南營運中心,
271,271+000.0,23.286784,120.3449,884ba2599dfffff,894ba2599cbffff,8a4ba2599c87fff,8b4ba2599c82fff,138,行動南區營運處,台南營運中心,
271,271+100.0,23.285895,120.3451,884ba2599dfffff,894ba2599cbffff,8a4ba2599c9ffff,8b4ba2599c9efff,138,行動南區營運處,台南營運中心,
271,271+200.0,23.285006,120.3452,884ba25983fffff,894ba259827ffff,8a4ba259826ffff,8b4ba259826bfff,138,行動南區營運處,台南營運中心,
271,271+291.5,23.284191,120.3454,884ba25995fffff,894ba259827ffff,8a4ba259824ffff,8b4ba2598248fff,138,行動南區營運處,台南營運中心,
271,271+300.0,23.284116,120.3454,884ba25995fffff,894ba259827ffff,8a4ba259824ffff,8b4ba2598248fff,138,行動南區營運處,台南營運中心,
271,271+400.0,23.283226,120.3456,884ba25995fffff,894ba25995bffff,8a4ba25995a7fff,8b4ba25995a0fff,138,行動南區營運處,台南營運中心,
271,271+500.0,23.282336,120.3457,884ba25995fffff,894ba25995bffff,8a4ba2599587fff,8b4ba2599584fff,138,行動南區營運處,台南營運中心,
271,271+600.0,23.281445,120.3459,884ba25995fffff,894ba25995bffff,8a4ba2599597fff,8b4ba2599591fff,138,行動南區營運處,台南營運中心,
271,271+700.0,23.280553,120.346,884ba25995fffff,894ba259b97ffff,8a4ba259b96ffff,8b4ba259b96dfff,138,行動南區營運處,台南營運中心,
271,271+800.0,23.279659,120.3462,884ba259b9fffff,894ba259b97ffff,8a4ba259b94ffff,8b4ba259b94cfff,138,行動南區營運處,台南營運中心,
271,271+841.5,23.279288,120.3462,884ba259b9fffff,894ba259b97ffff,8a4ba259b94ffff,8b4ba259b948fff,138,行動南區營運處,台南營運中心,
271,271+900.0,23.278762,120.3463,884ba259b9fffff,894ba259b97ffff,8a4ba259b94ffff,8b4ba259b94afff,138,行動南區營運處,台南營運中心,
272,272+000.0,23.277864,120.3464,884ba259b9fffff,894ba259b87ffff,8a4ba259b867fff,8b4ba259b875fff,138,行動南區營運處,台南營運中心,
272,272+100.0,23.276965,120.3465,884ba259b9fffff,894ba259b87ffff,8a4ba259b877fff,8b4ba259b873fff,138,行動南區營運處,台南營運中心,
272,272+200.0,23.276064,120.3465,884ba259b9fffff,894ba259b87ffff,8a4ba259b857fff,8b4ba259b852fff,138,行動南區營運處,台南營運中心,
272,272+300.0,23.275162,120.3466,884ba259b9fffff,894ba259b8fffff,8a4ba259b8effff,8b4ba259b8eefff,138,行動南區營運處,台南營運中心,
272,272+400.0,23.274259,120.3466,884ba259b9fffff,894ba259b8fffff,8a4ba259b8c7fff,8b4ba259b8c3fff,138,行動南區營運處,台南營運中心,
272,272+500.0,23.273357,120.3466,884ba259b9fffff,894ba259b8fffff,8a4ba259b8dffff,8b4ba259b8d8fff,138,行動南區營運處,台南營運中心,
272,272+600.0,23.272454,120.3466,884ba259b1fffff,894ba259b17ffff,8a4ba259b177fff,8b4ba259b176fff,138,行動南區營運處,台南營運中心,
272,272+700.0,23.27155,120.3466,884ba259b1fffff,894ba259b13ffff,8a4ba259b10ffff,8b4ba259b109fff,138,行動南區營運處,台南營運中心,
272,272+800.0,23.270648,120.3466,884ba259b1fffff,894ba259b03ffff,8a4ba259b027fff,8b4ba259b024fff,138,行動南區營運處,台南營運中心,
272,272+900.0,23.269747,120.3465,884ba259b1fffff,894ba259b03ffff,8a4ba259b037fff,8b4ba259b031fff,138,行動南區營運處,台南營運中心,
273,273+000.0,23.268847,120.3464,884ba259b1fffff,894ba259b03ffff,8a4ba259b017fff,8b4ba259b015fff,139,行動南區營運處,台南營運中心,
273,273+100.0,23.267948,120.3463,884ba259b1fffff,894ba259b0bffff,8a4ba259b017fff,8b4ba259b012fff,139,行動南區營運處,台南營運中心,
273,273+200.0,23.267051,120.3462,884ba259b1fffff,894ba259b0bffff,8a4ba259b087fff,8b4ba259b085fff,139,行動南區營運處,台南營運中心,
273,273+300.0,23.266156,120.3461,884ba259b1fffff,894ba259b0bffff,8a4ba259b087fff,8b4ba259b082fff,139,行動南區營運處,台南營運中心,
273,273+400.0,23.265262,120.346,884ba259b1fffff,894ba259b0bffff,8a4ba259b097fff,8b4ba259b093fff,139,行動南區營運處,台南營運中心,
273,273+500.0,23.264372,120.3458,884ba259b5fffff,894ba259b47ffff,8a4ba259b46ffff,8b4ba259b46afff,139,行動南區營運處,台南營運中心,
273,273+600.0,23.263484,120.3456,884ba259b5fffff,894ba259b47ffff,8a4ba259b447fff,8b4ba259b443fff,139,行動南區營運處,台南營運中心,
273,273+700.0,23.2626,120.3454,884ba259b5fffff,894ba259b47ffff,8a4ba259b45ffff,8b4ba259b458fff,139,行動南區營運處,台南營運中心,
273,273+800.0,23.261718,120.3452,884ba259b5fffff,894ba259b4fffff,8a4ba259b4effff,8b4ba259b4e9fff,139,行動南區營運處,台南營運中心,
273,273+900.0,23.260841,120.345,884ba259b5fffff,894ba259b4fffff,8a4ba259b4cffff,8b4ba259b4ccfff,139,行動南區營運處,台南營運中心,
274,274+000.0,23.259968,120.3447,884ba259b5fffff,894ba259b4fffff,8a4ba259b4dffff,8b4ba259b4ddfff,139,行動南區營運處,台南營運中心,
274,274+100.0,23.259098,120.3445,884ba24b4bfffff,894ba24b4b7ffff,8a4ba24b4b77fff,8b4ba24b4b74fff,139,行動南區營運處,台南營運中心,
274,274+200.0,23.258234,120.3442,884ba24b4bfffff,894ba24b4b3ffff,8a4ba24b4b0ffff,8b4ba24b4b0dfff,139,行動南區營運處,台南營運中心,
274,274+300.0,23.257374,120.3439,884ba24b4bfffff,894ba24b4b3ffff,8a4ba24b4b0ffff,8b4ba24b4b0afff,139,行動南區營運處,台南營運中心,
274,274+400.0,23.256519,120.3436,884ba24b4bfffff,894ba24b4b3ffff,8a4ba24b4b1ffff,8b4ba24b4b1bfff,139,行動南區營運處,台南營運中心,
274,274+500.0,23.25567,120.3432,884ba24b4bfffff,894ba24b4bbffff,8a4ba24b4baffff,8b4ba24b4a36fff,139,行動南區營運處,台南營運中心,
274,274+600.0,23.254826,120.3429,884ba24b4bfffff,894ba24b4bbffff,8a4ba24b4b8ffff,8b4ba24b4b8efff,139,行動南區營運處,台南營運中心,
274,274+700.0,23.253988,120.3425,884ba24b4bfffff,894ba24b4bbffff,8a4ba24b4b9ffff,8b4ba24b4b98fff,139,行動南區營運處,台南營運中心,
274,274+800.0,23.253157,120.3422,884ba24b4bfffff,894ba24b417ffff,8a4ba24b416ffff,8b4ba24b4169fff,139,行動南區營運處,台南營運中心,
274,274+900.0,23.252331,120.3418,884ba24b41fffff,894ba24b417ffff,8a4ba24b414ffff,8b4ba24b414cfff,139,行動南區營運處,台南營運中心,
275,275+000.0,23.251513,120.3413,884ba24b41fffff,894ba24b417ffff,8a4ba24b415ffff,8b4ba24b415dfff,140,行動南區營運處,台南營運中心,
275,275+100.0,23.250702,120.3409,884ba24b41fffff,894ba24b417ffff,8a4ba24b415ffff,8b4ba24b402dfff,140,行動南區營運處,台南營運中心,
275,275+200.0,23.249898,120.3405,884ba24b41fffff,894ba24b403ffff,8a4ba24b402ffff,8b4ba24b402afff,140,行動南區營運處,台南營運中心,
275,275+300.0,23.249101,120.34,884ba24b41fffff,894ba24b403ffff,8a4ba24b4007fff,8b4ba24b4003fff,140,行動南區營運處,台南營運中心,
275,275+400.0,23.248313,120.3395,884ba24b41fffff,894ba24b403ffff,8a4ba24b4017fff,8b4ba24b4011fff,140,行動南區營運處,台南營運中心,
275,275+500.0,23.247531,120.339,884ba24b41fffff,894ba24b40bffff,8a4ba24b40affff,8b4ba24b40acfff,140,行動南區營運處,台南營運中心,
275,275+600.0,23.246759,120.3385,884ba24b41fffff,894ba24b40bffff,8a4ba24b4087fff,8b4ba24b4084fff,140,行動南區營運處,台南營運中心,
275,275+700.0,23.245996,120.338,884ba24b41fffff,894ba24b40bffff,8a4ba24b4097fff,8b4ba24b40b3fff,140,行動南區營運處,台南營運中心,
275,275+800.0,23.24524,120.3375,884ba24b45fffff,894ba24b40bffff,8a4ba24b4097fff,8b4ba24b4096fff,140,行動南區營運處,台南營運中心,
275,275+838.7,23.24495,120.3373,884ba24b45fffff,894ba24b447ffff,8a4ba24b4467fff,8b4ba24b4465fff,140,行動南區營運處,台南營運中心,
275,275+900.0,23.244494,120.3369,884ba24b45fffff,894ba24b447ffff,8a4ba24b4467fff,8b4ba24b4466fff,140,行動南區營運處,台南營運中心,
276,276+000.0,23.243757,120.3364,884ba24b45fffff,894ba24b447ffff,8a4ba24b4477fff,8b4ba24b4474fff,140,行動南區營運處,台南營運中心,
276,276+100.0,23.243027,120.3358,884ba24b45fffff,894ba24b443ffff,8a4ba24b440ffff,8b4ba24b440dfff,140,行動南區營運處,台南營運中心,
276,276+200.0,23.242303,120.3352,884ba24b45fffff,894ba24b443ffff,8a4ba24b440ffff,8b4ba24b440efff,140,行動南區營運處,台南營運中心,
276,276+300.0,23.241581,120.3346,884ba24b45fffff,894ba24b443ffff,8a4ba24b441ffff,8b4ba24b441efff,140,行動南區營運處,台南營運中心,
276,276+388.7,23.240941,120.3341,884ba24b45fffff,894ba24b44bffff,8a4ba24b44affff,8b4ba24b44acfff,140,行動南區營運處,台南營運中心,
276,276+400.0,23.24086,120.334,884ba24b45fffff,894ba24b44bffff,8a4ba24b44affff,8b4ba24b44acfff,140,行動南區營運處,台南營運中心,
276,276+500.0,23.240138,120.3334,884ba24b45fffff,894ba24b44bffff,8a4ba24b4487fff,8b4ba24b4485fff,140,行動南區營運處,台南營運中心,
276,276+600.0,23.239417,120.3329,884ba24b45fffff,894ba24b44bffff,8a4ba24b4487fff,8b4ba24b4486fff,140,行動南區營運處,台南營運中心,
276,276+700.0,23.238696,120.3323,884ba24b69fffff,894ba24b44bffff,8a4ba24b4497fff,8b4ba24b4496fff,140,行動南區營運處,台南營運中心,
276,276+800.0,23.237975,120.3317,884ba24b69fffff,894ba24b687ffff,8a4ba24b6867fff,8b4ba24b6864fff,140,行動南區營運處,台南營運中心,
276,276+900.0,23.237254,120.3311,884ba24b69fffff,894ba24b687ffff,8a4ba24b6877fff,8b4ba24b6875fff,140,行動南區營運處,台南營運中心,
277,277+000.0,23.236533,120.3305,884ba24b69fffff,894ba24b683ffff,8a4ba24b680ffff,8b4ba24b680dfff,141,行動南區營運處,台南營運中心,
277,277+100.0,23.235812,120.3299,884ba24b69fffff,894ba24b683ffff,8a4ba24b680ffff,8b4ba24b680efff,141,行動南區營運處,台南營運中心,
277,277+200.0,23.23509,120.3293,884ba24b69fffff,894ba24b683ffff,8a4ba24b681ffff,8b4ba24b681cfff,141,行動南區營運處,台南營運中心,
277,277+300.0,23.234369,120.3287,884ba24b69fffff,894ba24b68bffff,8a4ba24b68affff,8b4ba24b68acfff,141,行動南區營運處,台南營運中心,
277,277+400.0,23.233648,120.3281,884ba24b69fffff,894ba24b68bffff,8a4ba24b6887fff,8b4ba24b6885fff,141,行動南區營運處,台南營運中心,
277,277+500.0,23.232927,120.3276,884ba24b69fffff,894ba24b68bffff,8a4ba24b6887fff,8b4ba24b6886fff,141,行動南區營運處,台南營運中心,
277,277+600.0,23.232206,120.327,884ba24b6dfffff,894ba24b68bffff,8a4ba24b6897fff,8b4ba24b6896fff,141,行動南區營運處,台南營運中心,
277,277+700.0,23.231485,120.3264,884ba24b6dfffff,894ba24b6c7ffff,8a4ba24b6c67fff,8b4ba24b6c64fff,141,行動南區營運處,台南營運中心,
277,277+800.0,23.230763,120.3258,884ba24b6dfffff,894ba24b6c7ffff,8a4ba24b6c77fff,8b4ba24b6c75fff,141,行動南區營運處,台南營運中心,
277,277+900.0,23.230042,120.3252,884ba24b6dfffff,894ba24b6c3ffff,8a4ba24b6c2ffff,8b4ba24b6c76fff,141,行動南區營運處,台南營運中心,
278,278+000.0,23.229321,120.3246,884ba24b6dfffff,894ba24b6c3ffff,8a4ba24b6c0ffff,8b4ba24b6c0efff,141,行動南區營運處,台南營運中心,
278,278+100.0,23.228599,120.324,884ba24b6dfffff,894ba24b6c3ffff,8a4ba24b6c1ffff,8b4ba24b6c1cfff,141,行動南區營運處,台南營運中心,
278,278+200.0,23.227879,120.3234,884ba24b6dfffff,894ba24b6cbffff,8a4ba24b6caffff,8b4ba24b6cacfff,141,行動南區營運處,台南營運中心,
278,278+300.0,23.227158,120.3229,884ba24b6dfffff,894ba24b6cbffff,8a4ba24b6ca7fff,8b4ba24b6ca3fff,141,行動南區營運處,台南營運中心,
278,278+400.0,23.226436,120.3223,884ba24b6dfffff,894ba24b6cbffff,8a4ba24b6c87fff,8b4ba24b6c86fff,141,行動南區營運處,台南營運中心,
278,278+500.0,23.225715,120.3217,884bb196b3fffff,894ba24b6cbffff,8a4ba24b6c97fff,8b4ba24b6c94fff,141,行動南區營運處,台南營運中心,
278,278+600.0,23.224994,120.3211,884bb196b3fffff,894bb196b37ffff,8a4bb196b267fff,8b4bb196b264fff,141,行動南區營運處,台南營運中心,
278,278+700.0,23.224272,120.3205,884bb196b3fffff,894bb196b27ffff,8a4bb196b35ffff,8b4bb196b35bfff,141,行動南區營運處,台南營運中心,
278,278+800.0,23.223551,120.3199,884bb196b3fffff,894bb196b23ffff,8a4bb196b22ffff,8b4bb196b276fff,141,行動南區營運處,台南營運中心,
278,278+900.0,23.222831,120.3193,884bb196b3fffff,894bb196b23ffff,8a4bb196b20ffff,8b4bb196b20cfff,141,行動南區營運處,台南營運中心,
279,279+000.0,23.222109,120.3187,884bb196b3fffff,894bb196b23ffff,8a4bb196b21ffff,8b4bb196b21cfff,142,行動南區營運處,台南營運中心,
279,279+100.0,23.221388,120.3182,884bb196b3fffff,894bb196b23ffff,8a4bb196b217fff,8b4bb196b213fff,142,行動南區營運處,台南營運中心,
279,279+200.0,23.220667,120.3176,884bb196b3fffff,894bb196b2bffff,8a4bb196b2a7fff,8b4bb196b2a3fff,142,行動南區營運處,台南營運中心,
279,279+300.0,23.219945,120.317,884bb196b3fffff,894bb196b2bffff,8a4bb196b287fff,8b4bb196b2b1fff,142,行動南區營運處,台南營運中心,
279,279+400.0,23.219224,120.3164,884bb196b3fffff,894bb196b2bffff,8a4bb196b297fff,8b4bb196b294fff,142,行動南區營運處,台南營運中心,
279,279+500.0,23.218503,120.3158,884bb196b7fffff,894bb196b77ffff,8a4bb196b74ffff,8b4bb196b74bfff,142,行動南區營運處,台南營運中心,
279,279+600.0,23.217782,120.3152,884bb196b7fffff,894bb196b67ffff,8a4bb196b75ffff,8b4bb196b75bfff,142,行動南區營運處,台南營運中心,
279,279+700.0,23.217061,120.3146,884bb196b7fffff,894bb196b63ffff,8a4bb196b62ffff,8b4bb196b629fff,142,行動南區營運處,台南營運中心,
279,279+800.0,23.216339,120.314,884bb196b7fffff,894bb196b63ffff,8a4bb196b60ffff,8b4bb196b60cfff,142,行動南區營運處,台南營運中心,
279,279+900.0,23.215618,120.3134,884bb196b7fffff,894bb196b63ffff,8a4bb196b607fff,8b4bb196b61cfff,142,行動南區營運處,台南營運中心,
280,280+000.0,23.214897,120.3129,884bb196b7fffff,894bb196b63ffff,8a4bb196b617fff,8b4bb196b613fff,142,行動南區營運處,台南營運中心,
280,280+100.0,23.214175,120.3123,884bb196b7fffff,894bb196b6bffff,8a4bb196b6a7fff,8b4bb196b6a1fff,142,行動南區營運處,台南營運中心,
280,280+200.0,23.213454,120.3117,884bb196b7fffff,894bb196b6bffff,8a4bb196b687fff,8b4bb196b6b1fff,142,行動南區營運處,台南營運中心,
280,280+300.0,23.212734,120.3111,884bb196b7fffff,894bb196b6bffff,8a4bb196b6b7fff,8b4bb196b694fff,142,行動南區營運處,台南營運中心,
280,280+400.0,23.212012,120.3105,884bb194cbfffff,894bb194cb7ffff,8a4bb194cb4ffff,8b4bb194cb4bfff,142,行動南區營運處,台南營運中心,
280,280+500.0,23.211291,120.3099,884bb194cbfffff,894bb194cb7ffff,8a4bb194cb5ffff,8b4bb194cb5bfff,142,行動南區營運處,台南營運中心,
280,280+600.0,23.210569,120.3093,884bb194cbfffff,894bb194ca3ffff,8a4bb194ca2ffff,8b4bb194ca29fff,142,行動南區營運處,台南營運中心,
280,280+700.0,23.209848,120.3087,884bb194cbfffff,894bb194ca3ffff,8a4bb194ca0ffff,8b4bb194ca0cfff,142,行動南區營運處,台南營運中心,
280,280+800.0,23.209127,120.3082,884bb194cbfffff,894bb194ca3ffff,8a4bb194ca07fff,8b4bb194ca03fff,142,行動南區營運處,台南營運中心,
280,280+900.0,23.208405,120.3076,884bb194cbfffff,894bb194ca3ffff,8a4bb194ca17fff,8b4bb194ca13fff,142,行動南區營運處,台南營運中心,
281,281+000.0,23.207685,120.307,884bb194cbfffff,894bb194cabffff,8a4bb194caa7fff,8b4bb194caa1fff,143,行動南區營運處,台南營運中心,
281,281+100.0,23.206963,120.3064,884bb194cbfffff,894bb194cabffff,8a4bb194ca87fff,8b4bb194ca84fff,143,行動南區營運處,台南營運中心,
281,281+200.0,23.206242,120.3058,884bb194cbfffff,894bb194cabffff,8a4bb194cab7fff,8b4bb194cab3fff,143,行動南區營運處,台南營運中心,
281,281+300.0,23.205521,120.3052,884bb194c1fffff,894bb194c17ffff,8a4bb194c14ffff,8b4bb194c14bfff,143,行動南區營運處,台南營運中心,
281,281+400.0,23.204799,120.3046,884bb194c1fffff,894bb194c17ffff,8a4bb194c15ffff,8b4bb194c159fff,143,行動南區營運處,台南營運中心,
281,281+500.0,23.204078,120.304,884bb194c1fffff,894bb194c03ffff,8a4bb194c02ffff,8b4bb194c029fff,143,行動南區營運處,台南營運中心,
281,281+600.0,23.203357,120.3035,884bb194c1fffff,894bb194c03ffff,8a4bb194c02ffff,8b4bb194c02afff,143,行動南區營運處,台南營運中心,
281,281+700.0,23.202636,120.3029,884bb194c1fffff,894bb194c03ffff,8a4bb194c007fff,8b4bb194c003fff,143,行動南區營運處,台南營運中心,
281,281+800.0,23.201915,120.3023,884bb194c1fffff,894bb194c03ffff,8a4bb194c017fff,8b4bb194c011fff,143,行動南區營運處,台南營運中心,
281,281+900.0,23.201193,120.3017,884bb194c1fffff,894bb194c0bffff,8a4bb194c0a7fff,8b4bb194c0a1fff,143,行動南區營運處,台南營運中心,
282,282+000.0,23.200472,120.3011,884bb194c1fffff,894bb194c0bffff,8a4bb194c0a7fff,8b4bb194c0a2fff,143,行動南區營運處,台南營運中心,
282,282+100.0,23.19975,120.3005,884bb194c1fffff,894bb194c0bffff,8a4bb194c0b7fff,8b4bb194c0b3fff,143,行動南區營運處,台南營運中心,
282,282+200.0,23.199029,120.2999,884bb194c5fffff,894bb194c57ffff,8a4bb194c54ffff,8b4bb194c54bfff,143,行動南區營運處,台南營運中心,
282,282+300.0,23.198308,120.2993,884bb194c5fffff,894bb194c57ffff,8a4bb194c55ffff,8b4bb194c559fff,143,行動南區營運處,台南營運中心,
282,282+400.0,23.197587,120.2988,884bb194c5fffff,894bb194c57ffff,8a4bb194c55ffff,8b4bb194c55afff,143,行動南區營運處,台南營運中心,
282,282+500.0,23.196866,120.2982,884bb194c5fffff,894bb194c43ffff,8a4bb194c42ffff,8b4bb194c42afff,143,行動南區營運處,台南營運中心,
282,282+600.0,23.196144,120.2976,884bb194c5fffff,894bb194c43ffff,8a4bb194c407fff,8b4bb194c403fff,143,行動南區營運處,台南營運中心,
282,282+700.0,23.195423,120.297,884bb194c5fffff,894bb194c43ffff,8a4bb194c417fff,8b4bb194c411fff,143,行動南區營運處,台南營運中心,
282,282+800.0,23.194702,120.2964,884bb194c5fffff,894bb194c4bffff,8a4bb194c4a7fff,8b4bb194c412fff,143,行動南區營運處,台南營運中心,
282,282+900.0,23.19398,120.2958,884bb194c5fffff,894bb194c4bffff,8a4bb194c4a7fff,8b4bb194c4a2fff,143,行動南區營運處,台南營運中心,
283,283+000.0,23.193259,120.2952,884bb194c5fffff,894bb194c4bffff,8a4bb194c4b7fff,8b4bb194c4b0fff,144,行動南區營運處,台南營運中心,
283,283+100.0,23.192538,120.2946,884bb194e9fffff,894bb194e97ffff,8a4bb194e94ffff,8b4bb194e949fff,144,行動南區營運處,台南營運中心,
283,283+200.0,23.191817,120.2941,884bb194e9fffff,894bb194e97ffff,8a4bb194e95ffff,8b4bb194e959fff,144,行動南區營運處,台南營運中心,
283,283+300.0,23.191095,120.2935,884bb194e9fffff,894bb194e97ffff,8a4bb194e95ffff,8b4bb194e95afff,144,行動南區營運處,台南營運中心,
283,283+400.0,23.190374,120.2929,884bb194e9fffff,894bb194e83ffff,8a4bb194e82ffff,8b4bb194e828fff,144,行動南區營運處,台南營運中心,
283,283+454.6,23.189981,120.2926,884bb194e9fffff,894bb194e83ffff,8a4bb194e807fff,8b4bb194e82afff,144,行動南區營運處,台南營運中心,
283,283+500.0,23.189652,120.2923,884bb194e9fffff,894bb194e83ffff,8a4bb194e807fff,8b4bb194e800fff,144,行動南區營運處,台南營運中心,
283,283+600.0,23.188931,120.2917,884bb194e9fffff,894bb194e83ffff,8a4bb194e817fff,8b4bb194e811fff,144,行動南區營運處,台南營運中心,
283,283+700.0,23.188208,120.2911,884bb194e9fffff,894bb194e8bffff,8a4bb194e817fff,8b4bb194e812fff,144,行動南區營運處,台南營運中心,
283,283+800.0,23.187481,120.2905,884bb194e9fffff,894bb194e8bffff,8a4bb194e8a7fff,8b4bb194e8a2fff,144,行動南區營運處,台南營運中心,
283,283+900.0,23.186749,120.29,884bb194e9fffff,894bb194e8bffff,8a4bb194e8b7fff,8b4bb194e8b0fff,144,行動南區營運處,台南營運中心,
284,284+000.0,23.186009,120.2894,884bb194edfffff,894bb194ed7ffff,8a4bb194ed4ffff,8b4bb194ed49fff,144,行動南區營運處,台南營運中心,
284,284+004.6,23.185975,120.2894,884bb194edfffff,894bb194ed7ffff,8a4bb194ed4ffff,8b4bb194ed49fff,144,行動南區營運處,台南營運中心,
284,284+100.0,23.18526,120.2889,884bb194edfffff,894bb194ed7ffff,8a4bb194ed4ffff,8b4bb194ed4afff,144,行動南區營運處,台南營運中心,
284,284+200.0,23.184505,120.2883,884bb194edfffff,894bb194ed7ffff,8a4bb194ed5ffff,8b4bb194ed5afff,144,行動南區營運處,台南營運中心,
284,284+300.0,23.18374,120.2878,884bb194edfffff,894bb194ec3ffff,8a4bb194ec2ffff,8b4bb194ec2bfff,144,行動南區營運處,台南營運中心,
284,284+400.0,23.182969,120.2873,884bb194edfffff,894bb194ec3ffff,8a4bb194ec07fff,8b4bb194ec01fff,144,行動南區營運處,台南營運中心,
284,284+500.0,23.18219,120.2868,884bb194edfffff,894bb194ec3ffff,8a4bb194ec1ffff,8b4bb194ec1cfff,144,行動南區營運處,台南營運中心,
284,284+600.0,23.181404,120.2863,884bb194edfffff,894bb194ecbffff,8a4bb194ecaffff,8b4bb194ecacfff,144,行動南區營運處,台南營運中心,
284,284+700.0,23.180611,120.2859,884bb194edfffff,894bb194ecbffff,8a4bb194ec87fff,8b4bb194ec85fff,144,行動南區營運處,台南營運中心,
284,284+800.0,23.17981,120.2854,884bb194edfffff,894bb194ecbffff,8a4bb194ec87fff,8b4bb194ec82fff,144,行動南區營運處,台南營運中心,
284,284+900.0,23.179004,120.285,884bb19433fffff,894bb194ecbffff,8a4bb194ec97fff,8b4bb194ec90fff,144,行動南區營運處,台南營運中心,
285,285+000.0,23.178191,120.2845,884bb19433fffff,894bb194327ffff,8a4bb1943267fff,8b4bb1943261fff,145,行動南區營運處,台南營運中心,
285,285+100.0,23.177372,120.2841,884bb19433fffff,894bb194327ffff,8a4bb1943247fff,8b4bb1943271fff,145,行動南區營運處,台南營運中心,
285,285+200.0,23.176546,120.2837,884bb19433fffff,894bb194327ffff,8a4bb1943257fff,8b4bb1943254fff,145,行動南區營運處,台南營運中心,
285,285+300.0,23.175716,120.2834,884bb19433fffff,894bb19432fffff,8a4bb19432e7fff,8b4bb19432e5fff,145,行動南區營運處,台南營運中心,
285,285+400.0,23.174879,120.283,884bb19433fffff,894bb19432fffff,8a4bb19432e7fff,8b4bb19432e2fff,145,行動南區營運處,台南營運中心,
285,285+500.0,23.174037,120.2826,884bb19433fffff,894bb19432fffff,8a4bb19432f7fff,8b4bb19432f3fff,145,行動南區營運處,台南營運中心,
285,285+600.0,23.173191,120.2823,884bb19433fffff,894bb19432fffff,8a4bb19432d7fff,8b4bb19432d6fff,145,行動南區營運處,台南營運中心,
285,285+700.0,23.172339,120.282,884bb195d9fffff,894bb195d93ffff,8a4bb195d927fff,8b4bb195d920fff,145,行動南區營運處,台南營運中心,
285,285+800.0,23.171482,120.2817,884bb195d9fffff,894bb195d93ffff,8a4bb195d937fff,8b4bb195d931fff,145,行動南區營運處,台南營運中心,
285,285+900.0,23.170621,120.2814,884bb195d9fffff,894bb195d93ffff,8a4bb195d917fff,8b4bb195d914fff,145,行動南區營運處,台南營運中心,
286,286+000.0,23.169756,120.2811,884bb195d9fffff,894bb195d9bffff,8a4bb195d9a7fff,8b4bb195d9a0fff,145,行動南區營運處,台南營運中心,
286,286+100.0,23.168887,120.2808,884bb195d9fffff,894bb195d9bffff,8a4bb195d9b7fff,8b4bb195d9b1fff,145,行動南區營運處,台南營運中心,
286,286+200.0,23.168013,120.2806,884bb195d9fffff,894bb195d9bffff,8a4bb195d997fff,8b4bb195d994fff,145,行動南區營運處,台南營運中心,
286,286+300.0,23.167137,120.2803,884bb195ddfffff,894bb195dd7ffff,8a4bb195dd67fff,8b4bb195d992fff,145,行動南區營運處,台南營運中心,
286,286+400.0,23.166257,120.2801,884bb195ddfffff,894bb195dd7ffff,8a4bb195dd67fff,8b4bb195dd63fff,145,行動南區營運處,台南營運中心,
286,286+500.0,23.165373,120.2799,884bb195ddfffff,894bb195dd7ffff,8a4bb195dd47fff,8b4bb195dd46fff,145,行動南區營運處,台南營運中心,
286,286+538.7,23.165031,120.2798,884bb195ddfffff,894bb195dd7ffff,8a4bb195dd57fff,8b4bb195dd55fff,145,行動南區營運處,台南營運中心,
286,286+600.0,23.164488,120.2797,884bb195ddfffff,894bb195dd7ffff,8a4bb195dd57fff,8b4bb195dd53fff,145,行動南區營運處,台南營運中心,
286,286+700.0,23.163599,120.2796,884bb195ddfffff,894bb195dc3ffff,8a4bb195dc2ffff,8b4bb195dc2efff,145,行動南區營運處,台南營運中心,
286,286+800.0,23.162709,120.2794,884bb195ddfffff,894bb195dc3ffff,8a4bb195dc07fff,8b4bb195dc00fff,145,行動南區營運處,台南營運中心,
286,286+900.0,23.161817,120.2792,884bb195ddfffff,894bb195dc3ffff,8a4bb195dc1ffff,8b4bb195dc1efff,145,行動南區營運處,台南營運中心,
287,287+000.0,23.160924,120.2791,884bb195ddfffff,894bb195dcbffff,8a4bb195dcaffff,8b4bb195dca8fff,146,行動南區營運處,台南營運中心,
287,287+088.7,23.160132,120.279,884bb195ddfffff,894bb195dcbffff,8a4bb195dc8ffff,8b4bb195dc8cfff,146,行動南區營運處,台南營運中心,
287,287+100.0,23.160031,120.2789,884bb195ddfffff,894bb195dcbffff,8a4bb195dc8ffff,8b4bb195dc81fff,146,行動南區營運處,台南營運中心,
287,287+200.0,23.159139,120.2788,884bb195ddfffff,894bb195dcbffff,8a4bb195dc9ffff,8b4bb195dc9dfff,146,行動南區營運處,台南營運中心,
287,287+300.0,23.158246,120.2786,884bb195d5fffff,894bb195d53ffff,8a4bb195d537fff,8b4bb195d534fff,146,行動南區營運處,台南營運中心,
287,287+400.0,23.157354,120.2785,884bb195d5fffff,894bb195c27ffff,8a4bb195c24ffff,8b4bb195c24dfff,146,行動南區營運處,台南營運中心,
287,287+500.0,23.156462,120.2783,884bb195d5fffff,894bb195c27ffff,8a4bb195c24ffff,8b4bb195c24afff,146,行動南區營運處,台南營運中心,
287,287+600.0,23.155569,120.2782,884bb195d5fffff,894bb195d5bffff,8a4bb195d5b7fff,8b4bb195d5b5fff,146,行動南區營運處,台南營運中心,
287,287+700.0,23.154676,120.2781,884bb195d5fffff,894bb195d5bffff,8a4bb195d5b7fff,8b4bb195d5b2fff,146,行動南區營運處,台南營運中心,
287,287+800.0,23.153783,120.2779,884bb195d5fffff,894bb195d5bffff,8a4bb195d597fff,8b4bb195d596fff,146,行動南區營運處,台南營運中心,
287,287+900.0,23.152891,120.2778,884bb19589fffff,894bb195897ffff,8a4bb1958967fff,8b4bb1958960fff,146,行動南區營運處,台南營運中心,
288,288+000.0,23.151998,120.2776,884bb19589fffff,894bb195897ffff,8a4bb1958977fff,8b4bb1958946fff,146,行動南區營運處,台南營運中心,
288,288+060.9,23.151454,120.2775,884bb19589fffff,894bb195897ffff,8a4bb1958957fff,8b4bb1958955fff,146,行動南區營運處,台南營運中心,
288,288+100.0,23.151106,120.2775,884bb19589fffff,894bb195897ffff,8a4bb1958957fff,8b4bb1958950fff,146,行動南區營運處,台南營運中心,
288,288+200.0,23.150214,120.2773,884bb19589fffff,894bb195883ffff,8a4bb1958827fff,8b4bb1958821fff,146,行動南區營運處,台南營運中心,
288,288+300.0,23.14932,120.2772,884bb19589fffff,894bb195883ffff,8a4bb1958807fff,8b4bb1958800fff,146,行動南區營運處,台南營運中心,
288,288+400.0,23.148426,120.277,884bb19589fffff,894bb195883ffff,8a4bb1958817fff,8b4bb1958811fff,146,行動南區營運處,台南營運中心,
288,288+500.0,23.147532,120.2769,884bb19589fffff,894bb19588bffff,8a4bb19588affff,8b4bb19588adfff,146,行動南區營運處,台南營運中心,
288,288+600.0,23.146634,120.2768,884bb19589fffff,894bb19588bffff,8a4bb19588affff,8b4bb19588aafff,146,行動南區營運處,台南營運中心,
288,288+610.9,23.146537,120.2768,884bb19589fffff,894bb19588bffff,8a4bb195888ffff,8b4bb1958881fff,146,行動南區營運處,台南營運中心,
288,288+700.0,23.145736,120.2767,884bb19589fffff,894bb19588bffff,8a4bb195889ffff,8b4bb195889dfff,146,行動南區營運處,台南營運中心,
288,288+800.0,23.144837,120.2766,884bb19589fffff,894bb19588bffff,8a4bb195889ffff,8b4bb195889afff,146,行動南區營運處,台南營運中心,
288,288+900.0,23.143936,120.2765,884bb19581fffff,894bb1958c7ffff,8a4bb1958137fff,8b4bb1958c4dfff,146,行動南區營運處,台南營運中心,
289,289+000.0,23.143034,120.2765,884bb19581fffff,894bb1958c7ffff,8a4bb1958c4ffff,8b4bb1958c4bfff,147,行動南區營運處,台南營運中心,
289,289+100.0,23.142131,120.2764,884bb19581fffff,894bb19581bffff,8a4bb19581a7fff,8b4bb19581a2fff,147,行動南區營運處,台南營運中心,
289,289+200.0,23.141229,120.2764,884bb19581fffff,894bb19581bffff,8a4bb19581b7fff,8b4bb19581b3fff,147,行動南區營運處,台南營運中心,
289,289+300.0,23.140326,120.2764,884bb19581fffff,894bb19581bffff,8a4bb1958197fff,8b4bb1958190fff,147,行動南區營運處,台南營運中心,
289,289+400.0,23.139423,120.2764,884bb19585fffff,894bb195857ffff,8a4bb195856ffff,8b4bb195856efff,147,行動南區營運處,台南營運中心,
289,289+500.0,23.13852,120.2765,884bb19585fffff,894bb195857ffff,8a4bb1958547fff,8b4bb1958541fff,147,行動南區營運處,台南營運中心,
289,289+600.0,23.137618,120.2765,884bb19585fffff,894bb195857ffff,8a4bb195855ffff,8b4bb1958558fff,147,行動南區營運處,台南營運中心,
289,289+700.0,23.136717,120.2766,884bb19585fffff,894bb195847ffff,8a4bb1958477fff,8b4bb1958474fff,147,行動南區營運處,台南營運中心,
289,289+800.0,23.135817,120.2766,884bb19585fffff,894bb195843ffff,8a4bb195840ffff,8b4bb1958409fff,147,行動南區營運處,台南營運中心,
289,289+900.0,23.134917,120.2767,884bb19585fffff,894bb19584fffff,8a4bb19584e7fff,8b4bb19584e5fff,147,行動南區營運處,台南營運中心,
290,290+000.0,23.134019,120.2768,884bb19585fffff,894bb19584fffff,8a4bb19584e7fff,8b4bb19584c4fff,147,行動南區營運處,台南營運中心,
290,290+100.0,23.133123,120.2769,884bb19585fffff,894bb19584fffff,8a4bb19584c7fff,8b4bb19584c2fff,147,行動南區營運處,台南營運中心,
290,290+200.0,23.132228,120.2771,884bb195abfffff,894bb19584fffff,8a4bb19584dffff,8b4bb19584defff,147,行動南區營運處,台南營運中心,
290,290+300.0,23.131336,120.2772,884bb195abfffff,894bb195ab3ffff,8a4bb195ab2ffff,8b4bb195ab2bfff,147,行動南區營運處,台南營運中心,
290,290+400.0,23.130446,120.2774,884bb195abfffff,894bb195ab3ffff,8a4bb195ab0ffff,8b4bb195ab08fff,147,行動南區營運處,台南營運中心,
290,290+469.4,23.12983,120.2775,884bb195abfffff,894bb195aa3ffff,8a4bb195aa27fff,8b4bb195aa24fff,147,行動南區營運處,台南營運中心,
290,290+500.0,23.129559,120.2776,884bb195abfffff,894bb195aa3ffff,8a4bb195aa27fff,8b4bb195aa20fff,147,行動南區營運處,台南營運中心,
290,290+600.0,23.128674,120.2778,884bb195abfffff,894bb195aa3ffff,8a4bb195aa07fff,8b4bb195aa06fff,147,行動南區營運處,台南營運中心,
290,290+700.0,23.127792,120.278,884bb195abfffff,894bb195aa3ffff,8a4bb195aa17fff,8b4bb195aa11fff,147,行動南區營運處,台南營運中心,
290,290+800.0,23.126912,120.2782,884bb195abfffff,894bb195aabffff,8a4bb195aaaffff,8b4bb195aaa9fff,147,行動南區營運處,台南營運中心,
290,290+900.0,23.126033,120.2784,884bb195abfffff,894bb195aabffff,8a4bb195aa8ffff,8b4bb195aa8dfff,147,行動南區營運處,台南營運中心,
291,291+000.0,23.125155,120.2786,884bb195abfffff,894bb195aabffff,8a4bb195a327fff,8b4bb195aa8bfff,148,行動南區營運處,台南營運中心,
291,291+019.4,23.124984,120.2787,884bb195abfffff,894bb195a33ffff,8a4bb195a327fff,8b4bb195a324fff,148,行動南區營運處,台南營運中心,
291,291+100.0,23.124276,120.2789,884bb195a3fffff,894bb195a33ffff,8a4bb195a327fff,8b4bb195a323fff,148,行動南區營運處,台南營運中心,
291,291+200.0,23.123397,120.2791,884bb195a3fffff,894bb195a33ffff,8a4bb195a307fff,8b4bb195a302fff,148,行動南區營運處,台南營運中心,
291,291+300.0,23.122519,120.2793,884bb195a3fffff,894bb195a33ffff,8a4bb195a31ffff,8b4bb195a31efff,148,行動南區營運處,台南營運中心,
291,291+400.0,23.12164,120.2795,884bb195a3fffff,894bb195a3bffff,8a4bb195a237fff,8b4bb195a236fff,148,行動南區營運處,台南營運中心,
291,291+500.0,23.120762,120.2798,884bb195a3fffff,894bb195a3bffff,8a4bb195a38ffff,8b4bb195a389fff,148,行動南區營運處,台南營運中心,
291,291+600.0,23.119883,120.28,884bb195a3fffff,894bb195a2bffff,8a4bb195a2a7fff,8b4bb195a2a0fff,148,行動南區營運處,台南營運中心,
291,291+700.0,23.119005,120.2802,884bb195a3fffff,894bb195a2bffff,8a4bb195a287fff,8b4bb195a285fff,148,行動南區營運處,台南營運中心,
291,291+800.0,23.118126,120.2804,884bb195a3fffff,894bb195a2bffff,8a4bb195a29ffff,8b4bb195a29cfff,148,行動南區營運處,台南營運中心,
291,291+900.0,23.117248,120.2807,884bb195a3fffff,894bb195a2bffff,8a4bb195a29ffff,8b4bb195a29afff,148,行動南區營運處,台南營運中心,
292,292+000.0,23.116369,120.2809,884bb18749fffff,894bb187493ffff,8a4bb1874937fff,8b4bb1874932fff,148,行動南區營運處,台南營運中心,
292,292+100.0,23.115491,120.2811,884bb18749fffff,894bb187493ffff,8a4bb1874917fff,8b4bb1874916fff,148,行動南區營運處,台南營運中心,
292,292+200.0,23.114612,120.2814,884bb18749fffff,894bb18749bffff,8a4bb18749a7fff,8b4bb18749a3fff,148,行動南區營運處,台南營運中心,
292,292+300.0,23.113734,120.2816,884bb18749fffff,894bb18749bffff,8a4bb1874987fff,8b4bb1874983fff,148,行動南區營運處,台南營運中心,
292,292+400.0,23.112855,120.2818,884bb18749fffff,894bb18749bffff,8a4bb187499ffff,8b4bb1874998fff,148,行動南區營運處,台南營運中心,
292,292+500.0,23.111977,120.282,884bb18749fffff,894bb18748bffff,8a4bb18748b7fff,8b4bb18748b4fff,148,行動南區營運處,台南營運中心,
292,292+600.0,23.111098,120.2823,884bb18749fffff,894bb18748bffff,8a4bb1874897fff,8b4bb1874894fff,148,行動南區營運處,台南營運中心,
292,292+700.0,23.11022,120.2825,884bb1874dfffff,894bb1874c7ffff,8a4bb1874897fff,8b4bb1874892fff,148,行動南區營運處,台南營運中心,
292,292+800.0,23.109341,120.2827,884bb1874dfffff,894bb1874c7ffff,8a4bb1874c47fff,8b4bb1874c45fff,148,行動南區營運處,台南營運中心,
292,292+900.0,23.108463,120.2829,884bb1874dfffff,894bb1874c7ffff,8a4bb1874c5ffff,8b4bb1874c5dfff,148,行動南區營運處,台南營運中心,
293,293+000.0,23.107584,120.2832,884bb1874dfffff,894bb18741bffff,8a4bb1874c5ffff,8b4bb1874c5bfff,149,行動南區營運處,台南營運中心,
293,293+100.0,23.106706,120.2834,884bb18741fffff,894bb18741bffff,8a4bb18741b7fff,8b4bb18741b3fff,149,行動南區營運處,台南營運中心,
293,293+200.0,23.105827,120.2836,884bb18741fffff,894bb18741bffff,8a4bb1874197fff,8b4bb1874190fff,149,行動南區營運處,台南營運中心,
293,293+300.0,23.104949,120.2838,884bb18745fffff,894bb187457ffff,8a4bb187456ffff,8b4bb187456efff,149,行動南區營運處,台南營運中心,
293,293+400.0,23.10407,120.2841,884bb18745fffff,894bb187457ffff,8a4bb187454ffff,8b4bb1874541fff,149,行動南區營運處,台南營運中心,
293,293+500.0,23.103192,120.2843,884bb18745fffff,894bb187457ffff,8a4bb187455ffff,8b4bb1874559fff,149,行動南區營運處,台南營運中心,
293,293+600.0,23.102313,120.2845,884bb18745fffff,894bb187447ffff,8a4bb1874477fff,8b4bb1874475fff,149,行動南區營運處,台南營運中心,
293,293+630.3,23.102047,120.2846,884bb18745fffff,894bb187447ffff,8a4bb1874477fff,8b4bb1874471fff,149,行動南區營運處,台南營運中心,
293,293+700.0,23.101435,120.2847,884bb18745fffff,894bb187447ffff,8a4bb1874457fff,8b4bb1874455fff,149,行動南區營運處,台南營運中心,
293,293+800.0,23.100556,120.285,884bb18745fffff,894bb187447ffff,8a4bb1874457fff,8b4bb1874453fff,149,行動南區營運處,台南營運中心,
293,293+900.0,23.099677,120.2852,884bb18745fffff,894bb18744fffff,8a4bb18744effff,8b4bb18744eafff,149,行動南區營運處,台南營運中心,
294,294+000.0,23.098795,120.2854,884bb18745fffff,894bb18744fffff,8a4bb18744cffff,8b4bb18744cefff,149,行動南區營運處,台南營運中心,
294,294+100.0,23.097912,120.2856,884bb1876bfffff,894bb1876b7ffff,8a4bb1876b67fff,8b4bb1876b66fff,149,行動南區營運處,台南營運中心,
294,294+180.3,23.0972,120.2858,884bb1876bfffff,894bb1876b7ffff,8a4bb1876b77fff,8b4bb1876b71fff,149,行動南區營運處,台南營運中心,
294,294+200.0,23.097026,120.2858,884bb1876bfffff,894bb1876b7ffff,8a4bb1876b77fff,8b4bb1876b71fff,149,行動南區營運處,台南營運中心,
294,294+300.0,23.096138,120.286,884bb1876bfffff,894bb1876b7ffff,8a4bb1876b57fff,8b4bb1876b50fff,149,行動南區營運處,台南營運中心,
294,294+400.0,23.095246,120.2861,884bb1876bfffff,894bb1876a3ffff,8a4bb1876a2ffff,8b4bb1876a2cfff,149,行動南區營運處,台南營運中心,
294,294+500.0,23.094353,120.2863,884bb1876bfffff,894bb1876a3ffff,8a4bb1876a0ffff,8b4bb1876a0cfff,149,行動南區營運處,台南營運中心,
294,294+600.0,23.093458,120.2864,884bb1876bfffff,894bb1876a3ffff,8a4bb1876a1ffff,8b4bb1876a0afff,149,行動南區營運處,台南營運中心,
294,294+700.0,23.09256,120.2865,884bb1876bfffff,894bb1876afffff,8a4bb1876af7fff,8b4bb1876af5fff,149,行動南區營運處,台南營運中心,
294,294+800.0,23.091662,120.2866,884bb1876bfffff,894bb1876afffff,8a4bb1876af7fff,8b4bb1876af3fff,149,行動南區營運處,台南營運中心,
294,294+843.7,23.091269,120.2866,884bb1876bfffff,894bb1876afffff,8a4bb1876ad7fff,8b4bb1876ad4fff,149,行動南區營運處,台南營運中心,
294,294+900.0,23.090762,120.2867,884bb1876bfffff,894bb1876afffff,8a4bb1876ad7fff,8b4bb1876ad2fff,149,行動南區營運處,台南營運中心,
295,295+000.0,23.089861,120.2867,884bb18763fffff,894bb187633ffff,8a4bb187632ffff,8b4bb187632efff,150,行動南區營運處,台南營運中心,
295,295+100.0,23.088959,120.2868,884bb18763fffff,894bb187633ffff,8a4bb1876307fff,8b4bb1876303fff,150,行動南區營運處,台南營運中心,
295,295+200.0,23.088057,120.2868,884bb18763fffff,894bb187633ffff,8a4bb187631ffff,8b4bb1876318fff,150,行動南區營運處,台南營運中心,
295,295+300.0,23.087155,120.2869,884bb18763fffff,894bb18763bffff,8a4bb1876237fff,8b4bb1876236fff,150,行動南區營運處,台南營運中心,
295,295+393.7,23.08631,120.2869,884bb18763fffff,894bb18763bffff,8a4bb187638ffff,8b4bb1876389fff,150,行動南區營運處,台南營運中心,
295,295+400.0,23.086252,120.2869,884bb18763fffff,894bb18763bffff,8a4bb187638ffff,8b4bb1876389fff,150,行動南區營運處,台南營運中心,
295,295+500.0,23.08535,120.287,884bb18763fffff,894bb18762bffff,8a4bb18762a7fff,8b4bb18762a4fff,150,行動南區營運處,台南營運中心,
295,295+600.0,23.084448,120.287,884bb18763fffff,894bb18762bffff,8a4bb18762b7fff,8b4bb18762b1fff,150,行動南區營運處,台南營運中心,
295,295+700.0,23.083545,120.287,884bb18763fffff,894bb18762bffff,8a4bb1876297fff,8b4bb1876295fff,150,行動南區營運處,台南營運中心,
295,295+800.0,23.082643,120.2871,884bb18767fffff,894bb187667ffff,8a4bb187666ffff,8b4bb187666cfff,150,行動南區營運處,台南營運中心,
295,295+900.0,23.081741,120.2871,884bb18767fffff,894bb187667ffff,8a4bb187666ffff,8b4bb187666afff,150,行動南區營運處,台南營運中心,
296,296+000.0,23.080839,120.2871,884bb18767fffff,894bb187667ffff,8a4bb187665ffff,8b4bb187665dfff,150,行動南區營運處,台南營運中心,
296,296+100.0,23.079936,120.2872,884bb18767fffff,894bb187667ffff,8a4bb187665ffff,8b4bb187665bfff,150,行動南區營運處,台南營運中心,
296,296+200.0,23.079034,120.2872,884bb18767fffff,894bb18729bffff,8a4bb18729b7fff,8b4bb18729b2fff,150,行動南區營運處,台南營運中心,
296,296+300.0,23.078132,120.2873,884bb18729fffff,894bb18729bffff,8a4bb1872997fff,8b4bb1872996fff,150,行動南區營運處,台南營運中心,
296,296+400.0,23.077229,120.2873,884bb1872dfffff,894bb1872d7ffff,8a4bb1872d67fff,8b4bb1872d63fff,150,行動南區營運處,台南營運中心,
296,296+500.0,23.076327,120.2873,884bb1872dfffff,894bb1872d7ffff,8a4bb1872d47fff,8b4bb1872d40fff,150,行動南區營運處,台南營運中心,
296,296+600.0,23.075424,120.2874,884bb1872dfffff,894bb1872d7ffff,8a4bb1872d57fff,8b4bb1872d51fff,150,行動南區營運處,台南營運中心,
296,296+700.0,23.074522,120.2874,884bb1872dfffff,894bb1872c3ffff,8a4bb1872c2ffff,8b4bb1872c28fff,150,行動南區營運處,台南營運中心,
296,296+800.0,23.073621,120.2874,884bb1872dfffff,894bb1872c3ffff,8a4bb1872c0ffff,8b4bb1872c0cfff,150,行動南區營運處,台南營運中心,
296,296+900.0,23.072718,120.2875,884bb1872dfffff,894bb1872c3ffff,8a4bb1872c1ffff,8b4bb1872c19fff,150,行動南區營運處,台南營運中心,
297,297+000.0,23.071816,120.2875,884bb1872dfffff,894bb1872cfffff,8a4bb1872cf7fff,8b4bb1872cf5fff,151,行動南區營運處,台南營運中心,
297,297+100.0,23.070913,120.2876,884bb1872dfffff,894bb1872cfffff,8a4bb1872cd7fff,8b4bb1872cd4fff,151,行動南區營運處,台南營運中心,
297,297+200.0,23.070011,120.2876,884bb1872dfffff,894bb187253ffff,8a4bb1872cd7fff,8b4bb1872cd2fff,151,行動南區營運處,台南營運中心,
297,297+300.0,23.069109,120.2876,884bb18725fffff,894bb187253ffff,8a4bb1872507fff,8b4bb1872505fff,151,行動南區營運處,台南營運中心,
297,297+400.0,23.068206,120.2877,884bb18725fffff,894bb187253ffff,8a4bb1872507fff,8b4bb1872503fff,151,行動南區營運處,台南營運中心,
297,297+500.0,23.067304,120.2877,884bb18725fffff,894bb187253ffff,8a4bb187251ffff,8b4bb187251efff,151,行動南區營運處,台南營運中心,
297,297+600.0,23.066401,120.2878,884bb18725fffff,894bb18725bffff,8a4bb18725affff,8b4bb1872436fff,151,行動南區營運處,台南營運中心,
297,297+700.0,23.065499,120.2878,884bb18725fffff,894bb18725bffff,8a4bb187258ffff,8b4bb1872588fff,151,行動南區營運處,台南營運中心,
297,297+800.0,23.064597,120.2878,884bb18725fffff,894bb18724bffff,8a4bb18724a7fff,8b4bb18724a6fff,151,行動南區營運處,台南營運中心,
297,297+900.0,23.063695,120.2879,884bb18725fffff,894bb18724bffff,8a4bb18724b7fff,8b4bb18724b1fff,151,行動南區營運處,台南營運中心,
298,298+000.0,23.062793,120.2879,884bb18725fffff,894bb18724bffff,8a4bb1872497fff,8b4bb1872490fff,151,行動南區營運處,台南營運中心,
298,298+100.0,23.06189,120.2879,884bb18099fffff,894bb180987ffff,8a4bb180986ffff,8b4bb180986cfff,151,行動南區營運處,台南營運中心,
298,298+200.0,23.060988,120.288,884bb18099fffff,894bb180987ffff,8a4bb1809847fff,8b4bb1809841fff,151,行動南區營運處,台南營運中心,
298,298+300.0,23.060085,120.288,884bb18099fffff,894bb180987ffff,8a4bb180985ffff,8b4bb180985dfff,151,行動南區營運處,台南營運中心,
298,298+400.0,23.059183,120.2881,884bb18099fffff,894bb1809bbffff,8a4bb180985ffff,8b4bb1809bb4fff,151,行動南區營運處,台南營運中心,
298,298+500.0,23.058281,120.2881,884bb18099fffff,894bb1809bbffff,8a4bb1809bb7fff,8b4bb1809bb2fff,151,行動南區營運處,台南營運中心,
298,298+600.0,23.057378,120.2881,884bb18099fffff,894bb18098fffff,8a4bb18098cffff,8b4bb18098cbfff,151,行動南區營運處,台南營運中心,
298,298+700.0,23.056476,120.2882,884bb18091fffff,894bb180917ffff,8a4bb1809167fff,8b4bb1809163fff,151,行動南區營運處,台南營運中心,
298,298+800.0,23.055574,120.2882,884bb18091fffff,894bb180917ffff,8a4bb1809147fff,8b4bb1809146fff,151,行動南區營運處,台南營運中心,
298,298+900.0,23.054672,120.2883,884bb18091fffff,894bb180917ffff,8a4bb1809157fff,8b4bb1809153fff,151,行動南區營運處,台南營運中心,
299,299+000.0,23.05377,120.2883,884bb18091fffff,894bb180903ffff,8a4bb180902ffff,8b4bb1809028fff,152,行動南區營運處,台南營運中心,
299,299+100.0,23.052867,120.2883,884bb18091fffff,894bb180903ffff,8a4bb180900ffff,8b4bb180900efff,152,行動南區營運處,台南營運中心,
299,299+200.0,23.051965,120.2884,884bb18091fffff,894bb180903ffff,8a4bb180901ffff,8b4bb1809019fff,152,行動南區營運處,台南營運中心,
299,299+300.0,23.051062,120.2884,884bb18091fffff,894bb18090fffff,8a4bb18090f7fff,8b4bb18090f0fff,152,行動南區營運處,台南營運中心,
299,299+400.0,23.05016,120.2884,884bb18091fffff,894bb18090fffff,8a4bb18090d7fff,8b4bb18090d4fff,152,行動南區營運處,台南營運中心,
299,299+500.0,23.049257,120.2885,884bb18091fffff,894bb180973ffff,8a4bb1809727fff,8b4bb1809721fff,152,行動南區營運處,台南營運中心,
299,299+600.0,23.048355,120.2885,884bb18097fffff,894bb180973ffff,8a4bb1809707fff,8b4bb1809705fff,152,行動南區營運處,台南營運中心,
299,299+700.0,23.047453,120.2886,884bb18097fffff,894bb180973ffff,8a4bb1809707fff,8b4bb1809702fff,152,行動南區營運處,台南營運中心,
299,299+800.0,23.046551,120.2886,884bb18097fffff,894bb180973ffff,8a4bb180971ffff,8b4bb180971afff,152,行動南區營運處,台南營運中心,
299,299+900.0,23.045649,120.2886,884bb18097fffff,894bb18097bffff,8a4bb18097affff,8b4bb18097abfff,152,行動南區營運處,台南營運中心,
300,300+000.0,23.044746,120.2887,884bb18097fffff,894bb18097bffff,8a4bb180978ffff,8b4bb180978afff,152,行動南區營運處,台南營運中心,
300,300+100.0,23.043844,120.2887,884bb18097fffff,894bb18096bffff,8a4bb18096a7fff,8b4bb18096a6fff,152,行動南區營運處,台南營運中心,
300,300+200.0,23.042942,120.2887,884bb18097fffff,894bb18096bffff,8a4bb18096b7fff,8b4bb18096b3fff,152,行動南區營運處,台南營運中心,
300,300+300.0,23.042039,120.2888,884bb180bbfffff,894bb18096bffff,8a4bb1809697fff,8b4bb1809690fff,152,行動南區營運處,台南營運中心,
300,300+400.0,23.041137,120.2888,884bb180bbfffff,894bb180ba7ffff,8a4bb180ba6ffff,8b4bb180ba6efff,152,行動南區營運處,台南營運中心,
300,300+500.0,23.040234,120.2889,884bb180bbfffff,894bb180ba7ffff,8a4bb180ba47fff,8b4bb180ba41fff,152,行動南區營運處,台南營運中心,
300,300+600.0,23.039332,120.2889,884bb180bbfffff,894bb180ba7ffff,8a4bb180ba5ffff,8b4bb180ba5cfff,152,行動南區營運處,台南營運中心,
300,300+700.0,23.03843,120.2889,884bb180bbfffff,894bb1856dbffff,8a4bb1856db7fff,8b4bb1856db4fff,152,行動南區營運處,台南營運中心,
300,300+800.0,23.037528,120.289,884bb180bbfffff,894bb180bafffff,8a4bb180bacffff,8b4bb180bacdfff,152,行動南區營運處,台南營運中心,
300,300+900.0,23.036626,120.289,884bb180b3fffff,894bb180bafffff,8a4bb180b367fff,8b4bb180bacbfff,152,行動南區營運處,台南營運中心,
301,301+000.0,23.035723,120.2891,884bb180b3fffff,894bb180b37ffff,8a4bb180b367fff,8b4bb180b362fff,153,行動南區營運處,台南營運中心,
301,301+100.0,23.034821,120.2891,884bb180b3fffff,894bb180b37ffff,8a4bb180b347fff,8b4bb180b346fff,153,行動南區營運處,台南營運中心,
301,301+200.0,23.033918,120.2891,884bb180b3fffff,894bb180b37ffff,8a4bb180b357fff,8b4bb180b353fff,153,行動南區營運處,台南營運中心,
301,301+300.0,23.033016,120.2892,884bb180b3fffff,894bb180b23ffff,8a4bb180b22ffff,8b4bb180b228fff,153,行動南區營運處,台南營運中心,
301,301+400.0,23.032114,120.2892,884bb180b3fffff,894bb180b23ffff,8a4bb180b20ffff,8b4bb180b20efff,153,行動南區營運處,台南營運中心,
301,301+500.0,23.031211,120.2892,884bb180b3fffff,894bb180b23ffff,8a4bb180b21ffff,8b4bb180b219fff,153,行動南區營運處,台南營運中心,
301,301+555.2,23.030714,120.2893,884bb180b3fffff,894bb180b2fffff,8a4bb180b2f7fff,8b4bb180b2f4fff,153,行動南區營運處,台南營運中心,
301,301+600.0,23.030309,120.2893,884bb180b3fffff,894bb180b2fffff,8a4bb180b2f7fff,8b4bb180b2f0fff,153,行動南區營運處,台南營運中心,
301,301+700.0,23.029406,120.2893,884bb180b3fffff,894bb180b2fffff,8a4bb180b2d7fff,8b4bb180b289fff,153,行動南區營運處,台南營運中心,
301,301+800.0,23.028504,120.2894,884bb180b3fffff,894bb18e593ffff,8a4bb18e5927fff,8b4bb18e5921fff,153,行動南區營運處,台南營運中心,
301,301+900.0,23.027602,120.2894,884bb18e59fffff,894bb18e593ffff,8a4bb18e5907fff,8b4bb18e5904fff,153,行動南區營運處,台南營運中心,
302,302+000.0,23.026699,120.2894,884bb18e59fffff,894bb18e593ffff,8a4bb18e5907fff,8b4bb18e5902fff,153,行動南區營運處,台南營運中心,
302,302+100.0,23.025796,120.2894,884bb18e59fffff,894bb18e593ffff,8a4bb18e59affff,8b4bb18e59adfff,153,行動南區營運處,台南營運中心,
302,302+105.2,23.02575,120.2894,884bb18e59fffff,894bb18e59bffff,8a4bb18e59affff,8b4bb18e59adfff,153,行動南區營運處,台南營運中心,
302,302+200.0,23.024893,120.2894,884bb18e59fffff,894bb18e59bffff,8a4bb18e59affff,8b4bb18e59abfff,153,行動南區營運處,台南營運中心,
302,302+300.0,23.02399,120.2894,884bb18e59fffff,894bb18e59bffff,8a4bb18e598ffff,8b4bb18e598afff,153,行動南區營運處,台南營運中心,
302,302+400.0,23.023088,120.2893,884bb18e59fffff,894bb18e58bffff,8a4bb18e599ffff,8b4bb18e599bfff,153,行動南區營運處,台南營運中心,
302,302+500.0,23.022187,120.2893,884bb18e59fffff,894bb18e58bffff,8a4bb18e58b7fff,8b4bb18e58b2fff,153,行動南區營運處,台南營運中心,
302,302+600.0,23.021287,120.2892,884bb18e5dfffff,894bb18e58bffff,8a4bb18e5d4ffff,8b4bb18e5896fff,153,行動南區營運處,台南營運中心,
302,302+700.0,23.020387,120.2891,884bb18e5dfffff,894bb18e5c7ffff,8a4bb18e5c67fff,8b4bb18e5c60fff,153,行動南區營運處,台南營運中心,
302,302+800.0,23.01949,120.289,884bb18e5dfffff,894bb18e5c7ffff,8a4bb18e5c47fff,8b4bb18e5c46fff,153,行動南區營運處,台南營運中心,
302,302+900.0,23.018594,120.2889,884bb18e5dfffff,894bb18e5c7ffff,8a4bb18e5c57fff,8b4bb18e5c50fff,153,行動南區營運處,台南營運中心,
303,303+000.0,23.017699,120.2887,884bb18e5dfffff,894bb18e5cfffff,8a4bb18e5ceffff,8b4bb18e5cecfff,154,行動南區營運處,台南營運中心,
303,303+100.0,23.016807,120.2886,884bb18e5dfffff,894bb18e5cfffff,8a4bb18e5cc7fff,8b4bb18e5cc5fff,154,行動南區營運處,台南營運中心,
303,303+200.0,23.015918,120.2884,884bb18e5dfffff,894bb18e5cfffff,8a4bb18e5cdffff,8b4bb18e5cdcfff,154,行動南區營運處,台南營運中心,
303,303+300.0,23.015031,120.2882,884bb18e55fffff,894bb18e553ffff,8a4bb18e552ffff,8b4bb18e552dfff,154,行動南區營運處,台南營運中心,
303,303+400.0,23.014146,120.288,884bb18e55fffff,894bb18e553ffff,8a4bb18e552ffff,8b4bb18e552afff,154,行動南區營運處,台南營運中心,
303,303+500.0,23.013265,120.2878,884bb18e55fffff,894bb18e553ffff,8a4bb18e551ffff,8b4bb18e5503fff,154,行動南區營運處,台南營運中心,
303,303+600.0,23.012387,120.2876,884bb18e55fffff,894bb18e553ffff,8a4bb18e551ffff,8b4bb18e551afff,154,行動南區營運處,台南營運中心,
303,303+700.0,23.011512,120.2874,884bb18e55fffff,894bb18e55bffff,8a4bb18e55affff,8b4bb18e55abfff,154,行動南區營運處,台南營運中心,
303,303+800.0,23.010642,120.2871,884bb18e55fffff,894bb18e55bffff,8a4bb18e558ffff,8b4bb18e558efff,154,行動南區營運處,台南營運中心,
303,303+900.0,23.009775,120.2868,884bb18e55fffff,894bb18e55bffff,8a4bb18e559ffff,8b4bb18e5598fff,154,行動南區營運處,台南營運中心,
304,304+000.0,23.008913,120.2865,884bb18e55fffff,894bb18e097ffff,8a4bb18e096ffff,8b4bb18e0969fff,154,行動南區營運處,台南營運中心,
304,304+100.0,23.008054,120.2862,884bb18e09fffff,894bb18e097ffff,8a4bb18e094ffff,8b4bb18e094cfff,154,行動南區營運處,台南營運中心,
304,304+200.0,23.0072,120.2859,884bb18e09fffff,894bb18e097ffff,8a4bb18e095ffff,8b4bb18e095dfff,154,行動南區營運處,台南營運中心,
304,304+300.0,23.006352,120.2856,884bb18e09fffff,894bb18e097ffff,8a4bb18e095ffff,8b4bb18e095afff,154,行動南區營運處,台南營運中心,
304,304+400.0,23.005508,120.2852,884bb18e09fffff,894bb18e083ffff,8a4bb18e082ffff,8b4bb18e082bfff,154,行動南區營運處,台南營運中心,
304,304+441.9,23.005156,120.2851,884bb18e09fffff,894bb18e083ffff,8a4bb18e080ffff,8b4bb18e080cfff,154,行動南區營運處,台南營運中心,
304,304+500.0,23.004669,120.2849,884bb18e09fffff,894bb18e083ffff,8a4bb18e080ffff,8b4bb18e080efff,154,行動南區營運處,台南營運中心,
304,304+600.0,23.003836,120.2845,884bb18e09fffff,894bb18e083ffff,8a4bb18e081ffff,8b4bb18e0818fff,154,行動南區營運處,台南營運中心,
304,304+700.0,23.003007,120.2841,884bb18e09fffff,894bb18e08bffff,8a4bb18e08affff,8b4bb18e08a8fff,154,行動南區營運處,台南營運中心,
304,304+800.0,23.002181,120.2837,884bb18e09fffff,894bb18e08bffff,8a4bb18e0887fff,8b4bb18e0881fff,154,行動南區營運處,台南營運中心,
304,304+900.0,23.001357,120.2833,884bb18e09fffff,894bb18e08bffff,8a4bb18e089ffff,8b4bb18e089cfff,154,行動南區營運處,台南營運中心,
304,304+991.9,23.0006,120.283,884bb18e0dfffff,894bb18e08bffff,8a4bb18e0c6ffff,8b4bb18e0c6dfff,154,行動南區營運處,台南營運中心,
305,305+000.0,23.000533,120.2829,884bb18e0dfffff,894bb18e0c7ffff,8a4bb18e0c6ffff,8b4bb18e0c6dfff,155,行動南區營運處,台南營運中心,
305,305+100.0,22.99971,120.2825,884bb18e0dfffff,894bb18e0c7ffff,8a4bb18e0c6ffff,8b4bb18e0c6afff,155,行動南區營運處,台南營運中心,
305,305+200.0,22.998886,120.2821,884bb18e0dfffff,894bb18e0c7ffff,8a4bb18e0c47fff,8b4bb18e0c42fff,155,行動南區營運處,台南營運中心,
305,305+300.0,22.998063,120.2817,884bb18e0dfffff,894bb18e0c7ffff,8a4bb18e0c57fff,8b4bb18e0c53fff,155,行動南區營運處,台南營運中心,
305,305+400.0,22.997239,120.2813,884bb18e0dfffff,894bb18e0cfffff,8a4bb18e0ceffff,8b4bb18e0ceefff,155,行動南區營運處,台南營運中心,
305,305+500.0,22.996416,120.2809,884bb18e0dfffff,894bb18e0cfffff,8a4bb18e0cc7fff,8b4bb18e0cc0fff,155,行動南區營運處,台南營運中心,
305,305+600.0,22.995592,120.2805,884bb18e0dfffff,894bb18e0cfffff,8a4bb18e0cd7fff,8b4bb18e0cd1fff,155,行動南區營運處,台南營運中心,
305,305+700.0,22.994768,120.2801,884bb18e0dfffff,894bb18e053ffff,8a4bb18e0cd7fff,8b4bb18e0cd2fff,155,行動南區營運處,台南營運中心,
305,305+800.0,22.993946,120.2797,884bb18e05fffff,894bb18e053ffff,8a4bb18e0527fff,8b4bb18e0523fff,155,行動南區營運處,台南營運中心,
305,305+900.0,22.993122,120.2793,884bb18e05fffff,894bb18e053ffff,8a4bb18e0517fff,8b4bb18e0515fff,155,行動南區營運處,台南營運中心,
306,306+000.0,22.992299,120.2789,884bb18e05fffff,894bb18e053ffff,8a4bb18e0517fff,8b4bb18e0516fff,155,行動南區營運處,台南營運中心,
306,306+100.0,22.991475,120.2785,884bb18e05fffff,894bb18e05bffff,8a4bb18e05a7fff,8b4bb18e05a0fff,155,行動南區營運處,台南營運中心,
306,306+118.3,22.991324,120.2784,884bb18e05fffff,894bb18e05bffff,8a4bb18e05a7fff,8b4bb18e05a0fff,155,行動南區營運處,台南營運中心,
306,306+200.0,22.990651,120.2781,884bb18e05fffff,894bb18e05bffff,8a4bb18e05b7fff,8b4bb18e05b1fff,155,行動南區營運處,台南營運中心,
306,306+300.0,22.989827,120.2777,884bb18e05fffff,894bb18e05bffff,8a4bb18e0597fff,8b4bb18e0594fff,155,行動南區營運處,台南營運中心,
306,306+400.0,22.989002,120.2773,884bb18e29fffff,894bb18e297ffff,8a4bb18e2967fff,8b4bb18e2965fff,155,行動南區營運處,台南營運中心,
306,306+500.0,22.988174,120.2769,884bb18e29fffff,894bb18e297ffff,8a4bb18e2977fff,8b4bb18e2975fff,155,行動南區營運處,台南營運中心,
306,306+600.0,22.98734,120.2766,884bb18e29fffff,894bb18e297ffff,8a4bb18e2977fff,8b4bb18e2972fff,155,行動南區營運處,台南營運中心,
306,306+668.3,22.986768,120.2763,884bb18e29fffff,894bb18e293ffff,8a4bb18e290ffff,8b4bb18e2909fff,155,行動南區營運處,台南營運中心,
306,306+700.0,22.986502,120.2762,884bb18e29fffff,894bb18e293ffff,8a4bb18e290ffff,8b4bb18e290bfff,155,行動南區營運處,台南營運中心,
306,306+800.0,22.985659,120.2758,884bb18e29fffff,894bb18e283ffff,8a4bb18e2827fff,8b4bb18e2826fff,155,行動南區營運處,台南營運中心,
306,306+900.0,22.984811,120.2755,884bb18e29fffff,894bb18e283ffff,8a4bb18e2837fff,8b4bb18e2830fff,155,行動南區營運處,台南營運中心,
307,307+000.0,22.983958,120.2752,884bb18e29fffff,894bb18e29bffff,8a4bb18e298ffff,8b4bb18e2989fff,156,行動南區營運處,台南營運中心,
307,307+100.0,22.983099,120.2749,884bb18e29fffff,894bb18e28bffff,8a4bb18e28a7fff,8b4bb18e28a4fff,156,行動南區營運處,台南營運中心,
307,307+200.0,22.982237,120.2746,884bb18e29fffff,894bb18e28bffff,8a4bb18e28b7fff,8b4bb18e28b5fff,156,行動南區營運處,台南營運中心,
307,307+300.0,22.981371,120.2743,884bb18e29fffff,894bb18e28bffff,8a4bb18e28b7fff,8b4bb18e28b2fff,156,行動南區營運處,台南營運中心,
307,307+400.0,22.9805,120.2741,884bb18e2dfffff,894bb18e2d7ffff,8a4bb18e2c67fff,8b4bb18e2d4bfff,156,行動南區營運處,台南營運中心,
307,307+500.0,22.979626,120.2738,884bb18e2dfffff,894bb18e2c7ffff,8a4bb18e2c67fff,8b4bb18e2c62fff,156,行動南區營運處,台南營運中心,
307,307+600.0,22.978749,120.2736,884bb18e2dfffff,894bb18e2c7ffff,8a4bb18e2c77fff,8b4bb18e2c73fff,156,行動南區營運處,台南營運中心,
307,307+700.0,22.977867,120.2734,884bb18e2dfffff,894bb18e2c7ffff,8a4bb18e2c57fff,8b4bb18e2c56fff,156,行動南區營運處,台南營運中心,
307,307+800.0,22.976983,120.2732,884bb18e2dfffff,894bb18e2cfffff,8a4bb18e2ce7fff,8b4bb18e2ce0fff,156,行動南區營運處,台南營運中心,
307,307+900.0,22.976097,120.273,884bb18e2dfffff,894bb18e2cfffff,8a4bb18e2cc7fff,8b4bb18e2cc6fff,156,行動南區營運處,台南營運中心,
308,308+000.0,22.975207,120.2728,884bb18e2dfffff,894bb18e2cfffff,8a4bb18e2cd7fff,8b4bb18e2cd0fff,156,行動南區營運處,台南營運中心,
308,308+100.0,22.974315,120.2727,884bb18e25fffff,894bb18e253ffff,8a4bb18e2527fff,8b4bb18e2521fff,156,行動南區營運處,台南營運中心,
308,308+200.0,22.973422,120.2725,884bb18e25fffff,894bb18e253ffff,8a4bb18e2507fff,8b4bb18e2505fff,156,行動南區營運處,台南營運中心,
308,308+300.0,22.972526,120.2724,884bb18e25fffff,894bb18e253ffff,8a4bb18e251ffff,8b4bb18e251cfff,156,行動南區營運處,台南營運中心,
308,308+400.0,22.971628,120.2723,884bb18e25fffff,894bb18e25bffff,8a4bb18e25affff,8b4bb18e25adfff,156,行動南區營運處,台南營運中心,
308,308+500.0,22.970729,120.2722,884bb18e25fffff,894bb18e25bffff,8a4bb18e25affff,8b4bb18e25aafff,156,行動南區營運處,台南營運中心,
308,308+600.0,22.969828,120.2721,884bb18e25fffff,894bb18e25bffff,8a4bb18e259ffff,8b4bb18e259dfff,156,行動南區營運處,台南營運中心,
308,308+700.0,22.968928,120.2721,884bb18e25fffff,894bb18e25bffff,8a4bb18e259ffff,8b4bb18e259bfff,156,行動南區營運處,台南營運中心,
308,308+800.0,22.968026,120.272,884bb18e25fffff,894bb18e24bffff,8a4bb18e24b7fff,8b4bb18e24b6fff,156,行動南區營運處,台南營運中心,
308,308+900.0,22.967123,120.272,884bb18f19fffff,894bb18f197ffff,8a4bb18f194ffff,8b4bb18f194bfff,156,行動南區營運處,台南營運中心,
309,309+000.0,22.96622,120.272,884bb18f19fffff,894bb18f187ffff,8a4bb18f1867fff,8b4bb18f1860fff,157,行動南區營運處,台南營運中心,
309,309+100.0,22.965317,120.272,884bb18f19fffff,894bb18f187ffff,8a4bb18f1847fff,8b4bb18f1846fff,157,行動南區營運處,台南營運中心,
309,309+200.0,22.964414,120.272,884bb18f19fffff,894bb18f187ffff,8a4bb18f1857fff,8b4bb18f1851fff,157,行動南區營運處,台南營運中心,
309,309+300.0,22.963511,120.272,884bb18f19fffff,894bb18f18fffff,8a4bb18f18effff,8b4bb18f18e8fff,157,行動南區營運處,台南營運中心,
309,309+400.0,22.962609,120.2721,884bb18f19fffff,894bb18f18fffff,8a4bb18f18cffff,8b4bb18f18c1fff,157,行動南區營運處,台南營運中心,
309,309+500.0,22.961709,120.2722,884bb18f19fffff,894bb18f18fffff,8a4bb18f18dffff,8b4bb18f18ddfff,157,行動南區營運處,台南營運中心,
309,309+600.0,22.960809,120.2722,884bb18f11fffff,894bb18f117ffff,8a4bb18f1177fff,8b4bb18f1174fff,157,行動南區營運處,台南營運中心,
309,309+700.0,22.959911,120.2723,884bb18f11fffff,894bb18f117ffff,8a4bb18f1177fff,8b4bb18f1172fff,157,行動南區營運處,台南營運中心,
309,309+800.0,22.959013,120.2724,884bb18f11fffff,894bb18f103ffff,8a4bb18f1157fff,8b4bb18f1152fff,157,行動南區營運處,台南營運中心,
309,309+900.0,22.958117,120.2726,884bb18f11fffff,894bb18f103ffff,8a4bb18f1007fff,8b4bb18f1005fff,157,行動南區營運處,台南營運中心,
310,310+000.0,22.957224,120.2727,884bb18f11fffff,894bb18f103ffff,8a4bb18f1007fff,8b4bb18f1003fff,157,行動南區營運處,台南營運中心,
310,310+100.0,22.956333,120.2729,884bb18f11fffff,894bb18f103ffff,8a4bb18f101ffff,8b4bb18f1018fff,157,行動南區營運處,台南營運中心,
310,310+200.0,22.955445,120.273,884bb18f11fffff,894bb18f10fffff,8a4bb18f10f7fff,8b4bb18f10f6fff,157,行動南區營運處,台南營運中心,
310,310+300.0,22.954559,120.2732,884bb18f11fffff,894bb18f10fffff,8a4bb18f10d7fff,8b4bb18f1089fff,157,行動南區營運處,台南營運中心,
310,310+400.0,22.953676,120.2734,884bb18f17fffff,894bb18f173ffff,8a4bb18f1727fff,8b4bb18f1721fff,157,行動南區營運處,台南營運中心,
310,310+500.0,22.952795,120.2737,884bb18f17fffff,894bb18f173ffff,8a4bb18f1707fff,8b4bb18f1705fff,157,行動南區營運處,台南營運中心,
310,310+600.0,22.951919,120.2739,884bb18f17fffff,894bb18f173ffff,8a4bb18f171ffff,8b4bb18f171dfff,157,行動南區營運處,台南營運中心,
310,310+700.0,22.951046,120.2741,884bb18f17fffff,894bb18f163ffff,8a4bb18f171ffff,8b4bb18f1634fff,157,行動南區營運處,台南營運中心,
310,310+800.0,22.950176,120.2744,884bb18f17fffff,894bb18f163ffff,8a4bb18f1637fff,8b4bb18f1632fff,157,行動南區營運處,台南營運中心,
310,310+900.0,22.949312,120.2747,884bb18f17fffff,894bb18f163ffff,8a4bb18f1617fff,8b4bb18f1612fff,157,行動南區營運處,台南營運中心,
311,311+000.0,22.948451,120.275,884bb18f17fffff,894bb18f16bffff,8a4bb18f16affff,8b4bb18f16aefff,158,行動南區營運處,台南營運中心,
311,311+100.0,22.947594,120.2753,884bb18f17fffff,894bb18f16bffff,8a4bb18f168ffff,8b4bb18f168efff,158,行動南區營運處,台南營運中心,
311,311+200.0,22.946742,120.2756,884bb18f17fffff,894bb18f16bffff,8a4bb18f169ffff,8b4bb18f1699fff,158,行動南區營運處,台南營運中心,
311,311+300.0,22.945896,120.276,884bb18c6dfffff,894bb18c6d3ffff,8a4bb18c6d37fff,8b4bb18c6d31fff,158,行動南區營運處,台南營運中心,
311,311+400.0,22.945054,120.2763,884bb18c6dfffff,894bb18c6d3ffff,8a4bb18c6d17fff,8b4bb18c6d02fff,158,行動南區營運處,台南營運中心,
311,311+488.1,22.944317,120.2766,884bb18c6dfffff,894bb18c6d3ffff,8a4bb18c6d1ffff,8b4bb18c6d1efff,158,行動南區營運處,台南營運中心,
311,311+500.0,22.944218,120.2767,884bb18c6dfffff,894bb18c6d3ffff,8a4bb18c6d1ffff,8b4bb18c6d1efff,158,行動南區營運處,台南營運中心,
311,311+600.0,22.943387,120.2771,884bb18c6dfffff,894bb18c6dbffff,8a4bb18c6c37fff,8b4bb18c6c36fff,158,行動南區營運處,台南營運中心,
311,311+700.0,22.942561,120.2774,884bb18c6dfffff,894bb18c6c3ffff,8a4bb18c6c17fff,8b4bb18c6c16fff,158,行動南區營運處,台南營運中心,
311,311+800.0,22.941739,120.2779,884bb18c6dfffff,894bb18c6cbffff,8a4bb18c6ca7fff,8b4bb18c6ca1fff,158,行動南區營運處,台南營運中心,
311,311+900.0,22.940919,120.2783,884bb18c6dfffff,894bb18c6cbffff,8a4bb18c6c87fff,8b4bb18c6c81fff,158,行動南區營運處,台南營運中心,
312,312+000.0,22.940101,120.2787,884bb18c6dfffff,894bb18c6cbffff,8a4bb18c6c8ffff,8b4bb18c6c8afff,158,行動南區營運處,台南營運中心,
312,312+038.1,22.939789,120.2788,884bb18c6dfffff,894bb18c6cbffff,8a4bb18c6527fff,8b4bb18c6524fff,158,行動南區營運處,台南營運中心,
312,312+100.0,22.939283,120.2791,884bb18c65fffff,894bb18c653ffff,8a4bb18c6527fff,8b4bb18c6522fff,158,行動南區營運處,台南營運中心,
312,312+200.0,22.938464,120.2795,884bb18c65fffff,894bb18c653ffff,8a4bb18c6507fff,8b4bb18c6506fff,158,行動南區營運處,台南營運中心,
312,312+300.0,22.937646,120.2799,884bb18c65fffff,894bb18c653ffff,8a4bb18c651ffff,8b4bb18c651cfff,158,行動南區營運處,台南營運中心,
312,312+400.0,22.936828,120.2803,884bb18c65fffff,894bb18c643ffff,8a4bb18c6437fff,8b4bb18c6434fff,158,行動南區營運處,台南營運中心,
312,312+500.0,22.93601,120.2807,884bb18c65fffff,894bb18c643ffff,8a4bb18c6437fff,8b4bb18c6414fff,158,行動南區營運處,台南營運中心,
312,312+600.0,22.935191,120.2811,884bb18c65fffff,894bb18c643ffff,8a4bb18c6417fff,8b4bb18c6412fff,158,行動南區營運處,台南營運中心,
312,312+700.0,22.934373,120.2816,884bb18c65fffff,894bb18c64bffff,8a4bb18c64affff,8b4bb18c64a8fff,158,行動南區營運處,台南營運中心,
312,312+800.0,22.933554,120.282,884bb18c65fffff,894bb18c64bffff,8a4bb18c648ffff,8b4bb18c6488fff,158,行動南區營運處,台南營運中心,
312,312+900.0,22.932735,120.2824,884bb18c65fffff,894bb18d5b3ffff,8a4bb18d5b27fff,8b4bb18d5b24fff,158,行動南區營運處,台南營運中心,
313,313+000.0,22.931917,120.2828,884bb18d5bfffff,894bb18d5b3ffff,8a4bb18d5b07fff,8b4bb18d5b04fff,159,行動南區營運處,台南營運中心,
313,313+100.0,22.931099,120.2832,884bb18d5bfffff,894bb18d5b3ffff,8a4bb18d5b07fff,8b4bb18d5b03fff,159,行動南區營運處,台南營運中心,
313,313+200.0,22.93028,120.2836,884bb18d5bfffff,894bb18d5b3ffff,8a4bb18d5b1ffff,8b4bb18d5b1bfff,159,行動南區營運處,台南營運中心,
313,313+300.0,22.929462,120.284,884bb18d5bfffff,894bb18d5a3ffff,8a4bb18d5a37fff,8b4bb18d5a30fff,159,行動南區營運處,台南營運中心,
313,313+400.0,22.928644,120.2844,884bb18d5bfffff,894bb18d5a3ffff,8a4bb18d5a17fff,8b4bb18d5a10fff,159,行動南區營運處,台南營運中心,
313,313+500.0,22.927826,120.2849,884bb18d5bfffff,894bb18d5abffff,8a4bb18d5aaffff,8b4bb18d5aadfff,159,行動南區營運處,台南營運中心,
313,313+600.0,22.927007,120.2853,884bb18d5bfffff,894bb18d5abffff,8a4bb18d5a8ffff,8b4bb18d5a8dfff,159,行動南區營運處,台南營運中心,
313,313+700.0,22.926189,120.2857,884bb18d5bfffff,894bb18d5abffff,8a4bb18d5a8ffff,8b4bb18d5a8bfff,159,行動南區營運處,台南營運中心,
313,313+800.0,22.925371,120.2861,884bb18d53fffff,894bb18d533ffff,8a4bb18d5327fff,8b4bb18d5323fff,159,行動南區營運處,台南營運中心,
313,313+900.0,22.924552,120.2865,884bb18d53fffff,894bb18d533ffff,8a4bb18d5307fff,8b4bb18d5301fff,159,行動南區營運處,台南營運中心,
314,314+000.0,22.923734,120.2869,884bb18d53fffff,894bb18d533ffff,8a4bb18d531ffff,8b4bb18d5319fff,159,行動南區營運處,台南營運中心,
314,314+100.0,22.922916,120.2873,884bb18d53fffff,894bb18d523ffff,8a4bb18d5237fff,8b4bb18d5235fff,159,行動南區營運處,台南營運中心,
314,314+200.0,22.922098,120.2877,884bb18d53fffff,894bb18d523ffff,8a4bb18d5207fff,8b4bb18d5215fff,159,行動南區營運處,台南營運中心,
314,314+300.0,22.921279,120.2882,884bb18d53fffff,894bb18d523ffff,8a4bb18d521ffff,8b4bb18d521efff,159,行動南區營運處,台南營運中心,
314,314+400.0,22.92046,120.2886,884bb18d53fffff,894bb18d52bffff,8a4bb18d52f7fff,8b4bb18d52f6fff,159,行動南區營運處,台南營運中心,
314,314+500.0,22.919642,120.289,884bb18d53fffff,894bb18d52fffff,8a4bb18d528ffff,8b4bb18d5289fff,159,行動南區營運處,台南營運中心,
314,314+600.0,22.918823,120.2894,884bb18d19fffff,894bb18d193ffff,8a4bb18d1927fff,8b4bb18d1921fff,159,行動南區營運處,台南營運中心,
314,314+700.0,22.918005,120.2898,884bb18d19fffff,894bb18d193ffff,8a4bb18d192ffff,8b4bb18d192afff,159,行動南區營運處,台南營運中心,
314,314+800.0,22.917187,120.2902,884bb18d19fffff,894bb18d193ffff,8a4bb18d190ffff,8b4bb18d190afff,159,行動南區營運處,台南營運中心,
314,314+900.0,22.916368,120.2906,884bb18d19fffff,894bb18d183ffff,8a4bb18d1827fff,8b4bb18d1826fff,159,行動南區營運處,台南營運中心,
315,315+000.0,22.91555,120.291,884bb18d19fffff,894bb18d183ffff,8a4bb18d1807fff,8b4bb18d1806fff,160,行動南區營運處,台南營運中心,
315,315+100.0,22.914732,120.2914,884bb18d19fffff,894bb18d183ffff,8a4bb18d181ffff,8b4bb18d181cfff,160,行動南區營運處,台南營運中心,
315,315+200.0,22.913914,120.2919,884bb18d19fffff,894bb18d18fffff,8a4bb18d18f7fff,8b4bb18d18f4fff,160,行動南區營運處,台南營運中心,
315,315+300.0,22.913095,120.2923,884bb18d19fffff,894bb18d18fffff,8a4bb18d18f7fff,8b4bb18d18f2fff,160,行動南區營運處,台南營運中心,
315,315+400.0,22.912277,120.2927,884bb18d19fffff,894bb18d18fffff,8a4bb18d18d7fff,8b4bb18d18d2fff,160,行動南區營運處,台南營運中心,
315,315+500.0,22.911458,120.2931,884bb18d11fffff,894bb18d113ffff,8a4bb18d112ffff,8b4bb18d1128fff,160,行動南區營運處,台南營運中心,
315,315+600.0,22.910639,120.2935,884bb18d11fffff,894bb18d113ffff,8a4bb18d110ffff,8b4bb18d1108fff,160,行動南區營運處,台南營運中心,
315,315+700.0,22.909821,120.2939,884bb18d11fffff,894bb18d103ffff,8a4bb18d1027fff,8b4bb18d1024fff,160,行動南區營運處,台南營運中心,
315,315+800.0,22.909003,120.2943,884bb18d11fffff,894bb18d103ffff,8a4bb18d1007fff,8b4bb18d1023fff,160,行動南區營運處,台南營運中心,
315,315+900.0,22.908185,120.2947,884bb18d11fffff,894bb18d103ffff,8a4bb18d1007fff,8b4bb18d1003fff,160,行動南區營運處,台南營運中心,
316,316+000.0,22.907366,120.2952,884bb18d11fffff,894bb18d103ffff,8a4bb18d101ffff,8b4bb18d101bfff,160,行動南區營運處,台南營運中心,
316,316+100.0,22.906548,120.2956,884bb18d11fffff,894bb18d10fffff,8a4bb18d10f7fff,8b4bb18d10f0fff,160,行動南區營運處,台南營運中心,
316,316+200.0,22.90573,120.296,884bb18d11fffff,894bb18d10fffff,8a4bb18d10d7fff,8b4bb18d10d5fff,160,行動南區營運處,台南營運中心,
316,316+300.0,22.904911,120.2964,884bb18d17fffff,894bb18d173ffff,8a4bb18d172ffff,8b4bb18d172dfff,160,行動南區營運處,台南營運中心,
316,316+400.0,22.904093,120.2968,884bb18d17fffff,894bb18d173ffff,8a4bb18d170ffff,8b4bb18d172bfff,160,行動南區營運處,台南營運中心,
316,316+500.0,22.903275,120.2972,884bb18d17fffff,894bb18d173ffff,8a4bb18d170ffff,8b4bb18d170bfff,160,行動南區營運處,台南營運中心,
316,316+600.0,22.902455,120.2976,884bb18d17fffff,894bb18d163ffff,8a4bb18d1627fff,8b4bb18d1621fff,160,行動南區營運處,台南營運中心,
316,316+700.0,22.901637,120.298,884bb18d17fffff,894bb18d163ffff,8a4bb18d1607fff,8b4bb18d1601fff,160,行動南區營運處,台南營運中心,
316,316+800.0,22.900819,120.2985,884bb18d17fffff,894bb18d163ffff,8a4bb18d161ffff,8b4bb18d161dfff,160,行動南區營運處,鳳山/高雄營運中心,
316,316+900.0,22.900001,120.2989,884bb18d17fffff,894bb18d16fffff,8a4bb18d16f7fff,8b4bb18d16f5fff,160,行動南區營運處,鳳山/高雄營運中心,
317,317+000.0,22.899182,120.2993,884bb18d17fffff,894bb18d16fffff,8a4bb18d16c7fff,8b4bb18d16c6fff,161,行動南區營運處,鳳山/高雄營運中心,
317,317+100.0,22.898364,120.2997,884bb18d17fffff,894bb18d16fffff,8a4bb18d16dffff,8b4bb18d16defff,161,行動南區營運處,鳳山/高雄營運中心,
317,317+200.0,22.897546,120.3001,884bb18dedfffff,894bb18ded3ffff,8a4bb18ded77fff,8b4bb18ded29fff,161,行動南區營運處,鳳山/高雄營運中心,
317,317+300.0,22.896727,120.3005,884bb18dedfffff,894bb18ded7ffff,8a4bb18ded0ffff,8b4bb18ded09fff,161,行動南區營運處,鳳山/高雄營運中心,
317,317+400.0,22.895909,120.3009,884bb18dedfffff,894bb18dec3ffff,8a4bb18ded57fff,8b4bb18ded52fff,161,行動南區營運處,鳳山/高雄營運中心,
317,317+499.5,22.895094,120.3013,884bb18dedfffff,894bb18dec3ffff,8a4bb18dec2ffff,8b4bb18dec2afff,161,行動南區營運處,鳳山/高雄營運中心,
317,317+500.0,22.89509,120.3013,884bb18dedfffff,894bb18dec3ffff,8a4bb18dec2ffff,8b4bb18dec2afff,161,行動南區營運處,鳳山/高雄營運中心,
317,317+600.0,22.894271,120.3017,884bb18dedfffff,894bb18dec3ffff,8a4bb18dec0ffff,8b4bb18dec0efff,161,行動南區營運處,鳳山/高雄營運中心,
317,317+700.0,22.893453,120.3022,884bb18dedfffff,894bb18decfffff,8a4bb18dece7fff,8b4bb18dece6fff,161,行動南區營運處,鳳山/高雄營運中心,
317,317+800.0,22.892632,120.3026,884bb18dedfffff,894bb18decfffff,8a4bb18decc7fff,8b4bb18decc4fff,161,行動南區營運處,鳳山/高雄營運中心,
317,317+900.0,22.891808,120.303,884bb18dedfffff,894bb18decfffff,8a4bb18decdffff,8b4bb18decdcfff,161,行動南區營運處,鳳山/高雄營運中心,
318,318+000.0,22.890979,120.3033,884bb18de5fffff,894bb18decfffff,8a4bb18decdffff,8b4bb18decdafff,161,行動南區營運處,鳳山/高雄營運中心,
318,318+049.5,22.890566,120.3035,884bb18de5fffff,894bb18de57ffff,8a4bb18de577fff,8b4bb18de574fff,161,行動南區營運處,鳳山/高雄營運中心,
318,318+100.0,22.890144,120.3037,884bb18de5fffff,894bb18de57ffff,8a4bb18de577fff,8b4bb18de572fff,161,行動南區營運處,鳳山/高雄營運中心,
318,318+200.0,22.889304,120.3041,884bb18de5fffff,894bb18de57ffff,8a4bb18de557fff,8b4bb18de550fff,161,行動南區營運處,鳳山/高雄營運中心,
318,318+300.0,22.888459,120.3044,884bb18de5fffff,894bb18de43ffff,8a4bb18de42ffff,8b4bb18de42efff,161,行動南區營運處,鳳山/高雄營運中心,
318,318+400.0,22.887609,120.3048,884bb18de5fffff,894bb18de43ffff,8a4bb18de40ffff,8b4bb18de40cfff,161,行動南區營運處,鳳山/高雄營運中心,
318,318+500.0,22.886755,120.3051,884bb18de5fffff,894bb18de43ffff,8a4bb18de41ffff,8b4bb18de419fff,161,行動南區營運處,鳳山/高雄營運中心,
318,318+600.0,22.885895,120.3054,884bb18de5fffff,894bb18de4fffff,8a4bb18de4e7fff,8b4bb18de4e2fff,161,行動南區營運處,鳳山/高雄營運中心,
318,318+700.0,22.885031,120.3057,884bb18de5fffff,894bb18de4fffff,8a4bb18de4c7fff,8b4bb18de4d5fff,161,行動南區營運處,鳳山/高雄營運中心,
318,318+800.0,22.884164,120.3059,884bb18de5fffff,894bb18de4fffff,8a4bb18de4dffff,8b4bb18de4defff,161,行動南區營運處,鳳山/高雄營運中心,
318,318+900.0,22.883292,120.3062,884bb112dbfffff,894bb112db3ffff,8a4bb112db2ffff,8b4bb112db2bfff,161,行動南區營運處,鳳山/高雄營運中心,
319,319+000.0,22.882417,120.3064,884bb112dbfffff,894bb112db3ffff,8a4bb112db0ffff,8b4bb112db08fff,162,行動南區營運處,鳳山/高雄營運中心,
319,319+100.0,22.881538,120.3066,884bb112dbfffff,894bb112da3ffff,8a4bb112da27fff,8b4bb112da20fff,162,行動南區營運處,鳳山/高雄營運中心,
319,319+159.8,22.881011,120.3068,884bb112dbfffff,894bb112da3ffff,8a4bb112da27fff,8b4bb112da22fff,162,行動南區營運處,鳳山/高雄營運中心,
319,319+200.0,22.880656,120.3068,884bb112dbfffff,894bb112da3ffff,8a4bb112da07fff,8b4bb112da04fff,162,行動南區營運處,鳳山/高雄營運中心,
319,319+300.0,22.879771,120.307,884bb112dbfffff,894bb112da3ffff,8a4bb112da1ffff,8b4bb112da1cfff,162,行動南區營運處,鳳山/高雄營運中心,
319,319+400.0,22.878884,120.3072,884bb112dbfffff,894bb112dabffff,8a4bb112daaffff,8b4bb112daa9fff,162,行動南區營運處,鳳山/高雄營運中心,
319,319+500.0,22.877995,120.3074,884bb112dbfffff,894bb112dabffff,8a4bb112da8ffff,8b4bb112da8dfff,162,行動南區營運處,鳳山/高雄營運中心,
319,319+600.0,22.877106,120.3076,884bb112dbfffff,894bb112dabffff,8a4bb112da8ffff,8b4bb112da8bfff,162,行動南區營運處,鳳山/高雄營運中心,
319,319+700.0,22.876215,120.3077,884bb112d3fffff,894bb112d33ffff,8a4bb112d327fff,8b4bb112d322fff,162,行動南區營運處,鳳山/高雄營運中心,
319,319+709.8,22.876129,120.3077,884bb112d3fffff,894bb112d33ffff,8a4bb112d327fff,8b4bb112d322fff,162,行動南區營運處,鳳山/高雄營運中心,
319,319+800.0,22.875325,120.3079,884bb112d3fffff,894bb112d33ffff,8a4bb112d307fff,8b4bb112d306fff,162,行動南區營運處,鳳山/高雄營運中心,
319,319+900.0,22.874436,120.3081,884bb112d3fffff,894bb112d33ffff,8a4bb112d31ffff,8b4bb112d31efff,162,行動南區營運處,鳳山/高雄營運中心,
320,320+000.0,22.873546,120.3082,884bb112d3fffff,894bb112d3bffff,8a4bb112d3affff,8b4bb112d3a9fff,162,行動南區營運處,鳳山/高雄營運中心,
320,320+100.0,22.872656,120.3084,884bb112d3fffff,894bb112d3bffff,8a4bb112d38ffff,8b4bb112d388fff,162,行動南區營運處,鳳山/高雄營運中心,
320,320+200.0,22.871766,120.3086,884bb112d3fffff,894bb112d2bffff,8a4bb112d2a7fff,8b4bb112d2a4fff,162,行動南區營運處,鳳山/高雄營運中心,
320,320+300.0,22.870876,120.3087,884bb112d3fffff,894bb112d2bffff,8a4bb112d287fff,8b4bb112d284fff,162,行動南區營運處,鳳山/高雄營運中心,
320,320+400.0,22.869987,120.3089,884bb112d3fffff,894bb112d2bffff,8a4bb112d297fff,8b4bb112d282fff,162,行動南區營運處,鳳山/高雄營運中心,
320,320+500.0,22.869096,120.3091,884bb112d7fffff,894bb112d2bffff,8a4bb112d66ffff,8b4bb112d66dfff,162,行動南區營運處,鳳山/高雄營運中心,
320,320+600.0,22.868206,120.3092,884bb112d7fffff,894bb112d67ffff,8a4bb112d66ffff,8b4bb112d66bfff,162,行動南區營運處,鳳山/高雄營運中心,
320,320+700.0,22.867317,120.3094,884bb11299fffff,894bb112d67ffff,8a4bb112d64ffff,8b4bb112d64afff,162,行動南區營運處,鳳山/高雄營運中心,
320,320+800.0,22.866427,120.3095,884bb11299fffff,894bb11299bffff,8a4bb11299a7fff,8b4bb11299a6fff,162,行動南區營運處,鳳山/高雄營運中心,
320,320+900.0,22.865536,120.3097,884bb11299fffff,894bb11299bffff,8a4bb1129987fff,8b4bb1129986fff,162,行動南區營運處,鳳山/高雄營運中心,
321,321+000.0,22.864647,120.3099,884bb11299fffff,894bb11299bffff,8a4bb1129997fff,8b4bb1129991fff,163,行動南區營運處,鳳山/高雄營運中心,
321,321+100.0,22.863757,120.31,884bb11299fffff,894bb1129d7ffff,8a4bb1129d6ffff,8b4bb1129d68fff,163,行動南區營運處,鳳山/高雄營運中心,
321,321+200.0,22.862867,120.3102,884bb1129dfffff,894bb1129d7ffff,8a4bb1129d4ffff,8b4bb1129d4cfff,163,行動南區營運處,鳳山/高雄營運中心,
321,321+300.0,22.861977,120.3104,884bb1129dfffff,894bb1129d7ffff,8a4bb1129c67fff,8b4bb1129c64fff,163,行動南區營運處,鳳山/高雄營運中心,
321,321+400.0,22.861087,120.3105,884bb1129dfffff,894bb1129c7ffff,8a4bb1129c77fff,8b4bb1129c62fff,163,行動南區營運處,鳳山/高雄營運中心,
321,321+500.0,22.860197,120.3107,884bb1129dfffff,894bb1129c7ffff,8a4bb1129c57fff,8b4bb1129c55fff,163,行動南區營運處,鳳山/高雄營運中心,
321,321+600.0,22.859308,120.3109,884bb1129dfffff,894bb1129c7ffff,8a4bb1129c57fff,8b4bb1129c53fff,163,行動南區營運處,鳳山/高雄營運中心,
321,321+700.0,22.858417,120.311,884bb1129dfffff,894bb1129cfffff,8a4bb1129ceffff,8b4bb1129ceafff,163,行動南區營運處,鳳山/高雄營運中心,
321,321+800.0,22.857527,120.3112,884bb1129dfffff,894bb1129cfffff,8a4bb1129ccffff,8b4bb1129ccefff,163,行動南區營運處,鳳山/高雄營運中心,
321,321+900.0,22.856638,120.3114,884bb11295fffff,894bb112957ffff,8a4bb1129567fff,8b4bb1129566fff,163,行動南區營運處,鳳山/高雄營運中心,
322,322+000.0,22.855747,120.3115,884bb11295fffff,894bb112957ffff,8a4bb1129577fff,8b4bb1129571fff,163,行動南區營運處,鳳山/高雄營運中心,
322,322+100.0,22.854857,120.3117,884bb11295fffff,894bb112957ffff,8a4bb1129557fff,8b4bb1129550fff,163,行動南區營運處,鳳山/高雄營運中心,
322,322+200.0,22.853968,120.3119,884bb11295fffff,894bb112943ffff,8a4bb112942ffff,8b4bb112942cfff,163,行動南區營運處,鳳山/高雄營運中心,
322,322+300.0,22.853078,120.312,884bb11295fffff,894bb112943ffff,8a4bb112940ffff,8b4bb112940cfff,163,行動南區營運處,鳳山/高雄營運中心,
322,322+400.0,22.852187,120.3122,884bb11295fffff,894bb112943ffff,8a4bb112941ffff,8b4bb112940afff,163,行動南區營運處,鳳山/高雄營運中心,
322,322+500.0,22.851298,120.3124,884bb11295fffff,894bb11294fffff,8a4bb11294f7fff,8b4bb11294f5fff,163,行動南區營運處,鳳山/高雄營運中心,
322,322+600.0,22.850408,120.3125,884bb11295fffff,894bb11294fffff,8a4bb11294f7fff,8b4bb11294f3fff,163,行動南區營運處,鳳山/高雄營運中心,
322,322+700.0,22.849518,120.3127,884bb11295fffff,894bb11294fffff,8a4bb11294d7fff,8b4bb11294d3fff,163,行動南區營運處,鳳山/高雄營運中心,
322,322+800.0,22.848628,120.3129,884bb112bbfffff,894bb112bb3ffff,8a4bb112bb2ffff,8b4bb112bb2efff,163,行動南區營運處,鳳山/高雄營運中心,
322,322+900.0,22.847738,120.313,884bb112bbfffff,894bb112bb3ffff,8a4bb112bb0ffff,8b4bb112bb0efff,163,行動南區營運處,鳳山/高雄營運中心,
323,323+000.0,22.846848,120.3132,884bb112bbfffff,894bb112bb3ffff,8a4bb112bb1ffff,8b4bb112bb19fff,164,行動南區營運處,鳳山/高雄營運中心,
323,323+100.0,22.845959,120.3134,884bb112bbfffff,894bb112ba3ffff,8a4bb112ba37fff,8b4bb112ba30fff,164,行動南區營運處,鳳山/高雄營運中心,
323,323+200.0,22.845068,120.3135,884bb112bbfffff,894bb112ba3ffff,8a4bb112ba17fff,8b4bb112ba14fff,164,行動南區營運處,鳳山/高雄營運中心,
323,323+300.0,22.844179,120.3137,884bb112bbfffff,894bb112babffff,8a4bb112baaffff,8b4bb112baacfff,164,行動南區營運處,鳳山/高雄營運中心,
323,323+400.0,22.843289,120.3139,884bb112bbfffff,894bb112babffff,8a4bb112ba87fff,8b4bb112baaafff,164,行動南區營運處,鳳山/高雄營運中心,
323,323+500.0,22.842399,120.314,884bb112bbfffff,894bb112babffff,8a4bb112ba9ffff,8b4bb112ba9dfff,164,行動南區營運處,鳳山/高雄營運中心,
323,323+600.0,22.841509,120.3142,884bb112bbfffff,894bb112b33ffff,8a4bb112ba9ffff,8b4bb112ba9bfff,164,行動南區營運處,鳳山/高雄營運中心,
323,323+700.0,22.840619,120.3143,884bb112b3fffff,894bb112b33ffff,8a4bb112b337fff,8b4bb112b333fff,164,行動南區營運處,鳳山/高雄營運中心,
323,323+800.0,22.839729,120.3145,884bb112b3fffff,894bb112b33ffff,8a4bb112b317fff,8b4bb112b312fff,164,行動南區營運處,鳳山/高雄營運中心,
323,323+900.0,22.838839,120.3147,884bb112b3fffff,894bb112b3bffff,8a4bb112b3affff,8b4bb112b3aefff,164,行動南區營運處,鳳山/高雄營運中心,
323,323+933.8,22.838538,120.3147,884bb112b3fffff,894bb112b3bffff,8a4bb112b3affff,8b4bb112b385fff,164,行動南區營運處,鳳山/高雄營運中心,
324,324+000.0,22.837949,120.3148,884bb112b3fffff,894bb112b3bffff,8a4bb112b387fff,8b4bb112b381fff,164,行動南區營運處,鳳山/高雄營運中心,
324,324+100.0,22.837059,120.315,884bb112b3fffff,894bb112b3bffff,8a4bb112b39ffff,8b4bb112b398fff,164,行動南區營運處,鳳山/高雄營運中心,
324,324+200.0,22.83617,120.3152,884bb112b3fffff,894bb112b2bffff,8a4bb112b2b7fff,8b4bb112b2b4fff,164,行動南區營運處,鳳山/高雄營運中心,
324,324+300.0,22.835282,120.3154,884bb112b3fffff,894bb112b2bffff,8a4bb112b297fff,8b4bb112b294fff,164,行動南區營運處,鳳山/高雄營運中心,
324,324+400.0,22.834396,120.3155,884bb112b7fffff,894bb112b67ffff,8a4bb112b297fff,8b4bb112b292fff,164,行動南區營運處,鳳山/高雄營運中心,
324,324+483.8,22.833656,120.3157,884bb112b7fffff,894bb112b67ffff,8a4bb112b66ffff,8b4bb112b66efff,164,行動南區營運處,鳳山/高雄營運中心,
324,324+500.0,22.833513,120.3157,884bb112b7fffff,894bb112b67ffff,8a4bb112b647fff,8b4bb112b645fff,164,行動南區營運處,鳳山/高雄營運中心,
324,324+600.0,22.832632,120.316,884bb112b7fffff,894bb112b67ffff,8a4bb112b65ffff,8b4bb112b643fff,164,行動南區營運處,鳳山/高雄營運中心,
324,324+700.0,22.831755,120.3162,884bb112b7fffff,894bb112b67ffff,8a4bb112b65ffff,8b4bb112b65bfff,164,行動南區營運處,鳳山/高雄營運中心,
324,324+800.0,22.830882,120.3164,884bb110d9fffff,894bb110d9bffff,8a4bb110d9b7fff,8b4bb110d9b0fff,164,行動南區營運處,鳳山/高雄營運中心,
324,324+900.0,22.830013,120.3167,884bb110d9fffff,894bb110d9bffff,8a4bb110d997fff,8b4bb110d990fff,164,行動南區營運處,鳳山/高雄營運中心,
325,325+000.0,22.829147,120.317,884bb110ddfffff,894bb110dd7ffff,8a4bb110dd6ffff,8b4bb110dd6cfff,165,行動南區營運處,鳳山/高雄營運中心,
325,325+100.0,22.828286,120.3173,884bb110ddfffff,894bb110dd7ffff,8a4bb110dd4ffff,8b4bb110dd4cfff,165,行動南區營運處,鳳山/高雄營運中心,
325,325+200.0,22.827429,120.3176,884bb110ddfffff,894bb110dd7ffff,8a4bb110dd4ffff,8b4bb110dd4afff,165,行動南區營運處,鳳山/高雄營運中心,
325,325+300.0,22.826576,120.3179,884bb110ddfffff,894bb110dc7ffff,8a4bb110dc67fff,8b4bb110dc62fff,165,行動南區營運處,鳳山/高雄營運中心,
325,325+400.0,22.82573,120.3182,884bb110ddfffff,894bb110dc7ffff,8a4bb110dc47fff,8b4bb110dc46fff,165,行動南區營運處,鳳山/高雄營運中心,
325,325+500.0,22.824887,120.3186,884bb110ddfffff,894bb110dc7ffff,8a4bb110dc5ffff,8b4bb110dc5efff,165,行動南區營運處,鳳山/高雄營運中心,
325,325+600.0,22.824051,120.319,884bb110ddfffff,894bb110dcfffff,8a4bb110d1b7fff,8b4bb110d1b6fff,165,行動南區營運處,鳳山/高雄營運中心,
325,325+700.0,22.823219,120.3193,884bb110ddfffff,894bb110d1bffff,8a4bb110dccffff,8b4bb110dcc9fff,165,行動南區營運處,鳳山/高雄營運中心,
325,325+726.3,22.823002,120.3194,884bb110d1fffff,894bb110d1bffff,8a4bb110d197fff,8b4bb110d196fff,165,行動南區營運處,鳳山/高雄營運中心,
325,325+800.0,22.822393,120.3197,884bb110d5fffff,894bb110d57ffff,8a4bb110d567fff,8b4bb110d192fff,165,行動南區營運處,鳳山/高雄營運中心,
325,325+900.0,22.821573,120.3201,884bb110d5fffff,894bb110d57ffff,8a4bb110d56ffff,8b4bb110d56afff,165,行動南區營運處,鳳山/高雄營運中心,
326,326+000.0,22.820759,120.3206,884bb110d5fffff,894bb110d57ffff,8a4bb110d54ffff,8b4bb110d54efff,165,行動南區營運處,鳳山/高雄營運中心,
326,326+100.0,22.819946,120.321,884bb110d5fffff,894bb110d47ffff,8a4bb110d467fff,8b4bb110d466fff,165,行動南區營運處,鳳山/高雄營運中心,
326,326+200.0,22.819136,120.3214,884bb110d5fffff,894bb110d47ffff,8a4bb110d447fff,8b4bb110d444fff,165,行動南區營運處,鳳山/高雄營運中心,
326,326+276.3,22.818518,120.3217,884bb110d5fffff,894bb110d47ffff,8a4bb110d447fff,8b4bb110d442fff,165,行動南區營運處,鳳山/高雄營運中心,
326,326+300.0,22.818325,120.3218,884bb110d5fffff,894bb110d47ffff,8a4bb110d45ffff,8b4bb110d45cfff,165,行動南區營運處,鳳山/高雄營運中心,
326,326+400.0,22.817515,120.3223,884bb110d5fffff,894bb110d47ffff,8a4bb110d45ffff,8b4bb110d45afff,165,行動南區營運處,鳳山/高雄營運中心,
326,326+500.0,22.816705,120.3227,884bb110d7fffff,894bb110d7bffff,8a4bb110d7b7fff,8b4bb110d7b2fff,165,行動南區營運處,鳳山/高雄營運中心,
326,326+600.0,22.815895,120.3231,884bb110d7fffff,894bb110d7bffff,8a4bb110d797fff,8b4bb110d790fff,165,行動南區營運處,鳳山/高雄營運中心,
326,326+700.0,22.815084,120.3236,884bb110d7fffff,894bb1108b7ffff,8a4bb1108b6ffff,8b4bb1108b68fff,165,行動南區營運處,鳳山/高雄營運中心,
326,326+800.0,22.814274,120.324,884bb1108bfffff,894bb1108b7ffff,8a4bb1108b4ffff,8b4bb1108b4dfff,165,行動南區營運處,鳳山/高雄營運中心,
326,326+869.3,22.813713,120.3243,884bb1108bfffff,894bb1108b7ffff,8a4bb1108b4ffff,8b4bb1108b4bfff,165,行動南區營運處,鳳山/高雄營運中心,
326,326+900.0,22.813464,120.3244,884bb1108bfffff,894bb1108a7ffff,8a4bb1108a67fff,8b4bb1108a65fff,165,行動南區營運處,鳳山/高雄營運中心,
327,327+000.0,22.812653,120.3249,884bb1108bfffff,894bb1108a7ffff,8a4bb1108a67fff,8b4bb1108a63fff,166,行動南區營運處,鳳山/高雄營運中心,
327,327+100.0,22.811842,120.3253,884bb1108bfffff,894bb1108a7ffff,8a4bb1108a47fff,8b4bb1108a43fff,166,行動南區營運處,鳳山/高雄營運中心,
327,327+169.3,22.811277,120.3256,884bb1108bfffff,894bb1108a7ffff,8a4bb1108a5ffff,8b4bb1108a5dfff,166,行動南區營運處,鳳山/高雄營運中心,
327,327+200.0,22.811028,120.3257,884bb1108bfffff,894bb1108a7ffff,8a4bb1108a5ffff,8b4bb1108a59fff,166,行動南區營運處,鳳山/高雄營運中心,
327,327+300.0,22.81021,120.3261,884bb1109dfffff,894bb1109dbffff,8a4bb1109db7fff,8b4bb1109db1fff,166,行動南區營運處,鳳山/高雄營運中心,
327,327+400.0,22.809389,120.3265,884bb1109dfffff,894bb1109dbffff,8a4bb1109d97fff,8b4bb1109d95fff,166,行動南區營運處,鳳山/高雄營運中心,
327,327+500.0,22.808566,120.3269,884bb1109dfffff,894bb1109dbffff,8a4bb1109d9ffff,8b4bb110836dfff,166,行動南區營運處,鳳山/高雄營運中心,
327,327+501.0,22.808558,120.3269,884bb1109dfffff,894bb1109dbffff,8a4bb1109d9ffff,8b4bb110836dfff,166,行動南區營運處,鳳山/高雄營運中心,
327,327+600.0,22.807739,120.3273,884bb1109dfffff,894bb110837ffff,8a4bb1109cb7fff,8b4bb1109cb6fff,166,行動南區營運處,鳳山/高雄營運中心,
327,327+700.0,22.806911,120.3277,884bb11083fffff,894bb1109cbffff,8a4bb110834ffff,8b4bb1108349fff,166,行動南區營運處,鳳山/高雄營運中心,
327,327+800.0,22.806082,120.3281,884bb11083fffff,894bb110827ffff,8a4bb1108267fff,8b4bb1108261fff,166,行動南區營運處,鳳山/高雄營運中心,
327,327+801.0,22.806074,120.3281,884bb11083fffff,894bb110827ffff,8a4bb1108267fff,8b4bb1108261fff,166,行動南區營運處,鳳山/高雄營運中心,
327,327+900.0,22.805253,120.3285,884bb11083fffff,894bb110827ffff,8a4bb1108247fff,8b4bb1108241fff,166,行動南區營運處,鳳山/高雄營運中心,
328,328+000.0,22.804423,120.3289,884bb11083fffff,894bb110827ffff,8a4bb110825ffff,8b4bb110825dfff,166,行動南區營運處,鳳山/高雄營運中心,
328,328+100.0,22.803593,120.3292,884bb11095fffff,894bb11095bffff,8a4bb11095a7fff,8b4bb11095a6fff,166,行動南區營運處,鳳山/高雄營運中心,
328,328+200.0,22.802764,120.3296,884bb11095fffff,894bb11095bffff,8a4bb1109587fff,8b4bb1109586fff,166,行動南區營運處,鳳山/高雄營運中心,
328,328+300.0,22.801935,120.33,884bb11095fffff,894bb11095bffff,8a4bb110959ffff,8b4bb1109591fff,166,行動南區營運處,鳳山/高雄營運中心,
328,328+400.0,22.801106,120.3304,884bb11095fffff,894bb110b97ffff,8a4bb110b96ffff,8b4bb110b969fff,166,行動南區營運處,鳳山/高雄營運中心,
328,328+500.0,22.800277,120.3308,884bb110b9fffff,894bb11094bffff,8a4bb110b94ffff,8b4bb110b949fff,166,行動南區營運處,鳳山/高雄營運中心,
328,328+600.0,22.799446,120.3312,884bb110b9fffff,894bb110b87ffff,8a4bb1109497fff,8b4bb1109492fff,166,行動南區營運處,鳳山/高雄營運中心,
328,328+700.0,22.798617,120.3316,884bb110b9fffff,894bb110b87ffff,8a4bb110b86ffff,8b4bb110b86efff,166,行動南區營運處,鳳山/高雄營運中心,
328,328+800.0,22.797788,120.3319,884bb110b9fffff,894bb110b87ffff,8a4bb110b84ffff,8b4bb110b84efff,166,行動南區營運處,鳳山/高雄營運中心,
328,328+900.0,22.796959,120.3323,884bb110bbfffff,894bb110bbbffff,8a4bb110bba7fff,8b4bb110bba6fff,166,行動南區營運處,鳳山/高雄營運中心,
329,329+000.0,22.79613,120.3327,884bb110bbfffff,894bb110bbbffff,8a4bb110bbb7fff,8b4bb110bbb1fff,167,行動南區營運處,鳳山/高雄營運中心,
329,329+100.0,22.7953,120.3331,884bb110bbfffff,894bb110bbbffff,8a4bb110bb97fff,8b4bb110bb82fff,167,行動南區營運處,鳳山/高雄營運中心,
329,329+200.0,22.79447,120.3335,884bb110bbfffff,894bb110bbbffff,8a4bb110bb9ffff,8b4bb110bb9afff,167,行動南區營運處,鳳山/高雄營運中心,
329,329+300.0,22.793641,120.3339,884bb110bbfffff,894bb110babffff,8a4bb110bab7fff,8b4bb110bab6fff,167,行動南區營運處,鳳山/高雄營運中心,
329,329+400.0,22.792812,120.3343,884bb110b1fffff,894bb110babffff,8a4bb110ba97fff,8b4bb110ba96fff,167,行動南區營運處,鳳山/高雄營運中心,
329,329+500.0,22.791983,120.3346,884bb110b1fffff,894bb110b07ffff,8a4bb110b06ffff,8b4bb110b06cfff,167,行動南區營運處,鳳山/高雄營運中心,
329,329+600.0,22.791154,120.335,884bb110b1fffff,894bb110b07ffff,8a4bb110b04ffff,8b4bb110b04cfff,167,行動南區營運處,鳳山/高雄營運中心,
329,329+700.0,22.790324,120.3354,884bb110b1fffff,894bb110b07ffff,8a4bb110b04ffff,8b4bb110b04afff,167,行動南區營運處,鳳山/高雄營運中心,
329,329+800.0,22.789494,120.3358,884bb110b3fffff,894bb110b3bffff,8a4bb110b3a7fff,8b4bb110b3a2fff,167,行動南區營運處,鳳山/高雄營運中心,
329,329+869.1,22.788921,120.3361,884bb110b3fffff,894bb110b3bffff,8a4bb110b387fff,8b4bb110b386fff,167,行動南區營運處,鳳山/高雄營運中心,
329,329+900.0,22.788665,120.3362,884bb110b3fffff,894bb110b3bffff,8a4bb110b387fff,8b4bb110b386fff,167,行動南區營運處,鳳山/高雄營運中心,
330,330+000.0,22.787836,120.3366,884bb110b3fffff,894bb110b3bffff,8a4bb110b39ffff,8b4bb110b39efff,167,行動南區營運處,鳳山/高雄營運中心,
330,330+019.1,22.787677,120.3366,884bb110b3fffff,894bb110b3bffff,8a4bb110b39ffff,8b4bb110b39efff,167,行動南區營運處,鳳山/高雄營運中心,
330,330+100.0,22.787009,120.337,884bb110b3fffff,894bb110b2bffff,8a4bb110b2b7fff,8b4bb110b2b4fff,167,行動南區營運處,鳳山/高雄營運中心,
330,330+200.0,22.786182,120.3374,884bb110b3fffff,894bb110b2bffff,8a4bb110b297fff,8b4bb110b294fff,167,行動南區營運處,鳳山/高雄營運中心,
330,330+295.7,22.785393,120.3377,884bb110b7fffff,894bb110b67ffff,8a4bb110b297fff,8b4bb110b292fff,167,行動南區營運處,鳳山/高雄營運中心,
330,330+300.0,22.785357,120.3377,884bb110b7fffff,894bb110b67ffff,8a4bb110b297fff,8b4bb110b292fff,167,行動南區營運處,鳳山/高雄營運中心,
330,330+400.0,22.784533,120.3381,884bb110b7fffff,894bb110b67ffff,8a4bb110b66ffff,8b4bb110b66afff,167,行動南區營運處,鳳山/高雄營運中心,
330,330+445.7,22.784157,120.3383,884bb110b7fffff,894bb110b67ffff,8a4bb110b64ffff,8b4bb110b64cfff,167,行動南區營運處,鳳山/高雄營運中心,
330,330+500.0,22.78371,120.3385,884bb110b7fffff,894bb110b67ffff,8a4bb110b64ffff,8b4bb110b648fff,167,行動南區營運處,鳳山/高雄營運中心,
330,330+600.0,22.782887,120.3389,884bb10259fffff,894bb10259bffff,8a4bb10259a7fff,8b4bb10259a0fff,167,行動南區營運處,鳳山/高雄營運中心,
330,330+700.0,22.782063,120.3393,884bb10259fffff,894bb10259bffff,8a4bb1025987fff,8b4bb1025984fff,167,行動南區營運處,鳳山/高雄營運中心,
330,330+800.0,22.781241,120.3398,884bb10259fffff,894bb10259bffff,8a4bb102599ffff,8b4bb102599cfff,167,行動南區營運處,鳳山/高雄營運中心,
330,330+900.0,22.780418,120.3402,884bb10259fffff,894bb10259bffff,8a4bb102599ffff,8b4bb102599afff,167,行動南區營運處,鳳山/高雄營運中心,
331,331+000.0,22.779594,120.3406,884bb10259fffff,894bb10258bffff,8a4bb10258b7fff,8b4bb10258b2fff,168,行動南區營運處,鳳山/高雄營運中心,
331,331+100.0,22.778771,120.341,884bb1025dfffff,894bb10258bffff,8a4bb1025897fff,8b4bb1025890fff,168,行動南區營運處,鳳山/高雄營運中心,
331,331+200.0,22.777947,120.3414,884bb1025dfffff,894bb1025c7ffff,8a4bb1025c6ffff,8b4bb1025c68fff,168,行動南區營運處,鳳山/高雄營運中心,
331,331+300.0,22.777125,120.3418,884bb1025dfffff,894bb1025c7ffff,8a4bb1025c4ffff,8b4bb1025c4cfff,168,行動南區營運處,鳳山/高雄營運中心,
331,331+400.0,22.776302,120.3422,884bb10251fffff,894bb1025c7ffff,8a4bb10251a7fff,8b4bb10251a4fff,168,行動南區營運處,鳳山/高雄營運中心,
331,331+500.0,22.775478,120.3426,884bb10251fffff,894bb10251bffff,8a4bb10251a7fff,8b4bb10251a3fff,168,行動南區營運處,鳳山/高雄營運中心,
331,331+600.0,22.774655,120.343,884bb10251fffff,894bb10251bffff,8a4bb1025187fff,8b4bb1025183fff,168,行動南區營運處,鳳山/高雄營運中心,
331,331+700.0,22.773831,120.3434,884bb10251fffff,894bb10251bffff,8a4bb102519ffff,8b4bb1025198fff,168,行動南區營運處,鳳山/高雄營運中心,
331,331+800.0,22.773009,120.3438,884bb10251fffff,894bb10250bffff,8a4bb10250b7fff,8b4bb10250b0fff,168,行動南區營運處,鳳山/高雄營運中心,
331,331+900.0,22.772186,120.3442,884bb10251fffff,894bb10250bffff,8a4bb1025097fff,8b4bb1025095fff,168,行動南區營運處,鳳山/高雄營運中心,
332,332+000.0,22.771362,120.3446,884bb10255fffff,894bb10250bffff,8a4bb102546ffff,8b4bb102546dfff,168,行動南區營運處,鳳山/高雄營運中心,
332,332+100.0,22.770539,120.345,884bb10255fffff,894bb102547ffff,8a4bb102546ffff,8b4bb102546bfff,168,行動南區營運處,鳳山/高雄營運中心,
332,332+200.0,22.769716,120.3454,884bb10257fffff,894bb102547ffff,8a4bb102544ffff,8b4bb102544bfff,168,行動南區營運處,鳳山/高雄營運中心,
332,332+300.0,22.768893,120.3458,884bb10257fffff,894bb10257bffff,8a4bb10257a7fff,8b4bb10257a1fff,168,行動南區營運處,鳳山/高雄營運中心,
332,332+400.0,22.76807,120.3462,884bb10257fffff,894bb10257bffff,8a4bb1025787fff,8b4bb1025785fff,168,行動南區營運處,鳳山/高雄營運中心,
332,332+500.0,22.767246,120.3466,884bb10257fffff,894bb10257bffff,8a4bb102579ffff,8b4bb102579dfff,168,行動南區營運處,鳳山/高雄營運中心,
332,332+600.0,22.766423,120.347,884bb10257fffff,894bb10256bffff,8a4bb10256b7fff,8b4bb10256b5fff,168,行動南區營運處,鳳山/高雄營運中心,
332,332+700.0,22.7656,120.3474,884bb10257fffff,894bb10256bffff,8a4bb10256b7fff,8b4bb1025686fff,168,行動南區營運處,鳳山/高雄營運中心,
332,332+800.0,22.764777,120.3478,884bb10257fffff,894bb10256bffff,8a4bb1025697fff,8b4bb1025691fff,168,行動南區營運處,鳳山/高雄營運中心,
332,332+900.0,22.763954,120.3482,884bb1020bfffff,894bb1020a7ffff,8a4bb1020a6ffff,8b4bb1020a69fff,168,行動南區營運處,鳳山/高雄營運中心,
333,333+000.0,22.763131,120.3486,884bb1021dfffff,894bb1020a7ffff,8a4bb1020a4ffff,8b4bb1020a49fff,169,行動南區營運處,鳳山/高雄營運中心,
333,333+100.0,22.762307,120.349,884bb1021dfffff,894bb1021dbffff,8a4bb1021d17fff,8b4bb1021da5fff,169,行動南區營運處,鳳山/高雄營運中心,
333,333+200.0,22.761484,120.3494,884bb1021dfffff,894bb1021dbffff,8a4bb1021daffff,8b4bb1021daefff,169,行動南區營運處,鳳山/高雄營運中心,
333,333+300.0,22.76066,120.3498,884bb1021dfffff,894bb1021dbffff,8a4bb1021d8ffff,8b4bb1021d8efff,169,行動南區營運處,鳳山/高雄營運中心,
333,333+400.0,22.759838,120.3502,884bb1021dfffff,894bb1021dbffff,8a4bb1021ca7fff,8b4bb1021d99fff,169,行動南區營運處,鳳山/高雄營運中心,
333,333+500.0,22.759015,120.3506,884bb1021dfffff,894bb1021cbffff,8a4bb1021cb7fff,8b4bb1021cb1fff,169,行動南區營運處,鳳山/高雄營運中心,
333,333+600.0,22.758191,120.351,884bb1021dfffff,894bb1021cbffff,8a4bb1021c87fff,8b4bb1021c82fff,169,行動南區營運處,鳳山/高雄營運中心,
333,333+700.0,22.757368,120.3514,884bb1021dfffff,894bb1021cbffff,8a4bb1021c9ffff,8b4bb1021c9afff,169,行動南區營運處,鳳山/高雄營運中心,
333,333+800.0,22.756544,120.3518,884bb10215fffff,894bb102153ffff,8a4bb1021537fff,8b4bb1021536fff,169,行動南區營運處,鳳山/高雄營運中心,
333,333+900.0,22.755721,120.3522,884bb10215fffff,894bb102153ffff,8a4bb1021517fff,8b4bb1021516fff,169,行動南區營運處,鳳山/高雄營運中心,
334,334+000.0,22.754899,120.3526,884bb10215fffff,894bb10215bffff,8a4bb10215affff,8b4bb10215acfff,169,行動南區營運處,鳳山/高雄營運中心,
334,334+100.0,22.754075,120.353,884bb10215fffff,894bb10215bffff,8a4bb102158ffff,8b4bb102158cfff,169,行動南區營運處,鳳山/高雄營運中心,
334,334+200.0,22.753252,120.3534,884bb10215fffff,894bb10215bffff,8a4bb102158ffff,8b4bb102158afff,169,行動南區營運處,鳳山/高雄營運中心,
334,334+208.1,22.753185,120.3534,884bb10215fffff,894bb10215bffff,8a4bb102158ffff,8b4bb102158afff,169,行動南區營運處,鳳山/高雄營運中心,
334,334+300.0,22.752428,120.3538,884bb10215fffff,894bb10214bffff,8a4bb10214a7fff,8b4bb10214a2fff,169,行動南區營運處,鳳山/高雄營運中心,
334,334+400.0,22.751604,120.3542,884bb10215fffff,894bb10214bffff,8a4bb1021487fff,8b4bb1021480fff,169,行動南區營運處,鳳山/高雄營運中心,
334,334+500.0,22.750776,120.3545,884bb10215fffff,894bb10214bffff,8a4bb102149ffff,8b4bb1021498fff,169,行動南區營運處,鳳山/高雄營運中心,
334,334+573.1,22.750168,120.3548,884bb10215fffff,894bb1023b3ffff,8a4bb102149ffff,8b4bb1023b34fff,169,行動南區營運處,鳳山/高雄營運中心,
334,334+600.0,22.749943,120.3549,884bb1023bfffff,894bb1023b3ffff,8a4bb1023b37fff,8b4bb1023b34fff,169,行動南區營運處,鳳山/高雄營運中心,
334,334+700.0,22.749103,120.3553,884bb1023bfffff,894bb1023b3ffff,8a4bb1023b17fff,8b4bb1023b14fff,169,行動南區營運處,鳳山/高雄營運中心,
334,334+800.0,22.748257,120.3556,884bb1023bfffff,894bb1023bbffff,8a4bb1023b17fff,8b4bb1023b12fff,169,行動南區營運處,鳳山/高雄營運中心,
334,334+900.0,22.747407,120.3559,884bb1023bfffff,894bb1023bbffff,8a4bb1023baffff,8b4bb1023baafff,169,行動南區營運處,鳳山/高雄營運中心,
335,335+000.0,22.74655,120.3563,884bb1023bfffff,894bb1023bbffff,8a4bb1023b8ffff,8b4bb1023b8efff,170,行動南區營運處,鳳山/高雄營運中心,
335,335+100.0,22.745689,120.3566,884bb1023bfffff,894bb1023abffff,8a4bb1023aa7fff,8b4bb1023aa6fff,170,行動南區營運處,鳳山/高雄營運中心,
335,335+200.0,22.744822,120.3568,884bb1023bfffff,894bb1023abffff,8a4bb1023ab7fff,8b4bb1023ab1fff,170,行動南區營運處,鳳山/高雄營運中心,
335,335+300.0,22.743952,120.3571,884bb1023bfffff,894bb1023abffff,8a4bb1023a97fff,8b4bb1023a91fff,170,行動南區營運處,鳳山/高雄營運中心,
335,335+400.0,22.743077,120.3573,884bb10231fffff,894bb102307ffff,8a4bb102306ffff,8b4bb102306dfff,170,行動南區營運處,鳳山/高雄營運中心,
335,335+500.0,22.742198,120.3576,884bb10231fffff,894bb102307ffff,8a4bb102304ffff,8b4bb102304dfff,170,行動南區營運處,鳳山/高雄營運中心,
335,335+600.0,22.741317,120.3578,884bb10233fffff,894bb102307ffff,8a4bb102304ffff,8b4bb102304bfff,170,行動南區營運處,鳳山/高雄營運中心,
335,335+700.0,22.740431,120.3579,884bb10233fffff,894bb10233bffff,8a4bb10233a7fff,8b4bb10233a2fff,170,行動南區營運處,鳳山/高雄營運中心,
335,335+800.0,22.739542,120.3581,884bb10233fffff,894bb10233bffff,8a4bb1023387fff,8b4bb1023386fff,170,行動南區營運處,鳳山/高雄營運中心,
335,335+900.0,22.738651,120.3583,884bb10233fffff,894bb10233bffff,8a4bb1023397fff,8b4bb102339efff,170,行動南區營運處,鳳山/高雄營運中心,
336,336+000.0,22.737757,120.3584,884bb10233fffff,894bb102377ffff,8a4bb102376ffff,8b4bb1023768fff,170,行動南區營運處,鳳山/高雄營運中心,
336,336+100.0,22.736861,120.3585,884bb10237fffff,894bb102377ffff,8a4bb102374ffff,8b4bb1023748fff,170,行動南區營運處,鳳山/高雄營運中心,
336,336+200.0,22.735963,120.3586,884bb10237fffff,894bb102377ffff,8a4bb1023667fff,8b4bb1023664fff,170,行動南區營運處,鳳山/高雄營運中心,
336,336+300.0,22.735063,120.3587,884bb10237fffff,894bb102367ffff,8a4bb1023677fff,8b4bb1023671fff,170,行動南區營運處,鳳山/高雄營運中心,
336,336+400.0,22.734163,120.3588,884bb10237fffff,894bb102367ffff,8a4bb1023657fff,8b4bb1023655fff,170,行動南區營運處,鳳山/高雄營運中心,
336,336+500.0,22.733261,120.3588,884bb10237fffff,894bb10236fffff,8a4bb1023657fff,8b4bb10236ecfff,170,行動南區營運處,鳳山/高雄營運中心,
336,336+600.0,22.732358,120.3589,884bb10237fffff,894bb10236fffff,8a4bb10236effff,8b4bb10236eafff,170,行動南區營運處,鳳山/高雄營運中心,
336,336+607.1,22.732295,120.3589,884bb10237fffff,894bb10236fffff,8a4bb10236c7fff,8b4bb10236c5fff,170,行動南區營運處,鳳山/高雄營運中心,
336,336+700.0,22.731455,120.3589,884bb10237fffff,894bb10236fffff,8a4bb10236c7fff,8b4bb10236c3fff,170,行動南區營運處,鳳山/高雄營運中心,
336,336+800.0,22.730552,120.3589,884bb1005dfffff,894bb10236fffff,8a4bb10236dffff,8b4bb10236dafff,170,行動南區營運處,鳳山/高雄營運中心,
336,336+900.0,22.729649,120.3589,884bb1005dfffff,894bb1005d3ffff,8a4bb1005d77fff,8b4bb1005d76fff,170,行動南區營運處,鳳山/高雄營運中心,
336,336+972.1,22.728999,120.3589,884bb1005dfffff,894bb1005d3ffff,8a4bb1005d0ffff,8b4bb1005d09fff,170,行動南區營運處,鳳山/高雄營運中心,
337,337+000.0,22.728746,120.3589,884bb1005dfffff,894bb1005d3ffff,8a4bb1005d0ffff,8b4bb1005d0bfff,171,行動南區營運處,鳳山/高雄營運中心,
337,337+100.0,22.727844,120.3589,884bb1005dfffff,894bb1005c3ffff,8a4bb1005c27fff,8b4bb1005c20fff,171,行動南區營運處,鳳山/高雄營運中心,
337,337+200.0,22.726941,120.3589,884bb1005dfffff,894bb1005c3ffff,8a4bb1005c37fff,8b4bb1005c31fff,171,行動南區營運處,鳳山/高雄營運中心,
337,337+300.0,22.726038,120.3589,884bb1005dfffff,894bb1005c3ffff,8a4bb1005c17fff,8b4bb1005c10fff,171,行動南區營運處,鳳山/高雄營運中心,
337,337+400.0,22.725135,120.3589,884bb1005dfffff,894bb1005cbffff,8a4bb1005caffff,8b4bb1005cacfff,171,行動南區營運處,鳳山/高雄營運中心,
337,337+500.0,22.724232,120.3588,884bb1005dfffff,894bb1005cbffff,8a4bb1005c87fff,8b4bb1005c81fff,171,行動南區營運處,鳳山/高雄營運中心,
337,337+600.0,22.723329,120.3588,884bb1005dfffff,894bb1005cbffff,8a4bb1005c9ffff,8b4bb1005c9cfff,171,行動南區營運處,鳳山/高雄營運中心,
337,337+700.0,22.722425,120.3588,884bb1005dfffff,894bb1005cbffff,8a4bb1005c9ffff,8b4bb1005c9afff,171,行動南區營運處,鳳山/高雄營運中心,
337,337+800.0,22.721522,120.3588,884bb10055fffff,894bb100427ffff,8a4bb100424ffff,8b4bb100424dfff,171,行動南區營運處,鳳山/高雄營運中心,
337,337+900.0,22.720619,120.3588,884bb10055fffff,894bb100427ffff,8a4bb100424ffff,8b4bb100424bfff,171,行動南區營運處,鳳山/高雄營運中心,
338,338+000.0,22.719716,120.3588,884bb10055fffff,894bb10055bffff,8a4bb10055a7fff,8b4bb10055a2fff,171,行動南區營運處,鳳山/高雄營運中心,
338,338+091.1,22.718893,120.3588,884bb10055fffff,894bb10055bffff,8a4bb10055b7fff,8b4bb10055b3fff,171,行動南區營運處,鳳山/高雄營運中心,
338,338+100.0,22.718813,120.3588,884bb10055fffff,894bb10055bffff,8a4bb10055b7fff,8b4bb10055b3fff,171,行動南區營運處,鳳山/高雄營運中心,
338,338+200.0,22.71791,120.3588,884bb10055fffff,894bb10055bffff,8a4bb1005597fff,8b4bb1005590fff,171,行動南區營運處,鳳山/高雄營運中心,
338,338+300.0,22.717008,120.3588,884bb10009fffff,894bb100097ffff,8a4bb100096ffff,8b4bb100096efff,171,行動南區營運處,鳳山/高雄營運中心,
338,338+391.1,22.716188,120.3587,884bb10009fffff,894bb100097ffff,8a4bb1000947fff,8b4bb1000940fff,171,行動南區營運處,鳳山/高雄營運中心,
338,338+400.0,22.716109,120.3587,884bb10009fffff,894bb100097ffff,8a4bb1000947fff,8b4bb1000940fff,171,行動南區營運處,鳳山/高雄營運中心,
338,338+500.0,22.715219,120.3585,884bb10009fffff,894bb100097ffff,8a4bb100095ffff,8b4bb100095efff,171,行動南區營運處,鳳山/高雄營運中心,
338,338+600.0,22.714344,120.3583,884bb10009fffff,894bb100083ffff,8a4bb100082ffff,8b4bb1000828fff,171,行動南區營運處,鳳山/高雄營運中心,
338,338+700.0,22.713487,120.358,884bb10009fffff,894bb100083ffff,8a4bb1000807fff,8b4bb1000801fff,171,行動南區營運處,鳳山/高雄營運中心,
338,338+800.0,22.712656,120.3576,884bb10009fffff,894bb100083ffff,8a4bb100081ffff,8b4bb100081cfff,171,行動南區營運處,鳳山/高雄營運中心,
338,338+900.0,22.711853,120.3571,884bb10009fffff,894bb100083ffff,8a4bb10008affff,8b4bb10008adfff,171,行動南區營運處,鳳山/高雄營運中心,
339,339+000.0,22.711085,120.3566,884bb10009fffff,894bb10008bffff,8a4bb10008affff,8b4bb10008aefff,172,行動南區營運處,鳳山/高雄營運中心,
339,339+100.0,22.710356,120.356,884bb10009fffff,894bb10008bffff,8a4bb1000887fff,8b4bb1000886fff,172,行動南區營運處,鳳山/高雄營運中心,
339,339+200.0,22.70967,120.3554,884bb10009fffff,894bb10008bffff,8a4bb1000897fff,8b4bb1000894fff,172,行動南區營運處,鳳山/高雄營運中心,
339,339+300.0,22.70903,120.3547,884bb1000dfffff,894bb1000d7ffff,8a4bb1000d4ffff,8b4bb1000d4bfff,172,行動南區營運處,鳳山/高雄營運中心,
339,339+400.0,22.708442,120.354,884bb1000dfffff,894bb1000d7ffff,8a4bb1000d5ffff,8b4bb1000d59fff,172,行動南區營運處,鳳山/高雄營運中心,
339,339+500.0,22.707908,120.3532,884bb1000dfffff,894bb1000d7ffff,8a4bb1000c2ffff,8b4bb1000c2dfff,172,行動南區營運處,鳳山/高雄營運中心,
339,339+600.0,22.707432,120.3524,884bb1000dfffff,894bb1000c3ffff,8a4bb1000c2ffff,8b4bb1000c2efff,172,行動南區營運處,鳳山/高雄營運中心,
339,339+700.0,22.707016,120.3515,884bb1000dfffff,894bb1000c3ffff,8a4bb1000c27fff,8b4bb1000c22fff,172,行動南區營運處,鳳山/高雄營運中心,
339,339+800.0,22.706663,120.3506,884bb1000dfffff,894bb1000c3ffff,8a4bb1000c37fff,8b4bb1000c36fff,172,行動南區營運處,鳳山/高雄營運中心,
339,339+900.0,22.706374,120.3497,884bb1000dfffff,894bb1000dbffff,8a4bb1000daffff,8b4bb1000daafff,172,行動南區營運處,鳳山/高雄營運中心,
340,340+000.0,22.706152,120.3488,884bb1000dfffff,894bb1000dbffff,8a4bb1000d87fff,8b4bb1000d84fff,172,行動南區營運處,鳳山/高雄營運中心,
340,340+100.0,22.705998,120.3478,884bb1000dfffff,894bb1000dbffff,8a4bb1000db7fff,8b4bb1000db0fff,172,行動南區營運處,鳳山/高雄營運中心,
340,340+179.4,22.705925,120.347,884bb1006bfffff,894bb1006afffff,8a4bb1006aeffff,8b4bb1006ae9fff,172,行動南區營運處,鳳山/高雄營運中心,
340,340+200.0,22.705913,120.3468,884bb1006bfffff,894bb1006afffff,8a4bb1006aeffff,8b4bb1006ae9fff,172,行動南區營運處,鳳山/高雄營運中心,
340,340+300.0,22.705895,120.3459,884bb1006bfffff,894bb1006afffff,8a4bb1006ae7fff,8b4bb1006ae1fff,172,行動南區營運處,鳳山/高雄營運中心,
340,340+400.0,22.70592,120.3449,884bb1006bfffff,894bb1006afffff,8a4bb1006ae7fff,8b4bb1006ae6fff,172,行動南區營運處,鳳山/高雄營運中心,
340,340+479.4,22.705951,120.3441,884bb1006bfffff,894bb1006a3ffff,8a4bb1006a1ffff,8b4bb1006a18fff,172,行動南區營運處,鳳山/高雄營運中心,
340,340+500.0,22.705959,120.3439,884bb1006bfffff,894bb1006a3ffff,8a4bb1006a1ffff,8b4bb1006a18fff,172,行動南區營運處,鳳山/高雄營運中心,
340,340+600.0,22.705998,120.3429,884bb1006bfffff,894bb1006a3ffff,8a4bb1006a17fff,8b4bb1006a10fff,172,行動南區營運處,鳳山/高雄營運中心,
340,340+700.0,22.706038,120.342,884bb1006bfffff,894bb1006bbffff,8a4bb1006b8ffff,8b4bb1006b89fff,172,行動南區營運處,鳳山/高雄營運中心,
340,340+800.0,22.706077,120.341,884bb1006bfffff,894bb1006bbffff,8a4bb1006b87fff,8b4bb1006b81fff,172,行動南區營運處,鳳山/高雄營運中心,
340,340+900.0,22.706116,120.34,884bb1006bfffff,894bb1006bbffff,8a4bb1006b87fff,8b4bb1006b86fff,172,行動南區營運處,鳳山/高雄營運中心,
341,341+000.0,22.706156,120.339,884bb10069fffff,894bb1006bbffff,8a4bb1006bb7fff,8b4bb1006bb0fff,173,行動南區營運處,鳳山/高雄營運中心,
341,341+100.0,22.706195,120.3381,884bb10069fffff,894bb10068fffff,8a4bb10068effff,8b4bb10068e8fff,173,行動南區營運處,鳳山/高雄營運中心,
341,341+200.0,22.706234,120.3371,884bb10069fffff,894bb10068fffff,8a4bb10068e7fff,8b4bb10068e0fff,173,行動南區營運處,鳳山/高雄營運中心,
341,341+300.0,22.706274,120.3361,884bb10069fffff,894bb100683ffff,8a4bb100681ffff,8b4bb1006819fff,173,行動南區營運處,鳳山/高雄營運中心,
341,341+400.0,22.706313,120.3352,884bb10069fffff,894bb100683ffff,8a4bb100681ffff,8b4bb100681efff,173,行動南區營運處,鳳山/高雄營運中心,
341,341+500.0,22.706352,120.3342,884bb10069fffff,894bb100683ffff,8a4bb1006817fff,8b4bb1006816fff,173,行動南區營運處,鳳山/高雄營運中心,
341,341+600.0,22.706392,120.3332,884bb10069fffff,894bb10069bffff,8a4bb100698ffff,8b4bb1006988fff,173,行動南區營運處,鳳山/高雄營運中心,
341,341+698.2,22.706431,120.3323,884bb10069fffff,894bb10069bffff,8a4bb1006987fff,8b4bb1006983fff,173,行動南區營運處,鳳山/高雄營運中心,
341,341+700.0,22.706431,120.3322,884bb10069fffff,894bb10069bffff,8a4bb1006987fff,8b4bb1006980fff,173,行動南區營運處,鳳山/高雄營運中心,
341,341+728.2,22.706441,120.332,884bb10069fffff,894bb10069bffff,8a4bb1006987fff,8b4bb1006980fff,173,行動南區營運處,鳳山/高雄營運中心,
341,341+794.4,22.706457,120.3313,884bb10069fffff,894bb10069bffff,8a4bb10069b7fff,8b4bb10069b1fff,173,行動南區營運處,鳳山/高雄營運中心,
341,341+800.0,22.706457,120.3313,884bb10069fffff,894bb10069bffff,8a4bb10069b7fff,8b4bb10069b3fff,173,行動南區營運處,鳳山/高雄營運中心,
341,341+854.4,22.70646,120.3307,884bb10317fffff,894bb10069bffff,8a4bb10069b7fff,8b4bb10069b0fff,173,行動南區營運處,鳳山/高雄營運中心,
341,341+900.0,22.706468,120.3303,884bb10317fffff,894bb10316fffff,8a4bb10069b7fff,8b4bb10069b6fff,173,行動南區營運處,鳳山/高雄營運中心,
341,341+920.7,22.706474,120.3301,884bb10317fffff,894bb10316fffff,8a4bb10316effff,8b4bb10316ebfff,173,行動南區營運處,鳳山/高雄營運中心,
341,341+950.7,22.706486,120.3298,884bb10317fffff,894bb10316fffff,8a4bb10316effff,8b4bb10316ebfff,173,行動南區營運處,鳳山/高雄營運中心,
342,342+000.0,22.706505,120.3293,884bb10317fffff,894bb10316fffff,8a4bb10316effff,8b4bb10316eefff,173,行動南區營運處,鳳山/高雄營運中心,
342,342+030.2,22.706517,120.329,884bb10317fffff,894bb10316fffff,8a4bb10316effff,8b4bb10316eefff,173,行動南區營運處,鳳山/高雄營運中心,
342,342+100.0,22.706541,120.3283,884bb10317fffff,894bb10316fffff,8a4bb10316e7fff,8b4bb10316e0fff,173,行動南區營運處,鳳山/高雄營運中心,
342,342+180.2,22.706527,120.3276,884bb10317fffff,894bb103163ffff,8a4bb103161ffff,8b4bb103161bfff,173,行動南區營運處,鳳山/高雄營運中心,
342,342+200.0,22.706509,120.3274,884bb10317fffff,894bb103163ffff,8a4bb103161ffff,8b4bb103161bfff,173,行動南區營運處,鳳山/高雄營運中心,
342,342+300.0,22.706336,120.3264,884bb10317fffff,894bb103163ffff,8a4bb10316affff,8b4bb1031613fff,173,行動南區營運處,鳳山/高雄營運中心,
342,342+400.0,22.70602,120.3255,884bb10317fffff,894bb10316bffff,8a4bb10316a7fff,8b4bb10316a1fff,173,行動南區營運處,鳳山/高雄營運中心,
342,342+500.0,22.70557,120.3247,884bb10317fffff,894bb10316bffff,8a4bb10316a7fff,8b4bb10316a6fff,173,行動南區營運處,鳳山/高雄營運中心,
342,342+600.0,22.705,120.3239,884bb10317fffff,894bb1033b7ffff,8a4bb10316b7fff,8b4bb1033b69fff,173,行動南區營運處,鳳山/高雄營運中心,
342,342+673.1,22.704514,120.3234,884bb1033bfffff,894bb1033b7ffff,8a4bb1033b6ffff,8b4bb1033b6bfff,173,行動南區營運處,鳳山/高雄營運中心,
342,342+700.0,22.704323,120.3233,884bb1033bfffff,894bb1033b7ffff,8a4bb1033b4ffff,8b4bb1033b4cfff,173,行動南區營運處,鳳山/高雄營運中心,
342,342+800.0,22.703572,120.3227,884bb1033bfffff,894bb1033b7ffff,8a4bb1033b47fff,8b4bb1033b43fff,173,行動南區營運處,鳳山/高雄營運中心,
342,342+823.1,22.703395,120.3226,884bb1033bfffff,894bb1033b7ffff,8a4bb1033b5ffff,8b4bb1033b5cfff,173,行動南區營運處,鳳山/高雄營運中心,
342,342+900.0,22.702806,120.3222,884bb1033bfffff,894bb1033b7ffff,8a4bb1033b57fff,8b4bb1033b53fff,173,行動南區營運處,鳳山/高雄營運中心,
343,343+000.0,22.702042,120.3217,884bb1033bfffff,894bb1033a3ffff,8a4bb1033a2ffff,8b4bb1033a2efff,174,行動南區營運處,鳳山/高雄營運中心,
343,343+100.0,22.701277,120.3212,884bb1033bfffff,894bb1033a3ffff,8a4bb1033a07fff,8b4bb1033a04fff,174,行動南區營運處,鳳山/高雄營運中心,
343,343+109.5,22.701204,120.3211,884bb1033bfffff,894bb1033a3ffff,8a4bb1033a07fff,8b4bb1033a04fff,174,行動南區營運處,鳳山/高雄營運中心,
343,343+199.5,22.700522,120.3207,884bb1033bfffff,894bb1033a3ffff,8a4bb1033a17fff,8b4bb1033a15fff,174,行動南區營運處,鳳山/高雄營運中心,
343,343+200.0,22.700519,120.3207,884bb1033bfffff,894bb1033a3ffff,8a4bb1033a17fff,8b4bb1033a15fff,174,行動南區營運處,鳳山/高雄營運中心,
343,343+300.0,22.699803,120.3201,884bb1033bfffff,894bb1033abffff,8a4bb1033aa7fff,8b4bb1033aa5fff,174,行動南區營運處,鳳山/高雄營運中心,
343,343+310.7,22.69973,120.32,884bb1033bfffff,894bb1033abffff,8a4bb1033aa7fff,8b4bb1033aa5fff,174,行動南區營運處,鳳山/高雄營運中心,
343,343+400.0,22.699139,120.3194,884bb1033bfffff,894bb1033abffff,8a4bb1033aa7fff,8b4bb1033aa6fff,174,行動南區營運處,鳳山/高雄營運中心,
343,343+400.7,22.699134,120.3194,884bb1033bfffff,894bb1033abffff,8a4bb1033aa7fff,8b4bb1033aa6fff,174,行動南區營運處,鳳山/高雄營運中心,
343,343+500.0,22.698486,120.3187,884bb1033bfffff,894bb1033abffff,8a4bb1033ab7fff,8b4bb1033ab4fff,174,行動南區營運處,鳳山/高雄營運中心,
343,343+600.0,22.697833,120.3181,884bb10331fffff,894bb103317ffff,8a4bb103316ffff,8b4bb103316afff,174,行動南區營運處,鳳山/高雄營運中心,
343,343+700.0,22.697179,120.3174,884bb10331fffff,894bb103317ffff,8a4bb1033147fff,8b4bb1033143fff,174,行動南區營運處,鳳山/高雄營運中心,
343,343+800.0,22.696526,120.3167,884bb10331fffff,894bb103317ffff,8a4bb1033157fff,8b4bb1033151fff,174,行動南區營運處,鳳山/高雄營運中心,
343,343+900.0,22.695873,120.316,884bb10331fffff,894bb103303ffff,8a4bb1033027fff,8b4bb1033025fff,174,行動南區營運處,鳳山/高雄營運中心,
344,344+000.0,22.695219,120.3154,884bb10331fffff,894bb103303ffff,8a4bb1033027fff,8b4bb1033026fff,174,行動南區營運處,鳳山/高雄營運中心,
344,344+100.0,22.694565,120.3147,884bb10331fffff,894bb103303ffff,8a4bb1033037fff,8b4bb1033034fff,174,行動南區營運處,鳳山/高雄營運中心,
344,344+200.0,22.693912,120.314,884bb10331fffff,894bb10331bffff,8a4bb103318ffff,8b4bb103318cfff,174,行動南區營運處,鳳山/高雄營運中心,
344,344+300.0,22.693258,120.3134,884bb10331fffff,894bb10331bffff,8a4bb1033187fff,8b4bb1033183fff,174,行動南區營運處,鳳山/高雄營運中心,
344,344+400.0,22.692605,120.3127,884bb10331fffff,894bb10331bffff,8a4bb1033197fff,8b4bb1033191fff,174,行動南區營運處,鳳山/高雄營運中心,
344,344+500.0,22.691951,120.312,884bb10335fffff,894bb103357ffff,8a4bb1033567fff,8b4bb1033561fff,174,行動南區營運處,鳳山/高雄營運中心,
344,344+600.0,22.691298,120.3113,884bb10335fffff,894bb103357ffff,8a4bb1033567fff,8b4bb1033562fff,174,行動南區營運處,鳳山/高雄營運中心,
344,344+700.0,22.690645,120.3107,884bb10335fffff,894bb103357ffff,8a4bb1033577fff,8b4bb1033570fff,174,行動南區營運處,鳳山/高雄營運中心,
344,344+800.0,22.689991,120.31,884bb10335fffff,894bb103353ffff,8a4bb103350ffff,8b4bb1033508fff,174,行動南區營運處,鳳山/高雄營運中心,
344,344+900.0,22.689338,120.3093,884bb10335fffff,894bb103353ffff,8a4bb103351ffff,8b4bb103351dfff,174,行動南區營運處,鳳山/高雄營運中心,
345,345+000.0,22.688685,120.3087,884bb10335fffff,894bb103353ffff,8a4bb103351ffff,8b4bb103351efff,175,行動南區營運處,鳳山/高雄營運中心,
345,345+100.0,22.688031,120.308,884bb10335fffff,894bb10335bffff,8a4bb10335affff,8b4bb10335acfff,175,行動南區營運處,鳳山/高雄營運中心,
345,345+200.0,22.687378,120.3073,884bb10335fffff,894bb10335bffff,8a4bb1033587fff,8b4bb1033584fff,175,行動南區營運處,鳳山/高雄營運中心,
345,345+300.0,22.686725,120.3066,884bb10335fffff,894bb10335bffff,8a4bb10335b7fff,8b4bb10335b3fff,175,行動南區營運處,鳳山/高雄營運中心,
345,345+400.0,22.686071,120.306,884bb10323fffff,894bb10322fffff,8a4bb10322cffff,8b4bb10322c9fff,175,行動南區營運處,鳳山/高雄營運中心,
345,345+500.0,22.685418,120.3053,884bb10323fffff,894bb10322fffff,8a4bb10322dffff,8b4bb10322ddfff,175,行動南區營運處,鳳山/高雄營運中心,
345,345+600.0,22.684764,120.3046,884bb10149fffff,894bb10322fffff,8a4bb10322dffff,8b4bb10322dafff,175,行動南區營運處,鳳山/高雄營運中心,
345,345+700.0,22.68411,120.3039,884bb10149fffff,894bb101493ffff,8a4bb101492ffff,8b4bb101492efff,175,行動南區營運處,鳳山/高雄營運中心,
345,345+800.0,22.683457,120.3033,884bb10149fffff,894bb101493ffff,8a4bb1014907fff,8b4bb1014904fff,175,行動南區營運處,鳳山/高雄營運中心,
345,345+900.0,22.682804,120.3026,884bb10149fffff,894bb101493ffff,8a4bb1014917fff,8b4bb1014933fff,175,行動南區營運處,鳳山/高雄營運中心,
346,346+000.0,22.68215,120.3019,884bb10149fffff,894bb103267ffff,8a4bb103264ffff,8b4bb103264bfff,175,行動南區營運處,鳳山/高雄營運中心,
346,346+100.0,22.681497,120.3013,884bb10327fffff,894bb103267ffff,8a4bb103265ffff,8b4bb1032659fff,175,行動南區營運處,鳳山/高雄營運中心,
346,346+200.0,22.680844,120.3006,884bb10327fffff,894bb103267ffff,8a4bb103265ffff,8b4bb103265afff,175,行動南區營運處,鳳山/高雄營運中心,
346,346+300.0,22.68019,120.2999,884bb10327fffff,894bb10326fffff,8a4bb10326effff,8b4bb10326eafff,175,行動南區營運處,鳳山/高雄營運中心,
346,346+400.0,22.679537,120.2992,884bb10327fffff,894bb10326fffff,8a4bb10326c7fff,8b4bb10326c0fff,175,行動南區營運處,鳳山/高雄營運中心,
346,346+500.0,22.678883,120.2986,884bb10327fffff,894bb10326fffff,8a4bb10326d7fff,8b4bb10326d5fff,175,行動南區營運處,鳳山/高雄營運中心,
